ProductId,Year,Month,Units,Avg,Max,Min,Count,UnitPrice,Lag1,Lag3,Lag12,RollingMean3,RollingMean6,Next
9,2011,1,613,36.058823,127,2,17,1.0838726,411,0,0,512,512,272
9,2011,2,272,27.2,200,1,10,1.6723334,613,0,0,432,432,118
9,2011,3,118,13.111111,60,1,9,1.2922223,272,411,0,334.33334,353.5,30
9,2011,4,30,7.5,14,3,4,1.25,118,613,0,140,288.8,13
9,2011,5,13,4.3333335,6,2,3,1.6533333,30,272,0,53.666668,242.83333,55
9,2011,6,55,6.875,20,1,8,1.25,13,118,0,32.666668,183.5,177
9,2011,7,177,19.666666,100,1,9,1.25,55,30,0,81.666664,110.833336,152
9,2011,8,152,38,100,2,4,1.2025,177,13,0,128,90.833336,70
9,2011,9,70,7.7777777,20,1,9,1.7205555,152,55,0,133,82.833336,70
9,2011,10,70,7,21,1,10,1.7945,70,177,0,97.333336,89.5,181
9,2011,11,181,11.3125,36,1,16,1.6445312,70,152,0,107,117.5,69
10,2011,1,33,16.5,32,1,2,2.525,74,0,0,53.5,53.5,26
10,2011,2,26,13,16,10,2,2.49,33,0,0,44.333332,44.333332,52
10,2011,3,52,10.4,32,1,5,2.33,26,74,0,37,46.25,36
10,2011,4,36,9,16,1,4,1.69,52,33,0,38,44.2,96
10,2011,5,96,24,32,16,4,1.69,36,26,0,61.333332,52.833332,201
10,2011,6,201,22.333334,87,1,9,1.4988889,96,52,0,111,74,236
10,2011,7,236,15.733334,33,2,15,1.0593333,201,36,0,177.66667,107.833336,499
10,2011,8,499,83.166664,384,1,6,1.8166667,236,96,0,312,186.66667,96
10,2011,9,96,12,32,1,8,1.89,499,201,0,277,194,116
10,2011,10,116,11.6,48,1,10,2.49,96,236,0,237,207.33333,128
10,2011,11,128,11.636364,32,2,11,2.3445454,116,499,0,113.333336,212.66667,22
12,2011,1,177,29.5,168,1,6,0.7216667,45,0,0,111,111,80
12,2011,2,80,20,48,2,4,0.485,177,0,0,100.666664,100.666664,123
12,2011,3,123,24.6,48,3,5,0.278,80,45,0,126.666664,106.25,541
12,2011,4,541,77.28571,240,12,7,0.17928572,123,177,0,248,193.2,827
12,2011,5,827,75.181816,305,12,11,0.23409091,541,80,0,497,298.83334,1621
12,2011,6,1621,162.1,1248,1,10,0.1985,827,123,0,996.3333,561.5,212
12,2011,7,212,26.5,96,1,8,0.3125,1621,541,0,886.6667,567.3333,205
12,2011,8,205,22.777779,50,7,9,0.44666666,212,827,0,679.3333,588.1667,394
12,2011,9,394,32.833332,168,3,12,0.22625,205,1621,0,270.33334,633.3333,1791
12,2011,10,1791,223.875,1200,1,8,0.346875,394,212,0,796.6667,841.6667,573
12,2011,11,573,35.8125,312,1,16,0.4275,1791,205,0,919.3333,799.3333,2
13,2011,1,977,61.0625,649,1,16,1.0111042,161,0,0,569,569,2260
13,2011,2,2260,125.55556,1212,1,18,1.0290741,977,0,0,1132.6666,1132.6666,3104
13,2011,3,3104,163.36842,1212,1,19,1.0835439,2260,161,0,2113.6667,1625.5,1966
13,2011,4,1966,115.64706,684,1,17,0.9447941,3104,977,0,2443.3333,1693.6,4684
13,2011,5,4684,195.16667,939,12,24,0.9761111,1966,2260,0,3251.3333,2192,3346
13,2011,6,3346,133.84,1026,1,25,1.0802114,4684,3104,0,3332,2722.8333,3486
13,2011,7,3486,174.3,1846,3,20,1.0743333,3346,1966,0,3838.6667,3141,1427
13,2011,8,1427,75.10526,745,3,19,1.0320615,3486,4684,0,2753,3002.1667,487
13,2011,9,487,30.4375,126,2,16,1.0772916,1427,3346,0,1800,2566,1255
13,2011,10,1255,66.052635,601,4,19,1.0937719,487,3486,0,1056.3334,2447.5,604
13,2011,11,604,28.761906,113,1,21,1.2046032,1255,1427,0,782,1767.5,69
14,2011,1,54,13.5,30,4,4,1.25125,20,0,0,37,37,11
14,2011,2,11,2.2,4,1,5,1.63,54,0,0,28.333334,28.333334,32
14,2011,3,32,4,17,1,8,1.435,11,20,0,32.333332,29.25,55
14,2011,4,55,7.857143,25,1,7,1.0171429,32,54,0,32.666668,34.4,605
14,2011,5,605,50.416668,300,1,12,0.9533333,55,11,0,230.66667,129.5,470
14,2011,6,470,33.57143,254,1,14,1.2564286,605,32,0,376.66666,204.5,241
14,2011,7,241,26.777779,105,1,9,1.3122222,470,55,0,438.66666,235.66667,152
14,2011,8,152,15.2,82,1,10,1.11,241,605,0,287.66666,259.16666,61
14,2011,9,61,7.625,48,1,8,1.045,152,470,0,151.33333,264,134
14,2011,10,134,22.333334,52,1,6,1.4083333,61,241,0,115.666664,277.16666,209
14,2011,11,209,16.076923,84,1,13,1.28,134,152,0,134.66667,211.16667,47
15,2011,1,20,6.6666665,18,1,3,2.95,6,0,0,13,13,13
15,2011,2,13,3.25,7,1,4,3.66,20,0,0,13,13,95
15,2011,3,95,9.5,50,1,10,3.478,13,6,0,42.666668,33.5,42
15,2011,4,42,5.25,8,2,8,3.4233334,95,20,0,50,35.2,73
15,2011,5,73,5.6153846,18,1,13,3.787436,42,13,0,70,41.5,63
15,2011,6,63,4.5,9,1,14,3.4571428,73,95,0,59.333332,51,53
15,2011,7,53,7.571429,14,1,7,3.7614286,63,42,0,63,56.5,27
15,2011,8,27,4.5,7,1,6,4.133333,53,73,0,47.666668,58.833332,32
15,2011,9,32,6.4,18,1,5,4.086,27,63,0,37.333332,48.333332,3
15,2011,10,3,3,3,3,1,2.95,32,53,0,20.666666,41.833332,34
15,2011,11,34,4.25,18,1,8,3.66,3,27,0,23,35.333332,3
17,2011,1,7,3.5,5,2,2,5.79,10,0,0,8.5,8.5,8
17,2011,2,8,4,6,2,2,2.95,7,0,0,8.333333,8.333333,82
17,2011,3,82,11.714286,51,1,7,3.9357142,8,10,0,32.333332,26.75,16
17,2011,4,16,2.6666667,7,1,6,4.37,82,7,0,35.333332,24.6,35
17,2011,5,35,3.8888888,9,1,9,3.6862962,16,8,0,44.333332,26.333334,44
17,2011,6,44,3.6666667,8,1,12,3.66,35,82,0,31.666666,32,40
17,2011,7,40,5.714286,14,1,7,4.167143,44,16,0,39.666668,37.5,16
17,2011,8,16,3.2,6,1,5,4.086,40,35,0,33.333332,38.833332,31
17,2011,9,31,5.1666665,12,1,6,3.4233334,16,44,0,29,30.333334,6
17,2011,10,6,2,4,1,3,3.8966668,31,40,0,17.666666,28.666666,17
17,2011,11,17,2.8333333,6,1,6,2.95,6,16,0,18,25.666666,2
18,2011,1,33,8.25,18,2,4,3.305,1,0,0,17,17,8
18,2011,2,8,4,6,2,2,4.37,33,0,0,14,14,133
18,2011,3,133,16.625,51,1,8,3.23,8,1,0,58,43.75,28
18,2011,4,28,3.1111112,7,1,9,3.1077778,133,33,0,56.333332,40.6,68
18,2011,5,68,6.8,21,1,10,3.1866667,28,8,0,76.333336,45.166668,35
18,2011,6,35,3.8888888,12,1,9,3.2655556,68,133,0,43.666668,50.833332,109
18,2011,7,109,13.625,70,1,8,2.9,35,28,0,70.666664,63.5,25
18,2011,8,25,6.25,18,1,4,4.37,109,68,0,56.333332,66.333336,101
18,2011,9,101,16.833334,75,1,6,2.9166667,25,35,0,78.333336,61,78
18,2011,10,78,26,72,1,3,2.8166666,101,109,0,68,69.333336,24
18,2011,11,24,3.4285715,7,1,7,3.152857,78,25,0,67.666664,62,2
19,2011,1,3,1,1,1,3,12.46,11,0,0,7,7,8
19,2011,2,8,1.3333334,3,1,6,12.46,3,0,0,7.3333335,7.3333335,3
19,2011,3,3,1,1,1,3,12.46,8,11,0,4.6666665,6.25,5
19,2011,4,5,2.5,3,2,2,12.46,3,3,0,5.3333335,6,9
19,2011,5,9,3,5,1,3,12.46,5,8,0,5.6666665,6.5,11
19,2011,6,11,2.2,4,1,5,12.46,9,3,0,8.333333,6.5,2
19,2011,7,2,2,2,2,1,12.46,11,5,0,7.3333335,6.3333335,10
19,2011,8,10,2.5,4,1,4,12.46,2,9,0,7.6666665,6.6666665,8
19,2011,9,8,1.6,2,1,5,12.46,10,11,0,6.6666665,7.5,5
19,2011,10,5,1.6666666,3,1,3,12.46,8,2,0,7.6666665,7.5,7
19,2011,11,7,1.4,2,1,5,12.46,5,10,0,6.6666665,7.1666665,5
20,2011,1,193,12.0625,72,1,16,6.67,194,0,0,193.5,193.5,115
20,2011,2,115,8.214286,51,1,14,5.95,193,0,0,167.33333,167.33333,122
20,2011,3,122,12.2,36,1,10,5.95,115,194,0,143.33333,156,91
20,2011,4,91,7.5833335,25,1,12,6.22125,122,193,0,109.333336,143,198
20,2011,5,198,14.142858,63,1,14,6.617857,91,115,0,137,152.16667,144
20,2011,6,144,9,33,1,16,6.6804166,198,122,0,144.33333,143.83333,515
20,2011,7,515,27.105263,120,1,19,5.7869473,144,91,0,285.66666,197.5,221
20,2011,8,221,13,60,1,17,6.058235,515,198,0,293.33334,215.16667,261
20,2011,9,261,12.428572,62,2,21,6.2092066,221,144,0,332.33334,238.33333,549
20,2011,10,549,28.894737,183,1,19,6.0226755,261,515,0,343.66666,314.66666,169
20,2011,11,169,8.894737,48,2,19,6.5255265,549,221,0,326.33334,309.83334,72
22,2011,1,139,8.176471,34,1,17,7.1835685,141,0,0,140,140,278
22,2011,2,278,13.9,128,1,20,6.48425,139,0,0,186,186,480
22,2011,3,480,21.818182,158,1,22,6.7828407,278,141,0,299,259.5,180
22,2011,4,180,10,60,1,18,6.4972224,480,139,0,312.66666,243.6,346
22,2011,5,346,20.352942,73,1,17,6.79701,180,278,0,335.33334,260.66666,398
22,2011,6,398,17.304348,124,1,23,7.3872027,346,480,0,308,303.5,700
22,2011,7,700,31.818182,128,1,22,7.633106,398,180,0,481.33334,397,420
22,2011,8,420,22.105263,63,1,19,6.591579,700,346,0,506,420.66666,351
22,2011,9,351,16.714285,66,1,21,6.6737857,420,398,0,490.33334,399.16666,275
22,2011,10,275,14.473684,65,1,19,6.655132,351,700,0,348.66666,415,162
22,2011,11,162,10.125,67,1,16,7.1942186,275,420,0,262.66666,384.33334,84
23,2011,1,2,1,1,1,2,12.46,5,0,0,3.5,3.5,1
23,2011,2,1,1,1,1,1,12.46,2,0,0,2.6666667,2.6666667,1
23,2011,3,1,1,1,1,1,12.46,1,5,0,1.3333334,2.25,2
23,2011,4,2,2,2,2,1,12.46,1,2,0,1.3333334,2.2,5
23,2011,5,5,2.5,4,1,2,12.46,2,1,0,2.6666667,2.6666667,5
23,2011,6,5,1.6666666,2,1,3,12.46,5,1,0,4,2.6666667,3
23,2011,7,3,1,1,1,3,12.46,5,2,0,4.3333335,2.8333333,5
23,2011,8,5,2.5,4,1,2,12.46,3,5,0,4.3333335,3.5,1
23,2011,9,1,1,1,1,1,12.46,5,5,0,3,3.5,1
23,2011,10,1,1,1,1,1,12.46,1,3,0,2.3333333,3.3333333,1
23,2011,11,1,1,1,1,1,12.46,1,5,0,1,2.6666667,1
24,2011,1,16,2.6666667,4,1,6,7.035,73,0,0,44.5,44.5,25
24,2011,2,25,3.5714285,7,1,7,5.95,16,0,0,38,38,37
24,2011,3,37,4.625,12,1,8,6.76375,25,73,0,26,37.75,96
24,2011,4,96,9.6,60,1,10,6.501,37,16,0,52.666668,49.4,77
24,2011,5,77,11,60,1,7,6.737143,96,25,0,70,54,28
24,2011,6,28,4,9,1,7,5.95,77,37,0,67,46.5,144
24,2011,7,144,11.076923,72,1,13,6.058077,28,96,0,83,67.833336,79
24,2011,8,79,8.777778,51,1,9,5.95,144,77,0,83.666664,76.833336,48
24,2011,9,48,3.4285715,12,1,14,5.95,79,28,0,90.333336,78.666664,49
24,2011,10,49,4.9,29,1,10,5.9166665,48,144,0,58.666668,70.833336,87
24,2011,11,87,6.214286,49,1,14,6.728036,49,79,0,61.333332,72.5,19
32,2011,1,191,47.75,120,23,4,0.21,94,0,0,142.5,142.5,96
32,2011,2,96,48,48,48,2,0.21,191,0,0,127,127,147
32,2011,3,147,49,120,3,3,0.21,96,94,0,144.66667,132,195
32,2011,4,195,65,168,2,3,0.21,147,191,0,146,144.6,64
32,2011,5,64,32,40,24,2,0.21,195,96,0,135.33333,131.16667,54
32,2011,6,54,27,50,4,2,0.21,64,147,0,104.333336,124.5,189
32,2011,7,189,47.25,129,12,4,0.21,54,195,0,102.333336,124.166664,192
32,2011,8,192,38.4,48,24,5,0.21,189,64,0,145,140.16667,48
32,2011,9,48,24,24,24,2,0.21,192,54,0,143,123.666664,119
32,2011,10,119,29.75,88,1,4,0.21,48,189,0,119.666664,111,359
32,2011,11,359,39.88889,96,23,9,0.21,119,192,0,175.33333,160.16667,25
34,2011,1,10,10,10,10,1,0.42,1029,0,0,519.5,519.5,1501
34,2011,2,1501,750.5,1500,1,2,0.37,10,0,0,846.6667,846.6667,1060
34,2011,3,1060,530,1000,60,2,0.37,1501,1029,0,857,900,23
34,2011,4,23,7.6666665,10,3,3,0.42,1060,10,0,861.3333,724.6,2771
34,2011,5,2771,395.85715,2001,20,7,0.39857143,23,1501,0,1284.6666,1065.6666,32
34,2011,6,32,16,20,12,2,0.37,2771,1060,0,942,899.5,60
34,2011,7,60,20,20,20,3,0.42,32,23,0,954.3333,907.8333,2065
34,2011,8,2065,344.16666,2004,1,6,0.41166666,60,2771,0,719,1001.8333,1061
34,2011,9,1061,212.2,1000,1,5,0.4,2065,32,0,1062,1002,40
34,2011,10,40,13.333333,20,10,3,0.42,1061,60,0,1055.3334,1004.8333,3606
34,2011,11,3606,515.1429,3020,1,7,0.39857143,40,2065,0,1569,1144,70
36,2011,1,40,13.333333,20,10,3,0.85,28,0,0,34,34,323
36,2011,2,323,80.75,210,1,4,0.83375,40,0,0,130.33333,130.33333,70
36,2011,3,70,35,60,10,2,0.85,323,28,0,144.33333,115.25,133
36,2011,4,133,26.6,100,3,5,0.85,70,40,0,175.33333,118.8,122
36,2011,5,122,24.4,50,10,5,0.85,133,323,0,108.333336,119.333336,110
36,2011,6,110,22,60,10,5,0.824,122,70,0,121.666664,133,72
36,2011,7,72,12,30,2,6,0.85,110,133,0,101.333336,138.33333,65
36,2011,8,65,10.833333,30,1,6,0.85,72,122,0,82.333336,95.333336,50
36,2011,9,50,12.5,20,10,4,0.85,65,110,0,62.333332,92,40
36,2011,10,40,10,10,10,4,0.85,50,72,0,51.666668,76.5,140
36,2011,11,140,20,50,10,7,0.85,40,65,0,76.666664,79.5,80
42,2011,1,1,1,1,1,1,0.85,27,0,0,14,14,2
42,2011,2,2,1,1,1,2,0.83,1,0,0,10,10,192
42,2011,3,192,96,96,96,2,0.12,2,27,0,65,55.5,100
42,2011,4,100,50,96,4,2,0.475,192,1,0,98,64.4,24
42,2011,5,24,24,24,24,1,0.42,100,2,0,105.333336,57.666668,288
42,2011,6,288,72,144,24,4,0.12,24,192,0,137.33333,101.166664,149
42,2011,7,149,21.285715,50,1,7,0.2552381,288,100,0,153.66667,125.833336,194
42,2011,8,194,24.25,48,1,8,0.253125,149,24,0,210.33333,157.83333,145
42,2011,9,145,29,48,1,5,0.262,194,288,0,162.66667,150,211
42,2011,10,211,26.375,72,1,8,0.20875,145,149,0,183.33333,168.5,126
42,2011,11,126,14,25,1,9,0.3172222,211,194,0,160.66667,185.5,2
48,2011,1,350,35,75,25,10,0.42,225,0,0,287.5,287.5,275
48,2011,2,275,39.285713,75,25,7,0.42,350,0,0,283.33334,283.33334,725
48,2011,3,725,45.3125,100,25,16,0.405,275,225,0,450,393.75,775
48,2011,4,775,86.111115,475,25,9,0.41777778,725,350,0,591.6667,470,675
48,2011,5,675,56.25,225,25,12,0.41666666,775,275,0,725,504.16666,275
48,2011,6,275,34.375,75,25,8,0.42,675,725,0,575,512.5,350
48,2011,7,350,50,200,25,7,0.42,275,775,0,433.33334,512.5,200
48,2011,8,200,28.571428,50,25,7,0.42,350,675,0,275,500,475
48,2011,9,475,33.92857,75,25,14,0.42,200,275,0,341.66666,458.33334,900
48,2011,10,900,100,625,25,9,0.41666666,475,350,0,525,479.16666,475
48,2011,11,475,39.583332,75,25,12,0.4175,900,200,0,616.6667,445.83334,100
51,2011,1,451,32.214287,76,25,14,0.42,50,0,0,250.5,250.5,400
51,2011,2,400,36.363636,75,25,11,0.42,451,0,0,300.33334,300.33334,525
51,2011,3,525,35,50,25,15,0.42,400,50,0,458.66666,356.5,700
51,2011,4,700,41.17647,75,25,17,0.42,525,451,0,541.6667,425.2,400
51,2011,5,400,33.333332,50,25,12,0.42,700,400,0,541.6667,421,1150
51,2011,6,1150,71.875,450,25,16,0.41833332,400,525,0,750,604.3333,750
51,2011,7,750,41.666668,125,25,18,0.42,1150,700,0,766.6667,654.1667,625
51,2011,8,625,48.076923,125,25,13,0.42,750,400,0,841.6667,691.6667,475
51,2011,9,475,36.53846,100,25,13,0.42,625,1150,0,616.6667,683.3333,1025
51,2011,10,1025,56.944443,175,25,18,0.42,475,750,0,708.3333,737.5,525
51,2011,11,525,58.333332,250,25,9,0.41777778,1025,625,0,675,758.3333,150
52,2011,1,300,33.333332,50,25,9,0.42,100,0,0,200,200,300
52,2011,2,300,37.5,75,25,8,0.42,300,0,0,233.33333,233.33333,325
52,2011,3,325,29.545454,50,25,11,0.42,300,100,0,308.33334,256.25,175
52,2011,4,175,43.75,50,25,4,0.42,325,300,0,266.66666,240,475
52,2011,5,475,33.92857,75,25,14,0.42,175,300,0,325,279.16666,200
52,2011,6,200,28.571428,50,25,7,0.42,475,325,0,283.33334,295.83334,325
52,2011,7,325,32.5,50,25,10,0.42,200,175,0,333.33334,300,350
52,2011,8,350,31.818182,50,25,11,0.42,325,475,0,291.66666,308.33334,325
52,2011,9,325,40.625,100,25,8,0.42,350,200,0,333.33334,308.33334,850
52,2011,10,850,94.44444,450,25,9,0.41777778,325,325,0,508.33334,420.83334,300
52,2011,11,300,33.333332,75,25,9,0.42,850,350,0,491.66666,391.66666,50
71,2011,1,219,24.333334,60,1,9,0.3172222,154,0,0,186.5,186.5,684
71,2011,2,684,85.5,600,2,8,0.335,219,0,0,352.33334,352.33334,303
71,2011,3,303,21.642857,60,2,14,0.2675,684,154,0,402,340,96
71,2011,4,96,13.714286,30,4,7,0.36,303,219,0,361,291.2,235
71,2011,5,235,39.166668,83,1,6,0.315,96,684,0,211.33333,281.83334,75
71,2011,6,75,10.714286,28,2,7,0.285,235,303,0,135.33333,268.66666,574
71,2011,7,574,63.77778,240,2,9,0.27444443,75,96,0,294.66666,327.83334,189
71,2011,8,189,27,80,1,7,0.3,574,235,0,279.33334,245.33333,93
71,2011,9,93,13.285714,60,2,7,0.33,189,75,0,285.33334,210.33333,198
71,2011,10,198,19.8,60,1,10,0.252,93,574,0,160,227.33333,228
71,2011,11,228,13.411765,80,1,17,0.32405883,198,189,0,173,226.16667,56
72,2011,1,122,15.25,57,1,8,0.329375,58,0,0,90,90,19
72,2011,2,19,4.75,8,1,4,0.3675,122,0,0,66.333336,66.333336,101
72,2011,3,101,16.833334,57,1,6,0.25666666,19,58,0,80.666664,75,98
72,2011,4,98,24.5,41,1,4,0.2625,101,122,0,72.666664,79.6,197
72,2011,5,197,24.625,54,1,8,0.249375,98,19,0,132,99.166664,7
72,2011,6,7,3.5,6,1,2,0.42,197,101,0,100.666664,90.666664,231
72,2011,7,231,23.1,112,1,10,0.268,7,98,0,145,108.833336,63
72,2011,8,63,10.5,28,1,6,0.35,231,197,0,100.333336,116.166664,95
72,2011,9,95,15.833333,30,1,6,0.28,63,7,0,129.66667,115.166664,141
72,2011,10,141,8.294118,28,1,17,0.2902941,95,231,0,99.666664,122.333336,260
72,2011,11,260,16.25,85,1,16,0.3303125,141,63,0,165.33333,132.83333,46
73,2011,1,453,37.75,120,1,12,0.31215277,615,0,0,534,534,200
73,2011,2,200,16.666666,45,1,12,0.32666665,453,0,0,422.66666,422.66666,560
73,2011,3,560,43.076923,180,1,13,0.24788462,200,615,0,404.33334,457,196
73,2011,4,196,21.777779,64,1,9,0.29944444,560,453,0,318.66666,404.8,287
73,2011,5,287,20.5,43,2,14,0.275,196,200,0,347.66666,385.16666,270
73,2011,6,270,19.285715,91,1,14,0.3182143,287,560,0,251,327.66666,370
73,2011,7,370,24.666666,91,1,15,0.31583333,270,196,0,309,313.83334,266
73,2011,8,266,26.6,60,1,10,0.273,370,287,0,302,324.83334,333
73,2011,9,333,22.2,90,1,15,0.27666667,266,270,0,323,287,293
73,2011,10,293,20.928572,92,1,14,0.27321428,333,370,0,297.33334,303.16666,928
73,2011,11,928,42.18182,265,1,22,0.28842172,293,266,0,518,410,223
74,2011,1,58,14.5,28,1,4,0.3175,86,0,0,72,72,54
74,2011,2,54,9,28,1,6,0.35,58,0,0,66,66,95
74,2011,3,95,15.833333,56,1,6,0.2975,54,86,0,69,73.25,180
74,2011,4,180,20,56,1,9,0.29166666,95,58,0,109.666664,94.6,115
74,2011,5,115,23,28,3,5,0.21,180,54,0,130,98,28
74,2011,6,28,4,6,1,7,0.33,115,95,0,107.666664,88.333336,209
74,2011,7,209,26.125,113,1,8,0.285625,28,180,0,117.333336,113.5,146
74,2011,8,146,20.857143,31,1,7,0.27,209,115,0,127.666664,128.83333,89
74,2011,9,89,17.8,28,2,5,0.294,146,28,0,148,127.833336,99
74,2011,10,99,8.25,56,1,12,0.3325,89,209,0,111.333336,114.333336,178
74,2011,11,178,11.125,56,1,16,0.3346875,99,146,0,122,124.833336,61
81,2011,1,3181,318.1,1440,2,10,0.251,1151,0,0,2166,2166,398
81,2011,2,398,56.857143,144,36,7,0.28333333,3181,0,0,1576.6666,1576.6666,3396
81,2011,3,3396,308.72726,756,12,11,0.27727273,398,1151,0,2325,2031.5,510
81,2011,4,510,46.363636,144,1,11,0.3790909,3396,3181,0,1434.6666,1727.2,2209
81,2011,5,2209,184.08333,756,1,12,0.285,510,398,0,2038.3334,1807.5,2990
81,2011,6,2990,271.81818,756,14,11,0.29272726,2209,3396,0,1903,2114,1804
81,2011,7,1804,128.85715,724,1,14,0.30071428,2990,510,0,2334.3333,1884.5,1490
81,2011,8,1490,93.125,760,1,16,0.353125,1804,2209,0,2094.6667,2066.5,2159
81,2011,9,2159,166.07692,760,1,13,0.44692308,1490,2990,0,1817.6666,1860.3334,2400
81,2011,10,2400,171.42857,1476,27,14,0.39821428,2159,1804,0,2016.3334,2175.3333,1071
81,2011,11,1071,63,190,2,17,0.43019608,2400,1490,0,1876.6666,1985.6666,297
84,2011,1,16,2.2857144,7,1,7,2.487857,34,0,0,25,25,1
84,2011,2,1,1,1,1,1,2.46,16,0,0,17,17,14
84,2011,3,14,2.8,6,1,5,2.478,1,34,0,10.333333,16.25,3
84,2011,4,3,1,1,1,3,2.49,14,16,0,6,13.6,25
84,2011,5,25,12.5,24,1,2,1.655,3,1,0,14,15.5,29
84,2011,6,29,4.8333335,24,1,6,2.1916666,25,14,0,19,14.666667,22
84,2011,7,22,3.6666667,11,1,6,2.3258333,29,3,0,25.333334,15.666667,12
84,2011,8,12,3,8,1,4,2.0575,22,25,0,21,17.5,58
84,2011,9,58,14.5,24,1,4,1.2525,12,29,0,30.666666,24.833334,94
84,2011,10,94,11.75,24,1,8,0.85,58,22,0,54.666668,40,10
84,2011,11,10,5,6,4,2,0.85,94,12,0,54,37.5,5
86,2011,1,10,2.5,6,1,4,2.52,132,0,0,71,71,5
86,2011,2,5,1,1,1,5,2.478,10,0,0,49,49,19
86,2011,3,19,2.375,6,1,8,2.4825,5,132,0,11.333333,41.5,4
86,2011,4,4,1.3333334,2,1,3,2.52,19,10,0,9.333333,34,1
86,2011,5,1,1,1,1,1,2.46,4,5,0,8,28.5,30
86,2011,6,30,7.5,24,1,4,1.655,1,19,0,11.666667,11.5,18
86,2011,7,18,3,11,1,6,2.0575,30,4,0,16.333334,12.833333,6
86,2011,8,6,1.5,3,1,4,1.655,18,1,0,18,13,11
86,2011,9,11,2.75,8,1,4,1.2525,6,30,0,11.666667,11.666667,71
86,2011,10,71,7.888889,25,1,9,0.9394444,11,18,0,29.333334,22.833334,94
86,2011,11,94,11.75,27,1,8,1.353125,71,6,0,58.666668,38.333332,20
87,2011,1,14,2,6,1,7,2.5142858,13,0,0,13.5,13.5,3
87,2011,2,3,1,1,1,3,2.46,14,0,0,10,10,8
87,2011,3,8,2.6666667,6,1,3,2.49,3,13,0,8.333333,9.5,2
87,2011,4,2,1,1,1,2,2.46,8,14,0,4.3333335,8,1
87,2011,5,1,1,1,1,1,2.46,2,3,0,3.6666667,6.8333335,3
87,2011,6,3,1,1,1,3,2.49,1,8,0,2,5.1666665,16
87,2011,7,16,2.6666667,10,1,6,1.9233333,3,2,0,6.6666665,5.5,58
87,2011,8,58,6.4444447,24,1,9,1.9233333,16,1,0,25.666666,14.666667,43
87,2011,9,43,6.142857,24,1,7,1.31,58,3,0,39,20.5,86
87,2011,10,86,9.555555,24,1,9,1.028889,43,16,0,62.333332,34.5,166
87,2011,11,166,11.857142,26,1,14,1.4135,86,58,0,98.333336,62,50
89,2011,1,12,1.5,2,1,8,2.47875,42,0,0,27,27,2
89,2011,2,2,1,1,1,2,2.505,12,0,0,18.666666,18.666666,7
89,2011,3,7,1.4,2,1,5,2.478,2,42,0,7,15.75,2
89,2011,4,2,1,1,1,2,2.505,7,12,0,3.6666667,13,2
89,2011,5,2,1,1,1,2,2.46,2,2,0,3.6666667,11.166667,3
89,2011,6,3,1,1,1,3,1.9233333,2,7,0,2.3333333,4.6666665,58
89,2011,7,58,5.8,24,1,10,1.977,3,2,0,21,12.333333,27
89,2011,8,27,9,24,1,3,1.3866667,58,2,0,29.333334,16.5,34
89,2011,9,34,17,24,10,2,0.85,27,3,0,39.666668,21,48
89,2011,10,48,5.3333335,24,1,9,1.2972223,34,58,0,36.333332,28.666666,162
89,2011,11,162,10.8,39,1,15,1.6728889,48,27,0,81.333336,55.333332,49
92,2011,1,606,303,600,6,2,0.27,686,0,0,646,646,108
92,2011,2,108,27,42,12,4,0.3,606,0,0,466.66666,466.66666,18
92,2011,3,18,18,18,18,1,0.3,108,686,0,244,354.5,90
92,2011,4,90,45,72,18,2,0.27,18,606,0,72,301.6,102
92,2011,5,102,25.5,72,6,4,0.3,90,108,0,70,268.33334,96
92,2011,6,96,24,36,6,4,0.3,102,18,0,96,170,186
92,2011,7,186,46.5,72,6,4,0.3,96,90,0,128,100,37
92,2011,8,37,9.25,18,1,4,0.3,186,102,0,106.333336,88.166664,180
92,2011,9,180,36,72,12,5,0.288,37,96,0,134.33333,115.166664,162
92,2011,10,162,27,72,6,6,0.29,180,186,0,126.333336,127.166664,120
92,2011,11,120,60,72,48,2,0.3,162,37,0,154,130.16667,36
94,2011,1,108,54,100,8,2,0.1,102,0,0,105,105,200
94,2011,2,200,100,100,100,2,0.1,108,0,0,136.66667,136.66667,60
94,2011,3,60,60,60,60,1,0.1,200,102,0,122.666664,117.5,200
94,2011,4,200,200,200,200,1,0.07,60,108,0,153.33333,134,2
94,2011,5,2,1,1,1,2,0.83,200,200,0,87.333336,112,203
94,2011,6,203,40.6,100,1,5,0.392,2,60,0,135,128.83333,2
94,2011,7,2,1,1,1,2,0.465,203,200,0,69,111.166664,36
94,2011,8,36,12,30,1,3,0.58666664,2,2,0,80.333336,83.833336,200
94,2011,9,200,100,100,100,2,0.085,36,203,0,79.333336,107.166664,205
94,2011,10,205,51.25,100,2,4,0.465,200,2,0,147,108,204
94,2011,11,204,34,100,1,6,0.465,205,36,0,203,141.66667,3
97,2011,1,117,14.625,50,1,8,0.37,38,0,0,77.5,77.5,106
97,2011,2,106,17.666666,75,1,6,0.35,117,0,0,87,87,134
97,2011,3,134,19.142857,50,1,7,0.36,106,38,0,119,98.75,34
97,2011,4,34,6.8,29,1,5,0.399,134,117,0,91.333336,85.8,57
97,2011,5,57,11.4,25,1,5,0.336,34,106,0,75,81,87
97,2011,6,87,12.428572,25,1,7,0.33,57,134,0,59.333332,89.166664,68
97,2011,7,68,13.6,25,1,5,0.336,87,34,0,70.666664,81,103
97,2011,8,103,25.75,29,24,4,0.28875,68,57,0,86,80.5,147
97,2011,9,147,18.375,75,1,8,0.354375,103,87,0,106,82.666664,181
97,2011,10,181,25.857143,100,1,7,0.32642856,147,68,0,143.66667,107.166664,162
97,2011,11,162,18,75,1,9,0.36166668,181,103,0,163.33333,124.666664,30
103,2011,1,116,23.2,72,1,5,1.144,212,0,0,164,164,6
103,2011,2,6,6,6,6,1,1.25,116,0,0,111.333336,111.333336,129
103,2011,3,129,21.5,42,2,6,1.2625,6,212,0,83.666664,115.75,263
103,2011,4,263,65.75,146,36,4,0.8575,129,116,0,132.66667,145.2,38
103,2011,5,38,19,36,2,2,0.38,263,6,0,143.33333,127.333336,235
103,2011,6,235,33.57143,108,1,7,0.38,38,129,0,178.66667,131.16667,226
103,2011,7,226,32.285713,72,2,7,0.38,235,263,0,166.33333,149.5,183
103,2011,8,183,26.142857,72,1,7,0.67714286,226,38,0,214.66667,179,71
103,2011,9,71,23.666666,36,6,3,0.38,183,235,0,160,169.33333,207
103,2011,10,207,25.875,42,3,8,0.38,71,226,0,153.66667,160,182
103,2011,11,182,16.545454,36,3,11,0.6636364,207,183,0,153.33333,184,216
107,2011,1,14,3.5,7,1,4,1.63,5,0,0,9.5,9.5,26
107,2011,2,26,5.2,10,2,5,1.63,14,0,0,15,15,52
107,2011,3,52,10.4,24,1,5,1.198,26,5,0,30.666666,24.25,89
107,2011,4,89,22.25,48,5,4,1.1875,52,14,0,55.666668,37.2,20
107,2011,5,20,4,8,1,5,1.422,89,26,0,53.666668,34.333332,97
107,2011,6,97,13.857142,48,1,7,1.2357143,20,52,0,68.666664,49.666668,136
107,2011,7,136,27.2,75,1,5,1.177,97,89,0,84.333336,70,95
107,2011,8,95,19,72,3,5,1.276,136,20,0,109.333336,81.5,15
107,2011,9,15,5,9,2,3,1.63,95,97,0,82,75.333336,37
107,2011,10,37,12.333333,24,1,3,1.04,15,136,0,49,66.666664,1
107,2011,11,1,1,1,1,1,1.63,37,95,0,17.666666,63.5,1
116,2011,1,69,23,60,3,3,3.2866666,69,0,0,69,69,28
116,2011,2,28,4,6,1,7,3.2385714,69,0,0,55.333332,55.333332,58
116,2011,3,58,8.285714,12,4,7,2.55,28,69,0,51.666668,56,56
116,2011,4,56,8,30,1,7,3.1957142,58,69,0,47.333332,56,299
116,2011,5,299,74.75,294,1,4,3.0775,56,28,0,137.66667,96.5,13
116,2011,6,13,6.5,12,1,2,2.55,299,58,0,122.666664,87.166664,9
116,2011,7,9,3,6,1,3,2.55,13,56,0,107,77.166664,51
116,2011,8,51,25.5,48,3,2,2.25,9,299,0,24.333334,81,3
116,2011,9,3,1.5,2,1,2,3.755,51,13,0,21,71.833336,15
116,2011,10,15,3.75,12,1,4,3.755,3,9,0,23,65,27
116,2011,11,27,3.857143,11,1,7,3.4107144,15,51,0,15,19.666666,2
119,2011,1,30,2.7272727,6,1,11,1.9456818,20,0,0,25,25,18
119,2011,2,18,3,13,1,6,3.6225,30,0,0,22.666666,22.666666,16
119,2011,3,16,4,12,1,4,3.115,18,20,0,21.333334,21,2
119,2011,4,2,1,1,1,2,3.115,16,30,0,12,17.2,3
119,2011,5,3,1,1,1,3,3.4533334,2,18,0,7,14.833333,9
119,2011,6,9,1.8,3,1,5,2.778,3,16,0,4.6666665,13,57
119,2011,7,57,5.181818,22,1,11,1.39,9,2,0,23,17.5,47
119,2011,8,47,11.75,20,1,4,1.595,57,3,0,37.666668,22.333334,3
119,2011,9,3,1.5,2,1,2,2.44,47,9,0,35.666668,20.166666,27
119,2011,10,27,4.5,20,1,6,2.44,3,57,0,25.666666,24.333334,75
119,2011,11,75,8.333333,20,1,9,2.44,27,47,0,35,36.333332,2
120,2011,1,10,1.4285715,2,1,7,1.7185714,53,0,0,31.5,31.5,9
120,2011,2,9,3,6,1,3,1.7866666,10,0,0,24,24,5
120,2011,3,5,1.25,2,1,4,1.63,9,53,0,8,19.25,9
120,2011,4,9,1.8,3,1,5,1.927,5,10,0,7.6666665,17.2,9
120,2011,5,9,1.125,2,1,8,1.835625,9,9,0,7.6666665,15.833333,18
120,2011,6,18,2.5714285,6,1,7,1.2528571,9,5,0,12,10,37
120,2011,7,37,4.625,20,1,8,1.3,18,9,0,21.333334,14.5,9
120,2011,8,9,2.25,6,1,4,1.41,37,9,0,21.333334,14.5,1
120,2011,9,1,1,1,1,1,0.75,9,18,0,15.666667,13.833333,8
120,2011,10,8,1.6,3,1,5,2.102,1,37,0,6,13.666667,25
120,2011,11,25,6.25,20,1,4,2.0175,8,9,0,11.333333,16.333334,1
122,2011,1,22,2.2,4,1,10,1.7286667,6,0,0,14,14,9
122,2011,2,9,2.25,3,1,4,1.865,22,0,0,12.333333,12.333333,6
122,2011,3,6,1.5,3,1,4,2.255,9,6,0,12.333333,10.75,24
122,2011,4,24,4.8,11,2,5,1.736,6,22,0,13,13.4,9
122,2011,5,9,1.8,3,1,5,1.865,24,9,0,13,12.666667,32
122,2011,6,32,3.5555556,12,1,9,2.018889,9,6,0,21.666666,17,11
122,2011,7,11,1.8333334,4,1,6,2.125,32,24,0,17.333334,15.166667,12
122,2011,8,12,2,4,1,6,2.4116666,11,9,0,18.333334,15.666667,2
122,2011,9,2,2,2,2,1,2.1,12,32,0,8.333333,15,4
122,2011,10,4,4,4,4,1,2.1,2,11,0,6,11.666667,10
122,2011,11,10,2.5,6,1,4,2.1,4,12,0,5.3333335,11.833333,1
123,2011,1,41,4.5555553,26,1,9,1.7216667,52,0,0,46.5,46.5,17
123,2011,2,17,2.125,7,1,8,1.718125,41,0,0,36.666668,36.666668,37
123,2011,3,37,3.7,12,1,10,1.927,17,52,0,31.666666,36.75,21
123,2011,4,21,2.625,6,1,8,1.79375,37,41,0,25,33.6,17
123,2011,5,17,2.125,6,1,8,1.68875,21,17,0,25,30.833334,26
123,2011,6,26,2.8888888,6,1,9,1.7672222,17,37,0,21.333334,26.5,23
123,2011,7,23,2.875,7,1,8,1.659375,26,21,0,22,23.5,8
123,2011,8,8,2,3,1,4,1.8383334,23,17,0,19,22,3
123,2011,9,3,1,1,1,3,4.13,8,26,0,11.333333,16.333334,5
123,2011,10,5,1.6666666,2,1,3,4.13,3,23,0,5.3333335,13.666667,8
123,2011,11,8,1.1428572,2,1,7,3.26,5,8,0,5.3333335,12.166667,4
124,2011,1,42,5.25,26,1,8,1.733125,57,0,0,49.5,49.5,3
124,2011,2,3,3,3,3,1,2.1,42,0,0,34,34,6
124,2011,3,6,6,6,6,1,2.1,3,57,0,17,27,16
124,2011,4,16,4,7,1,4,2.505,6,42,0,8.333333,24.8,8
124,2011,5,8,2,3,1,4,2.1,16,3,0,10,22,13
124,2011,6,13,2.6,6,1,5,2.33,8,6,0,12.333333,14.666667,8
124,2011,7,8,2,4,1,4,1.865,13,16,0,9.666667,9,10
124,2011,8,10,10,10,10,1,2.1,8,8,0,10.333333,10.166667,3
124,2011,9,3,1.5,2,1,2,3.115,10,13,0,7,9.666667,1
124,2011,10,1,1,1,1,1,2.1,3,8,0,4.6666665,7.1666665,17
124,2011,11,17,4.25,13,1,4,2.1,1,10,0,7,8.666667,2
125,2011,1,82,5.857143,14,1,14,1.0259523,8,0,0,45,45,16
125,2011,2,16,5.3333335,12,1,3,1.6533333,82,0,0,35.333332,35.333332,19
125,2011,3,19,4.75,12,2,4,1.5525,16,8,0,39,31.25,1
125,2011,4,1,1,1,1,1,2.46,19,82,0,12,25.2,16
125,2011,5,16,5.3333335,14,1,3,2.0566666,1,16,0,12,23.666666,8
125,2011,6,8,1.6,3,1,5,1.734,16,19,0,8.333333,23.666666,19
125,2011,7,19,3.1666667,12,1,6,2.0566666,8,1,0,14.333333,13.166667,28
125,2011,8,28,9.333333,12,4,3,1.25,19,16,0,18.333334,15.166667,9
125,2011,9,9,3,6,1,3,1.6533333,28,8,0,18.666666,13.5,12
125,2011,10,12,2.4,3,1,5,1.976,9,19,0,16.333334,15.333333,48
125,2011,11,48,5.3333335,14,1,9,1.855,12,28,0,23,20.666666,2
127,2011,1,25,2.5,6,1,10,0.95533335,8,0,0,16.5,16.5,13
127,2011,2,13,13,13,13,1,1.25,25,0,0,15.333333,15.333333,15
127,2011,3,15,7.5,12,3,2,1.855,13,8,0,17.666666,15.25,14
127,2011,4,14,7,12,2,2,1.76,15,25,0,14,15,3
127,2011,5,3,3,3,3,1,1.25,14,13,0,10.666667,13,20
127,2011,6,20,4,12,1,5,1.165,3,15,0,12.333333,15,9
127,2011,7,9,2.25,4,1,4,0.935,20,14,0,10.666667,12.333333,14
127,2011,8,14,4.6666665,9,1,3,1.4516667,9,3,0,14.333333,12.5,2
127,2011,9,2,2,2,2,1,1.25,14,20,0,8.333333,10.333333,3
127,2011,10,3,1,1,1,3,2.0566666,2,9,0,6.3333335,8.5,23
127,2011,11,23,4.6,12,1,5,1.976,3,14,0,9.333333,11.833333,3
128,2011,1,41,2.7333333,7,1,15,1.1458889,14,0,0,27.5,27.5,8
128,2011,2,8,2,3,1,4,2.00625,41,0,0,21,21,10
128,2011,3,10,2,3,1,5,1.976,8,14,0,19.666666,18.25,21
128,2011,4,21,3.5,12,1,6,1.6216667,10,41,0,13,18.8,14
128,2011,5,14,4.6666665,12,1,3,1.6533333,21,8,0,15,18,32
128,2011,6,32,4.571429,14,1,7,2.0740476,14,10,0,22.333334,21,17
128,2011,7,17,2.125,5,1,8,1.8508333,32,21,0,21,17,16
128,2011,8,16,3.2,7,1,5,2.097,17,14,0,21.666666,18.333334,10
128,2011,9,10,2,3,1,5,1.613,16,32,0,14.333333,18.333334,3
128,2011,10,3,1,1,1,3,2.46,10,17,0,9.666667,15.333333,10
128,2011,11,10,1.4285715,3,1,7,1.9414285,3,16,0,7.6666665,14.666667,1
136,2011,1,24,3.4285715,7,1,7,4.792857,54,0,0,39,39,35
136,2011,2,35,4.375,13,1,8,3.8375,24,0,0,37.666668,37.666668,38
136,2011,3,38,2.9230769,6,1,13,3.823846,35,54,0,32.333332,37.75,43
136,2011,4,43,5.375,7,2,8,3.66,38,24,0,38.666668,38.8,58
136,2011,5,58,4.4615383,12,1,13,3.8966668,43,35,0,46.333332,42,57
136,2011,6,57,4.3846154,12,1,13,3.7107692,58,38,0,52.666668,42.5,53
136,2011,7,53,3.7857144,11,1,14,2.9392858,57,43,0,56,47.333332,36
136,2011,8,36,3.6,6,1,10,4.086,53,58,0,48.666668,47.5,31
136,2011,9,31,7.75,12,1,4,2.85,36,57,0,40,46.333332,21
136,2011,10,21,3,6,1,7,4.5728574,31,53,0,29.333334,42.666668,5
136,2011,11,5,1,1,1,5,5.79,21,36,0,19,33.833332,6
139,2011,1,78,19.5,25,5,4,0.23375,1883,0,0,980.5,980.5,53
139,2011,2,53,13.25,24,1,4,0.27,78,0,0,671.3333,671.3333,235
139,2011,3,235,39.166668,144,3,6,0.27,53,1883,0,122,562.25,55
139,2011,4,55,18.333334,48,1,3,0.22,235,78,0,114.333336,460.8,132
139,2011,5,132,22,48,4,6,0.17,55,53,0,140.66667,406,467
139,2011,6,467,58.375,144,24,8,0.17625,132,235,0,218,170,326
139,2011,7,326,40.75,78,2,8,0.17625,467,55,0,308.33334,211.33333,1166
139,2011,8,1166,145.75,576,12,8,0.1675,326,132,0,653,396.83334,320
139,2011,9,320,29.09091,96,1,11,0.17454545,1166,467,0,604,411,2365
139,2011,10,2365,131.38889,624,6,18,0.13240741,320,326,0,1283.6666,796,4401
139,2011,11,4401,176.04,942,1,25,0.12404,2365,1166,0,2362,1507.5,1498
143,2011,1,223,18.583334,72,1,12,1.2845833,53,0,0,138,138,187
143,2011,2,187,12.466666,75,1,15,1.405,223,0,0,154.33333,154.33333,64
143,2011,3,64,5.3333335,12,1,12,1.5356945,187,53,0,158,131.75,115
143,2011,4,115,7.6666665,48,1,15,1.5323334,64,223,0,122,128.4,182
143,2011,5,182,16.545454,75,1,11,1.7575758,115,187,0,120.333336,137.33333,110
143,2011,6,110,9.166667,24,1,12,1.5777084,182,64,0,135.66667,146.83333,123
143,2011,7,123,11.181818,77,1,11,1.7209091,110,115,0,138.33333,130.16667,93
143,2011,8,93,8.454545,24,1,11,1.635,123,182,0,108.666664,114.5,125
143,2011,9,125,12.5,24,1,10,1.5525,93,110,0,113.666664,124.666664,156
143,2011,10,156,14.181818,72,1,11,1.5443939,125,123,0,124.666664,131.5,107
143,2011,11,107,6.2941175,19,1,17,1.5347059,156,93,0,129.33333,119,38
144,2011,1,398,22.11111,88,1,18,1.5055555,138,0,0,268,268,360
144,2011,2,360,18.947369,83,2,19,1.5391667,398,0,0,298.66666,298.66666,495
144,2011,3,495,26.052631,155,1,19,1.5713158,360,138,0,417.66666,347.75,195
144,2011,4,195,9.75,48,1,20,1.5666167,495,398,0,350,317.2,313
144,2011,5,313,20.866667,73,2,15,1.5515444,195,360,0,334.33334,316.5,159
144,2011,6,159,10.6,25,1,15,1.8012222,313,495,0,222.33333,320,185
144,2011,7,185,11.5625,76,1,16,1.7023125,159,195,0,219,284.5,209
144,2011,8,209,12.294118,76,1,17,1.5053922,185,313,0,184.33333,259.33334,259
144,2011,9,259,21.583334,88,2,12,1.6905556,209,159,0,217.66667,220,198
144,2011,10,198,14.142858,72,2,14,1.7895714,259,185,0,222,220.5,173
144,2011,11,173,9.611111,73,1,18,1.4519907,198,209,0,210,197.16667,39
145,2011,1,764,36.38095,211,1,21,1.559373,179,0,0,471.5,471.5,469
145,2011,2,469,26.055555,86,2,18,1.4547222,764,0,0,470.66666,470.66666,682
145,2011,3,682,31,160,3,22,1.5924621,469,179,0,638.3333,523.5,307
145,2011,4,307,19.1875,73,1,16,1.50875,682,764,0,486,480.2,291
145,2011,5,291,16.166666,78,2,18,1.6403704,307,469,0,426.66666,448.66666,524
145,2011,6,524,22.782608,93,1,23,1.6938986,291,682,0,374,506.16666,382
145,2011,7,382,20.105263,84,1,19,1.6915526,524,307,0,399,442.5,479
145,2011,8,479,25.210526,152,1,19,1.5470614,382,291,0,461.66666,444.16666,217
145,2011,9,217,12.055555,80,1,18,1.5472223,479,524,0,359.33334,366.66666,226
145,2011,10,226,16.142857,72,1,14,1.7477976,217,382,0,307.33334,353.16666,454
145,2011,11,454,20.636364,97,1,22,1.5472424,226,479,0,299,380.33334,102
146,2011,1,274,19.571428,74,1,14,1.6938095,237,0,0,255.5,255.5,370
146,2011,2,370,21.764706,75,2,17,1.6425,274,0,0,293.66666,293.66666,528
146,2011,3,528,29.333334,154,1,18,1.6181482,370,237,0,390.66666,352.25,247
146,2011,4,247,14.529411,77,1,17,1.5053922,528,274,0,381.66666,331.2,229
146,2011,5,229,14.3125,40,1,16,1.70375,247,370,0,334.66666,314.16666,289
146,2011,6,289,17,80,1,17,1.6180882,229,528,0,255,322.83334,333
146,2011,7,333,19.588236,80,1,17,1.5082843,289,247,0,283.66666,332.66666,394
146,2011,8,394,21.88889,144,1,18,1.4582407,333,229,0,338.66666,336.66666,244
146,2011,9,244,16.266666,72,2,15,1.7885555,394,289,0,323.66666,289.33334,178
146,2011,10,178,13.692307,72,1,13,1.8714103,244,333,0,272,277.83334,209
146,2011,11,209,10.45,75,1,20,1.463625,178,394,0,210.33333,274.5,144
148,2011,1,145,10.357142,60,1,14,6.459821,148,0,0,146.5,146.5,76
148,2011,2,76,5.8461537,19,1,13,7.7515383,145,0,0,123,123,91
148,2011,3,91,5.352941,18,1,17,7.1711764,76,148,0,104,115,38
148,2011,4,38,4.2222223,12,1,9,6.673333,91,145,0,68.333336,99.6,173
148,2011,5,173,12.357142,65,1,14,7.2735715,38,76,0,100.666664,111.833336,47
148,2011,6,47,3.6153846,20,1,13,6.651077,173,91,0,86,95,165
148,2011,7,165,9.705882,73,1,17,6.217598,47,38,0,128.33333,98.333336,213
148,2011,8,213,14.2,135,1,15,6.6963,165,173,0,141.66667,121.166664,142
148,2011,9,142,6.7619047,21,1,21,7.5,213,47,0,173.33333,129.66667,263
148,2011,10,263,14.611111,73,1,18,6.5528703,142,165,0,206,167.16667,162
148,2011,11,162,8.1,48,1,20,7.2671,263,213,0,189,165.33333,47
150,2011,1,130,9.285714,24,2,14,3.6475713,111,0,0,120.5,120.5,52
150,2011,2,52,4.3333335,11,1,12,4.3766665,130,0,0,97.666664,97.666664,116
150,2011,3,116,12.888889,65,1,9,4.161111,52,111,0,99.333336,102.25,36
150,2011,4,36,5.142857,12,1,7,3.25,116,130,0,68,89,35
150,2011,5,35,5.8333335,18,1,6,4.3766665,36,52,0,62.333332,80,56
150,2011,6,56,4.3076925,12,1,13,3.9866667,35,116,0,42.333332,70.833336,52
150,2011,7,52,4.3333335,12,1,12,4.095,56,36,0,47.666668,57.833332,118
150,2011,8,118,10.727273,60,1,11,3.3581817,52,35,0,75.333336,68.833336,181
150,2011,9,181,10.055555,15,1,18,3.562963,118,56,0,117,79.666664,136
150,2011,10,136,7.5555553,25,1,18,3.7194445,181,52,0,145,96.333336,124
150,2011,11,124,7.2941175,37,1,17,4.06849,136,118,0,147,111.166664,94
152,2011,1,307,15.35,36,2,20,8.864146,385,0,0,346,346,184
152,2011,2,184,8.363636,38,1,22,9.284431,307,0,0,292,292,242
152,2011,3,242,10.521739,53,1,23,8.684391,184,385,0,244.33333,279.5,127
152,2011,4,127,6.6842103,21,1,19,8.414175,242,307,0,184.33333,249,542
152,2011,5,542,23.565218,218,1,23,8.421434,127,184,0,303.66666,297.83334,704
152,2011,6,704,37.05263,305,1,19,8.530044,542,242,0,457.66666,351,624
152,2011,7,624,28.363636,402,1,22,8.319773,704,127,0,623.3333,403.83334,164
152,2011,8,164,7.8095236,26,1,21,9.72546,624,542,0,497.33334,400.5,189
152,2011,9,189,9,42,1,21,8.932642,164,704,0,325.66666,391.66666,199
152,2011,10,199,9.476191,27,1,21,9.291627,189,624,0,184,403.66666,339
152,2011,11,339,14.125,64,1,24,9.020618,199,164,0,242.33333,369.83334,86
153,2011,1,8,4,6,2,2,3.25,18,0,0,13,13,20
153,2011,2,20,4,6,1,5,3.926,8,0,0,15.333333,15.333333,12
153,2011,3,12,2,6,1,6,3.8133333,20,18,0,13.333333,14.5,7
153,2011,4,7,2.3333333,4,1,3,3.25,12,8,0,13,13,4
153,2011,5,4,2,2,2,2,3.25,7,20,0,7.6666665,11.5,22
153,2011,6,22,3.6666667,6,1,6,3.25,4,12,0,11,12.166667,6
153,2011,7,6,2,3,1,3,4.3766665,22,7,0,10.666667,11.833333,48
153,2011,8,48,6,12,1,8,3.6725,6,4,0,25.333334,16.5,31
153,2011,9,31,5.1666665,10,1,6,3.25,48,22,0,28.333334,19.666666,30
153,2011,10,30,3.3333333,6,1,9,4.3766665,31,6,0,36.333332,23.5,62
153,2011,11,62,6.888889,48,1,9,4.188889,30,48,0,41,33.166668,2
164,2011,1,57,11.4,24,8,5,3.198,81,0,0,69,69,1
164,2011,2,1,1,1,1,1,6.95,57,0,0,46.333332,46.333332,4
164,2011,3,4,2,2,2,2,6.95,1,81,0,20.666666,35.75,3
164,2011,4,3,3,3,3,1,10.54,4,57,0,2.6666667,29.2,2
164,2011,5,2,2,2,2,1,6.95,3,1,0,3,24.666666,1
164,2011,6,1,1,1,1,1,6.95,2,4,0,2,11.333333,6
164,2011,7,6,2,2,2,3,6.95,1,3,0,3,2.8333333,5
164,2011,8,5,2.5,3,2,2,6.95,6,2,0,4,3.5,5
164,2011,9,5,2.5,4,1,2,10.54,5,1,0,5.3333335,3.6666667,12
164,2011,10,12,2.4,4,1,5,6.95,5,6,0,7.3333335,5.1666665,3
164,2011,11,3,1,1,1,3,9.343333,12,5,0,6.6666665,5.3333335,36
165,2011,1,48,12,24,8,4,1.95,56,0,0,52,52,1
165,2011,2,1,1,1,1,1,6.95,48,0,0,35,35,6
165,2011,3,6,3,4,2,2,6.95,1,56,0,18.333334,27.75,2
165,2011,4,2,2,2,2,1,6.95,6,48,0,3,22.6,2
165,2011,5,2,2,2,2,1,6.95,2,1,0,3.3333333,19.166666,2
165,2011,6,2,1,1,1,2,6.95,2,6,0,2,10.166667,3
165,2011,7,3,1.5,2,1,2,6.95,2,2,0,2.3333333,2.6666667,1
165,2011,8,1,1,1,1,1,6.95,3,2,0,2,2.6666667,2
165,2011,9,2,2,2,2,1,6.95,1,2,0,2,2,6
165,2011,10,6,2,2,2,3,6.95,2,3,0,3,2.6666667,1
165,2011,11,1,1,1,1,1,6.95,6,1,0,3,2.5,13
166,2011,1,7,1.1666666,2,1,6,2.2583334,4,0,0,5.5,5.5,47
166,2011,2,47,3.9166667,7,1,12,0.935,7,0,0,19.333334,19.333334,57
166,2011,3,57,4.3846154,10,1,13,0.86230767,47,4,0,37,28.75,76
166,2011,4,76,6.909091,24,1,11,0.8509091,57,7,0,60,38.2,48
166,2011,5,48,5.3333335,14,1,9,0.9,76,47,0,60.333332,39.833332,71
166,2011,6,71,4.1764708,20,1,17,0.85470587,48,57,0,65,51,91
166,2011,7,91,6.5,22,1,14,0.87642854,71,76,0,70,65,25
166,2011,8,25,5,12,1,5,1.0226667,91,48,0,62.333332,61.333332,4
166,2011,9,4,1.3333334,2,1,3,2.0566666,25,71,0,40,52.5,17
166,2011,10,17,4.25,13,1,4,1.9825,4,91,0,15.333333,42.666668,16
166,2011,11,16,3.2,12,1,5,1.976,17,25,0,12.333333,37.333332,1
167,2011,1,569,31.61111,311,3,18,2.7171507,293,0,0,431,431,496
167,2011,2,496,33.066666,310,1,15,2.996089,569,0,0,452.66666,452.66666,1112
167,2011,3,1112,52.95238,633,2,21,2.565545,496,293,0,725.6667,617.5,221
167,2011,4,221,15.785714,100,1,14,2.6742857,1112,569,0,609.6667,538.2,520
167,2011,5,520,23.636364,138,1,22,2.7338598,221,496,0,617.6667,535.1667,270
167,2011,6,270,14.210526,100,1,19,3.333434,520,1112,0,337,531.3333,191
167,2011,7,191,9.55,25,1,20,3.0887709,270,221,0,327,468.33334,248
167,2011,8,248,12.4,41,1,20,2.7633333,191,520,0,236.33333,427,431
167,2011,9,431,25.352942,113,2,17,2.9820294,248,270,0,290,313.5,264
167,2011,10,264,14.666667,100,1,18,2.8516204,431,191,0,314.33334,320.66666,391
167,2011,11,391,17.772728,120,1,22,3.1614394,264,248,0,362,299.16666,1
168,2011,1,467,23.35,84,1,20,2.82345,372,0,0,419.5,419.5,408
168,2011,2,408,21.473684,112,1,19,2.9136257,467,0,0,415.66666,415.66666,1372
168,2011,3,1372,54.88,402,1,25,2.6354253,408,372,0,749,654.75,397
168,2011,4,397,23.352942,100,4,17,2.5280883,1372,467,0,725.6667,603.2,912
168,2011,5,912,41.454544,134,2,22,2.8427587,397,408,0,893.6667,654.6667,872
168,2011,6,872,39.636364,204,3,22,2.854738,912,1372,0,727,738,646
168,2011,7,646,24.846153,122,1,26,2.7198255,872,397,0,810,767.8333,1004
168,2011,8,1004,40.16,306,2,25,2.58736,646,912,0,840.6667,867.1667,1196
168,2011,9,1196,46,160,1,26,2.5078719,1004,872,0,948.6667,837.8333,1199
168,2011,10,1199,47.96,250,1,25,2.6368268,1196,646,0,1133,971.5,772
168,2011,11,772,29.692308,135,1,26,2.7753663,1199,1004,0,1055.6666,948.1667,156
171,2011,1,730,38.42105,182,3,19,1.2698245,145,0,0,437.5,437.5,189
171,2011,2,189,14.538462,100,1,13,1.8714103,730,0,0,354.66666,354.66666,283
171,2011,3,283,14.894737,114,2,19,1.660386,189,145,0,400.66666,336.75,122
171,2011,4,122,9.384615,30,1,13,1.6471282,283,730,0,198,293.8,285
171,2011,5,285,15,101,1,19,1.6217983,122,189,0,230,292.33334,266
171,2011,6,266,12.666667,102,1,21,1.8039683,285,283,0,224.33333,312.5,203
171,2011,7,203,11.277778,34,1,18,1.5531482,266,122,0,251.33333,224.66667,186
171,2011,8,186,8.857142,61,1,21,1.5380952,203,285,0,218.33333,224.16667,71
171,2011,9,71,4.4375,12,1,16,1.9054166,186,266,0,153.33333,188.83333,125
171,2011,10,125,6.25,20,1,20,1.5525,71,203,0,127.333336,189.33333,234
171,2011,11,234,10.173913,37,1,23,1.5700362,125,186,0,143.33333,180.83333,18
172,2011,1,471,23.55,150,2,20,1.8002917,282,0,0,376.5,376.5,358
172,2011,2,358,23.866667,100,1,15,1.4121112,471,0,0,370.33334,370.33334,373
172,2011,3,373,21.941177,220,1,17,1.4654902,358,282,0,400.66666,371,224
172,2011,4,224,14,25,1,16,1.3994583,373,471,0,318.33334,341.6,446
172,2011,5,446,20.272728,107,1,22,1.7055682,224,358,0,347.66666,359,606
172,2011,6,606,27.545454,135,2,22,1.8345076,446,373,0,425.33334,413,226
172,2011,7,226,11.3,36,1,20,1.8250834,606,224,0,426,372.16666,422
172,2011,8,422,20.095238,100,3,21,1.6723015,226,446,0,418,382.83334,242
172,2011,9,242,10.521739,44,1,23,1.7703624,422,606,0,296.66666,361,298
172,2011,10,298,13.545455,48,1,22,1.5004166,242,226,0,320.66666,373.33334,505
172,2011,11,505,20.2,101,1,25,1.8697486,298,422,0,348.33334,383.16666,323
173,2011,1,897,40.772728,127,1,22,1.2479242,1045,0,0,971,971,887
173,2011,2,887,44.35,120,1,20,1.3404417,897,0,0,943,943,1650
173,2011,3,1650,68.75,408,1,24,1.1984564,887,1045,0,1144.6666,1119.75,584
173,2011,4,584,30.736841,102,1,19,1.228728,1650,897,0,1040.3334,1012.6,1122
173,2011,5,1122,53.42857,220,1,21,1.1986587,584,887,0,1118.6666,1030.8334,1468
173,2011,6,1468,58.72,357,1,25,1.1032295,1122,1650,0,1058,1101.3334,769
173,2011,7,769,34.954544,120,4,22,1.1602663,1468,584,0,1119.6666,1080,1303
173,2011,8,1303,56.652172,221,2,23,1.0937396,769,1122,0,1180,1149.3334,1057
173,2011,9,1057,45.95652,225,1,23,1.3051014,1303,1468,0,1043,1050.5,988
173,2011,10,988,39.52,120,2,25,1.23718,1057,769,0,1116,1117.8334,1019
173,2011,11,1019,40.76,123,1,25,1.2987577,988,1303,0,1021.3333,1100.6666,519
174,2011,1,454,23.894737,101,2,19,1.3849474,430,0,0,442,442,522
174,2011,2,522,30.705883,120,1,17,1.3078235,454,0,0,468.66666,468.66666,974
174,2011,3,974,42.347828,287,3,23,1.1061305,522,430,0,650,595,658
174,2011,4,658,38.705883,124,2,17,1.134598,974,454,0,718,607.6,798
174,2011,5,798,36.272728,144,1,22,1.2267575,658,522,0,810,639.3333,947
174,2011,6,947,41.173912,157,2,23,1.0979689,798,974,0,801,725.5,777
174,2011,7,777,32.375,120,2,24,1.1040626,947,658,0,840.6667,779.3333,1138
174,2011,8,1138,45.52,154,1,25,1.0577266,777,798,0,954,882,1132
174,2011,9,1132,49.217392,204,2,23,1.3089565,1138,947,0,1015.6667,908.3333,675
174,2011,10,675,28.125,68,2,24,1.2679722,1132,777,0,981.6667,911.1667,936
174,2011,11,936,37.44,149,1,25,1.3309705,675,1138,0,914.3333,934.1667,357
175,2011,1,955,43.409092,242,1,22,1.3082576,756,0,0,855.5,855.5,1176
175,2011,2,1176,51.130436,210,1,23,1.1792319,955,0,0,962.3333,962.3333,1538
175,2011,3,1538,64.083336,378,2,24,1.0768263,1176,756,0,1223,1106.25,878
175,2011,4,878,43.9,112,2,20,1.076425,1538,955,0,1197.3334,1060.6,1230
175,2011,5,1230,53.47826,320,1,23,1.1077536,878,1176,0,1215.3334,1088.8334,1772
175,2011,6,1772,77.04348,383,2,23,1.0765507,1230,1538,0,1293.3334,1258.1666,1086
175,2011,7,1086,43.44,131,1,25,1.1122991,1772,878,0,1362.6666,1280,1862
175,2011,8,1862,80.95652,278,2,23,1.0417001,1086,1230,0,1573.3334,1394.3334,1839
175,2011,9,1839,70.73077,206,2,26,1.0903612,1862,1772,0,1595.6666,1444.5,1617
175,2011,10,1617,64.68,224,3,25,1.0910381,1839,1086,0,1772.6666,1567.6666,2209
175,2011,11,2209,88.36,228,2,25,1.1762285,1617,1862,0,1888.3334,1730.8334,847
176,2011,1,1588,75.61905,341,4,21,2.1198323,732,0,0,1160,1160,1158
176,2011,2,1158,50.347828,177,2,23,2.3400774,1588,0,0,1159.3334,1159.3334,1505
176,2011,3,1505,60.2,206,1,25,2.116542,1158,732,0,1417,1245.75,1125
176,2011,4,1125,53.57143,143,2,21,1.903165,1505,1588,0,1262.6666,1221.6,2355
176,2011,5,2355,94.2,432,1,25,1.9947172,1125,1158,0,1661.6666,1410.5,1638
176,2011,6,1638,63,236,3,26,2.0111039,2355,1505,0,1706,1561.5,1730
176,2011,7,1730,66.53846,286,10,26,1.8455749,1638,1125,0,1907.6666,1585.1666,2154
176,2011,8,2154,82.84615,259,4,26,2.009782,1730,2355,0,1840.6666,1751.1666,1813
176,2011,9,1813,69.73077,301,2,26,2.0838494,2154,1638,0,1899,1802.5,1365
176,2011,10,1365,54.6,160,2,25,2.0776381,1813,1730,0,1777.3334,1842.5,1993
176,2011,11,1993,76.65385,232,6,26,2.1956687,1365,2154,0,1723.6666,1782.1666,397
177,2011,1,617,32.473682,131,10,19,2.1840177,571,0,0,594,594,425
177,2011,2,425,21.25,110,1,20,1.893,617,0,0,537.6667,537.6667,994
177,2011,3,994,41.416668,231,1,24,2.1118572,425,571,0,678.6667,651.75,600
177,2011,4,600,30,133,4,20,2.169175,994,617,0,673,641.4,1367
177,2011,5,1367,54.68,323,2,25,1.9352534,600,425,0,987,762.3333,887
177,2011,6,887,34.115383,130,2,26,1.9915642,1367,994,0,951.3333,815,1033
177,2011,7,1033,39.73077,161,3,26,2.0495384,887,600,0,1095.6666,884.3333,1150
177,2011,8,1150,44.23077,150,4,26,2.050249,1033,1367,0,1023.3333,1005.1667,878
177,2011,9,878,35.12,221,1,25,2.286131,1150,887,0,1020.3333,985.8333,512
177,2011,10,512,21.333334,62,2,24,2.1866539,878,1033,0,846.6667,971.1667,703
177,2011,11,703,27.038462,114,7,26,2.3276155,512,1150,0,697.6667,860.5,196
178,2011,1,745,32.391304,119,1,23,2.4877355,525,0,0,635,635,455
178,2011,2,455,23.947369,101,1,19,2.2214913,745,0,0,575,575,1059
178,2011,3,1059,44.125,170,2,24,2.0439353,455,525,0,753,696,471
178,2011,4,471,22.428572,63,1,21,2.0279195,1059,745,0,661.6667,651,1061
178,2011,5,1061,42.44,163,3,25,1.9894737,471,455,0,863.6667,719.3333,1114
178,2011,6,1114,44.56,166,2,25,2.1488044,1061,1059,0,882,817.5,1376
178,2011,7,1376,52.923077,142,9,26,1.9594845,1114,471,0,1183.6666,922.6667,1517
178,2011,8,1517,60.68,280,2,25,2.1902575,1376,1061,0,1335.6666,1099.6666,1361
178,2011,9,1361,52.346153,142,7,26,1.9603302,1517,1114,0,1418,1150,1023
178,2011,10,1023,39.346153,180,5,26,1.9548956,1361,1376,0,1300.3334,1242,1215
178,2011,11,1215,46.73077,151,5,26,2.0938025,1023,1517,0,1199.6666,1267.6666,318
179,2011,1,673,30.59091,124,1,22,2.3594646,509,0,0,591,591,513
179,2011,2,513,25.65,115,1,20,1.9876667,673,0,0,565,565,1044
179,2011,3,1044,38.666668,183,1,27,2.0285625,513,509,0,743.3333,684.75,675
179,2011,4,675,33.75,110,2,20,1.9139512,1044,673,0,744,682.8,1067
179,2011,5,1067,42.68,117,2,25,1.9353492,675,513,0,928.6667,746.8333,1212
179,2011,6,1212,46.615383,221,1,26,1.9483042,1067,1044,0,984.6667,864,1635
179,2011,7,1635,62.884617,242,3,26,2.0221922,1212,675,0,1304.6666,1024.3334,1538
179,2011,8,1538,59.153847,302,1,26,2.0439808,1635,1067,0,1461.6666,1195.1666,1030
179,2011,9,1030,39.615383,112,2,26,2.0618398,1538,1212,0,1401,1192.8334,851
179,2011,10,851,35.458332,124,3,24,2.0096033,1030,1635,0,1139.6666,1222.1666,950
179,2011,11,950,38,242,6,25,2.1438947,851,1538,0,943.6667,1202.6666,120
181,2011,1,63,4.2,22,1,15,0.83933336,679,0,0,371,371,9
181,2011,2,9,1.8,2,1,5,0.832,63,0,0,250.33333,250.33333,50
181,2011,3,50,4.5454545,20,1,11,0.8354545,9,679,0,40.666668,200.25,16
181,2011,4,16,2.6666667,7,1,6,0.8333333,50,63,0,25,163.4,16
181,2011,5,16,1.7777778,7,1,9,0.83074075,16,9,0,27.333334,138.83333,40
181,2011,6,40,3.6363637,20,1,11,0.83454543,16,50,0,24,32.333332,60
181,2011,7,60,4,15,1,15,0.85911113,40,16,0,38.666668,31.833334,124
181,2011,8,124,24.8,101,1,5,0.823,60,16,0,74.666664,51,47
181,2011,9,47,3.6153846,13,1,13,0.83358973,124,40,0,77,50.5,43
181,2011,10,43,3.5833333,12,1,12,0.8347222,47,60,0,71.333336,55,63
181,2011,11,63,3.7058823,24,1,17,0.89754903,43,124,0,51,62.833332,26
185,2011,1,86,8.6,24,2,10,7.576667,142,0,0,114,114,269
185,2011,2,269,17.933332,205,1,15,8.097111,86,0,0,165.66667,165.66667,121
185,2011,3,121,5.7619047,24,1,21,8.107619,269,142,0,158.66667,154.5,71
185,2011,4,71,5.4615383,16,1,13,8.181282,121,86,0,153.66667,137.8,119
185,2011,5,119,9.916667,58,1,12,7.6055555,71,269,0,103.666664,134.66667,46
185,2011,6,46,3.2857144,6,2,14,8.156667,119,121,0,78.666664,118.666664,77
185,2011,7,77,5.5,16,1,14,8.474762,46,71,0,80.666664,117.166664,127
185,2011,8,127,6.6842103,24,1,19,7.760526,77,119,0,83.333336,93.5,153
185,2011,9,153,7.285714,28,1,21,8.675079,127,46,0,119,98.833336,128
185,2011,10,128,6.736842,28,1,19,8.182281,153,77,0,136,108.333336,282
185,2011,11,282,13.428572,75,1,21,7.901746,128,127,0,187.66667,135.5,149
186,2011,1,176,11.733334,85,1,15,7.8488445,181,0,0,178.5,178.5,127
186,2011,2,127,6.6842103,30,1,19,7.7956142,176,0,0,161.33333,161.33333,98
186,2011,3,98,5.7647057,27,1,17,7.900588,127,181,0,133.66667,145.5,177
186,2011,4,177,10.411765,50,1,17,7.644118,98,176,0,134,151.8,151
186,2011,5,151,10.066667,38,1,15,8.131333,177,127,0,142,151.66667,91
186,2011,6,91,5.6875,20,1,16,8.3175,151,98,0,139.66667,136.66667,59
186,2011,7,59,4.9166665,14,1,12,7.883333,91,177,0,100.333336,117.166664,163
186,2011,8,163,8.578947,49,1,19,8.15421,59,151,0,104.333336,123.166664,143
186,2011,9,143,8.9375,25,2,16,7.9379168,163,91,0,121.666664,130.66667,122
186,2011,10,122,6.7777777,18,1,18,8.284074,143,59,0,142.66667,121.5,212
186,2011,11,212,8.833333,54,1,24,8.0625,122,163,0,159,131.66667,48
187,2011,1,130,13,72,1,10,2.477,95,0,0,112.5,112.5,52
187,2011,2,52,4.7272725,13,1,11,2.5613637,130,0,0,92.333336,92.333336,97
187,2011,3,97,6.4666667,13,1,15,2.7766666,52,95,0,93,93.5,89
187,2011,4,89,7.4166665,24,1,12,2.1,97,130,0,79.333336,92.6,68
187,2011,5,68,5.6666665,15,1,12,2.4383333,89,52,0,84.666664,88.5,146
187,2011,6,146,14.6,73,1,10,2.384,68,97,0,101,97,57
187,2011,7,57,5.7,13,1,10,2.2015,146,89,0,90.333336,84.833336,84
187,2011,8,84,9.333333,25,1,9,2.4383333,57,68,0,95.666664,90.166664,45
187,2011,9,45,7.5,15,1,6,2.1,84,146,0,62,81.5,81
187,2011,10,81,5.785714,13,1,14,2.245,45,57,0,70,80.166664,58
187,2011,11,58,3.4117646,8,1,17,2.1,81,84,0,61.333332,78.5,1
193,2011,1,6,3,3,3,2,0.85,13,0,0,9.5,9.5,9
193,2011,2,9,9,9,9,1,0.85,6,0,0,9.333333,9.333333,20
193,2011,3,20,6.6666665,15,1,3,0.85,9,13,0,11.666667,12,12
193,2011,4,12,3,9,1,4,0.85,20,6,0,13.666667,12,6
193,2011,5,6,3,3,3,2,0.85,12,9,0,12.666667,11,14
193,2011,6,14,3.5,6,2,4,0.85,6,20,0,10.666667,11.166667,9
193,2011,7,9,9,9,9,1,0.85,14,12,0,9.666667,11.666667,3
193,2011,8,3,3,3,3,1,0.85,9,6,0,8.666667,10.666667,11
193,2011,9,11,3.6666667,9,1,3,0.85,3,14,0,7.6666665,9.166667,15
193,2011,10,15,3.75,6,3,4,0.85,11,9,0,9.666667,9.666667,37
193,2011,11,37,4.625,12,2,8,0.85,15,3,0,21,14.833333,7
196,2011,1,6,2,3,1,3,3.75,12,0,0,9,9,6
196,2011,2,6,2,3,1,3,3.75,6,0,0,8,8,5
196,2011,3,5,1,1,1,5,5.234,6,12,0,5.6666665,7.25,8
196,2011,4,8,2.6666667,4,2,3,3.75,5,6,0,6.3333335,7.4,12
196,2011,5,12,2,4,1,6,4.9866667,8,6,0,8.333333,8.166667,8
196,2011,6,8,4,4,4,2,3.75,12,5,0,9.333333,7.5,17
196,2011,7,17,3.4,8,1,5,4.121,8,8,0,12.333333,9.333333,2
196,2011,8,2,1,1,1,2,3.75,17,12,0,9,8.666667,16
196,2011,9,16,2.6666667,4,1,6,4.3683333,2,8,0,11.666667,10.5,12
196,2011,10,12,2,6,1,6,4.3683333,16,17,0,10,11.166667,15
196,2011,11,15,2.5,5,1,6,5.605,12,2,0,14.333333,11.666667,4
199,2011,1,11,3.6666667,9,1,3,4.9866667,13,0,0,12,12,11
199,2011,2,11,2.2,4,1,5,3.75,11,0,0,11.666667,11.666667,4
199,2011,3,4,2,3,1,2,3.75,11,13,0,8.666667,9.75,8
199,2011,4,8,2.6666667,4,1,3,4.9866667,4,11,0,7.6666665,9.4,7
199,2011,5,7,2.3333333,4,1,3,3.75,8,11,0,6.3333335,9,13
199,2011,6,13,2.6,4,1,5,4.492,7,4,0,9.333333,9,5
199,2011,7,5,5,5,5,1,3.75,13,8,0,8.333333,8,15
199,2011,8,15,3,4,1,5,3.75,5,7,0,11,8.666667,11
199,2011,9,11,2.75,5,1,4,4.21375,15,13,0,10.333333,9.833333,13
199,2011,10,13,1.8571428,5,1,7,5.34,11,5,0,13,10.666667,26
199,2011,11,26,1.7333333,7,1,15,5.3576665,13,15,0,16.666666,13.833333,7
200,2011,1,3,1.5,2,1,2,3.75,12,0,0,7.5,7.5,6
200,2011,2,6,2,4,1,3,3.75,3,0,0,7,7,8
200,2011,3,8,2.6666667,4,1,3,3.75,6,12,0,5.6666665,7.25,7
200,2011,4,7,2.3333333,5,1,3,4.9866667,8,3,0,7,7.2,6
200,2011,5,6,3,4,2,2,3.75,7,6,0,7,7,8
200,2011,6,8,8,8,8,1,3.75,6,8,0,7,6.3333335,11
200,2011,7,11,2.75,5,1,4,4.21375,8,7,0,8.333333,7.6666665,13
200,2011,8,13,2.6,8,1,5,4.492,11,6,0,10.666667,8.833333,5
200,2011,9,5,2.5,4,1,2,3.75,13,8,0,9.666667,8.333333,12
200,2011,10,12,1.5,2,1,8,4.21375,5,11,0,10,9.166667,12
200,2011,11,12,1.5,3,1,8,4.21375,12,13,0,9.666667,10.166667,1
201,2011,1,3,1,1,1,3,6.2766666,7,0,0,5,5,2
201,2011,2,2,1,1,1,2,3.75,3,0,0,4,4,5
201,2011,3,5,1.6666666,3,1,3,4.9866667,2,7,0,3.3333333,4.25,27
201,2011,4,27,4.5,16,1,6,3.6166666,5,3,0,11.333333,8.8,11
201,2011,5,11,2.2,4,1,5,5.234,27,2,0,14.333333,9.166667,8
201,2011,6,8,4,4,4,2,3.75,11,5,0,15.333333,9.333333,8
201,2011,7,8,2.6666667,4,1,3,3.75,8,27,0,9,10.166667,16
201,2011,8,16,3.2,4,2,5,3.75,8,11,0,10.666667,12.5,5
201,2011,9,5,2.5,4,1,2,3.75,16,8,0,9.666667,12.5,16
201,2011,10,16,2,4,1,8,4.21375,5,8,0,12.333333,10.666667,14
201,2011,11,14,3.5,7,1,4,4.9866667,16,16,0,11.666667,11.166667,2
202,2011,1,23,4.6,6,2,5,2.791,10,0,0,16.5,16.5,20
202,2011,2,20,4,6,2,5,2.55,23,0,0,17.666666,17.666666,9
202,2011,3,9,1.5,3,1,6,2.9516666,20,10,0,17.333334,15.5,12
202,2011,4,12,6,6,6,2,2.55,9,23,0,13.666667,14.8,9
202,2011,5,9,2.25,6,1,4,3.1525,12,20,0,10,13.833333,13
202,2011,6,13,4.3333335,6,1,3,2.55,9,9,0,11.333333,14.333333,34
202,2011,7,34,3.090909,10,1,11,2.4845455,13,12,0,18.666666,16.166666,56
202,2011,8,56,11.2,36,2,5,2.46,34,9,0,34.333332,22.166666,14
202,2011,9,14,4.6666665,6,2,3,2.9516666,56,13,0,34.666668,23,21
202,2011,10,21,3.5,7,1,6,2.55,14,34,0,30.333334,24.5,23
202,2011,11,23,2.090909,6,1,11,2.9881818,21,56,0,19.333334,26.833334,9
203,2011,1,6,6,6,6,1,2.55,7,0,0,6.5,6.5,14
203,2011,2,14,3.5,6,1,4,3.1525,6,0,0,9,9,4
203,2011,3,4,2,3,1,2,2.55,14,7,0,8,7.75,2
203,2011,4,2,2,2,2,1,2.55,4,6,0,6.6666665,6.6,7
203,2011,5,7,3.5,6,1,2,2.55,2,14,0,4.3333335,6.6666665,17
203,2011,6,17,5.6666665,15,1,3,2.49,7,4,0,8.666667,8.333333,41
203,2011,7,41,2.7333333,9,1,15,2.481,17,2,0,21.666666,14.166667,12
203,2011,8,12,6,6,6,2,2.55,41,7,0,23.333334,13.833333,7
203,2011,9,7,3.5,6,1,2,2.55,12,17,0,20,14.333333,10
203,2011,10,10,2.5,6,1,4,2.55,7,41,0,9.666667,15.666667,42
203,2011,11,42,8.4,36,1,5,2.46,10,12,0,19.666666,21.5,8
233,2011,1,91,11.375,22,3,8,2.700625,101,0,0,96,96,125
233,2011,2,125,10.416667,59,1,12,3.0929167,91,0,0,105.666664,105.666664,140
233,2011,3,140,12.727273,69,1,11,2.5397727,125,101,0,118.666664,114.25,153
233,2011,4,153,12.75,48,1,12,2.9770834,140,91,0,139.33333,122,45
233,2011,5,45,6.428571,20,1,7,3.0664287,153,125,0,112.666664,109.166664,57
233,2011,6,57,3.5625,12,1,16,3.303125,45,140,0,85,101.833336,56
233,2011,7,56,4.6666665,15,1,12,3.2529166,57,153,0,52.666668,96,54
233,2011,8,54,4.909091,12,1,11,3.0977273,56,45,0,55.666668,84.166664,79
233,2011,9,79,4.647059,17,1,17,3.5659804,54,57,0,63,74,70
233,2011,10,70,5.8333335,13,1,12,3.5876389,79,56,0,67.666664,60.166668,124
233,2011,11,124,5.3913045,16,1,23,3.2660146,70,54,0,91,73.333336,35
234,2011,1,92,13.142858,32,1,7,2.39,105,0,0,98.5,98.5,72
234,2011,2,72,5.142857,28,1,14,2.825,92,0,0,89.666664,89.666664,102
234,2011,3,102,7.285714,28,1,14,2.4866667,72,105,0,88.666664,92.75,62
234,2011,4,62,6.2,18,2,10,2.2015,102,92,0,78.666664,86.6,45
234,2011,5,45,5.625,9,1,8,2.4383333,62,72,0,69.666664,79.666664,47
234,2011,6,47,4.2727275,9,1,11,2.6536365,45,102,0,51.333332,70,61
234,2011,7,61,6.1,23,1,10,2.4045,47,62,0,51,64.833336,399
234,2011,8,399,39.9,270,1,10,2.221,61,45,0,169,119.333336,61
234,2011,9,61,4.6923075,8,1,13,2.5684617,399,47,0,173.66667,112.5,96
234,2011,10,96,7.3846154,26,1,13,2.458846,61,61,0,185.33333,118.166664,153
234,2011,11,153,9,25,1,17,2.3686764,96,399,0,103.333336,136.16667,20
245,2011,1,54,9,12,1,6,1.5525,42,0,0,48,48,53
245,2011,2,53,6.625,17,1,8,1.855,54,0,0,49.666668,49.666668,43
245,2011,3,43,6.142857,12,1,7,1.6821429,53,42,0,50,48,181
245,2011,4,181,30.166666,112,5,6,1.2855556,43,54,0,92.333336,74.6,59
245,2011,5,59,8.428572,12,3,7,1.3076191,181,53,0,94.333336,72,14
245,2011,6,14,4.6666665,12,1,3,2.0566666,59,43,0,84.666664,67.333336,32
245,2011,7,32,8,24,1,4,1.5525,14,181,0,35,63.666668,40
245,2011,8,40,8,14,4,5,1.492,32,59,0,28.666666,61.5,28
245,2011,9,28,9.333333,12,4,3,1.25,40,14,0,33.333332,59,37
245,2011,10,37,18.5,24,13,2,1.4575,28,32,0,35,35,90
245,2011,11,90,8.181818,24,1,11,1.47,37,40,0,51.666668,40.166668,44
271,2011,1,615,30.75,291,1,20,3.1901667,500,0,0,557.5,557.5,347
271,2011,2,347,16.52381,60,1,21,3.2185714,615,0,0,487.33334,487.33334,351
271,2011,3,351,15.26087,42,1,23,3.2392464,347,500,0,437.66666,453.25,365
271,2011,4,365,17.380953,44,1,21,3.3496373,351,615,0,354.33334,435.6,461
271,2011,5,461,20.954546,60,2,22,3.126554,365,347,0,392.33334,439.83334,430
271,2011,6,430,19.545454,121,2,22,3.348212,461,351,0,418.66666,428.16666,910
271,2011,7,910,36.4,434,1,25,3.3567162,430,365,0,600.3333,477.33334,567
271,2011,8,567,21.807692,102,2,26,3.2600915,910,461,0,635.6667,514,521
271,2011,9,521,20.038462,89,1,26,3.212436,567,430,0,666,542.3333,394
271,2011,10,394,16.416666,60,1,24,3.2325556,521,910,0,494,547.1667,764
271,2011,11,764,29.384615,77,2,26,3.1566825,394,567,0,559.6667,597.6667,147
280,2011,1,13,6.5,12,1,2,1.855,112,0,0,62.5,62.5,8
280,2011,2,8,8,8,8,1,1.25,13,0,0,44.333332,44.333332,24
280,2011,3,24,12,12,12,2,1.855,8,112,0,15,39.25,1
280,2011,4,1,1,1,1,1,2.46,24,13,0,11,31.6,1
280,2011,5,1,1,1,1,1,1.25,1,8,0,8.666667,26.5,23
280,2011,6,23,4.6,12,1,5,2.218,1,24,0,8.333333,11.666667,1
280,2011,7,1,1,1,1,1,2.46,23,1,0,8.333333,9.666667,65
280,2011,8,65,10.833333,24,2,6,1.4516667,1,1,0,29.666666,19.166666,185
280,2011,9,185,18.5,96,1,10,1.6735,65,23,0,83.666664,46,122
280,2011,10,122,9.384615,13,1,13,1.5757692,185,1,0,124,66.166664,239
280,2011,11,239,12.578947,38,1,19,1.6002631,122,65,0,182,105.833336,30
282,2011,1,77,8.555555,21,1,9,1.742963,301,0,0,189,189,57
282,2011,2,57,7.125,22,1,8,1.8045833,77,0,0,145,145,24
282,2011,3,24,3,10,1,8,1.70375,57,301,0,52.666668,114.75,71
282,2011,4,71,6.4545455,20,1,11,1.47,24,77,0,50.666668,106,82
282,2011,5,82,9.111111,30,1,9,1.8325926,71,57,0,59,102,35
282,2011,6,35,3.1818182,12,1,11,2.075,82,24,0,62.666668,57.666668,12
282,2011,7,12,1.3333334,3,1,9,2.3255556,35,71,0,43,46.833332,72
282,2011,8,72,8,30,1,9,1.7877778,12,82,0,39.666668,49.333332,54
282,2011,9,54,6.75,20,1,8,1.7469643,72,35,0,46,54.333332,108
282,2011,10,108,6.75,30,1,16,1.7163541,54,12,0,78,60.5,252
282,2011,11,252,11.454545,54,1,22,1.6478333,108,72,0,138,88.833336,90
283,2011,1,83,5.5333333,12,1,15,2.023,346,0,0,214.5,214.5,7
283,2011,2,7,1.1666666,2,1,6,2.46,83,0,0,145.33333,145.33333,27
283,2011,3,27,3.857143,10,1,7,1.7685714,7,346,0,39,115.75,83
283,2011,4,83,9.222222,20,1,9,1.3844445,27,83,0,39,109.2,91
283,2011,5,91,9.1,30,1,10,1.4516667,83,7,0,67,106.166664,77
283,2011,6,77,6.4166665,28,1,12,1.855,91,27,0,83.666664,61.333332,17
283,2011,7,17,2.4285715,10,1,7,2.1142857,77,83,0,61.666668,50.333332,89
283,2011,8,89,11.125,30,1,8,1.6029167,17,91,0,61,64,88
283,2011,9,88,6.769231,20,1,13,1.6378205,89,77,0,64.666664,74.166664,92
283,2011,10,92,5.75,30,1,16,1.8423958,88,17,0,89.666664,75.666664,275
283,2011,11,275,14.473684,60,1,19,1.855,92,89,0,151.66667,106.333336,63
287,2011,1,58,6.4444447,14,1,9,3.717037,88,0,0,73,73,37
287,2011,2,37,4.111111,12,1,9,4.5744443,58,0,0,61,61,65
287,2011,3,65,4.0625,12,1,16,4.21375,37,88,0,53.333332,62,44
287,2011,4,44,5.5,12,1,8,4.21375,65,58,0,48.666668,58.4,41
287,2011,5,41,3.1538463,8,1,13,3.8926923,44,37,0,50,55.5,47
287,2011,6,47,3.9166667,8,1,12,3.75,41,65,0,44,48.666668,109
287,2011,7,109,9.909091,36,1,11,3.6845455,47,44,0,65.666664,57.166668,365
287,2011,8,365,33.18182,290,1,11,3.8179545,109,41,0,173.66667,111.833336,151
287,2011,9,151,8.388889,36,1,18,4.225278,365,47,0,208.33333,126.166664,690
287,2011,10,690,32.857143,316,1,21,4.0344048,151,109,0,402,233.83333,212
287,2011,11,212,9.217391,30,1,23,4.505681,690,365,0,351,262.33334,55
288,2011,1,22,3.6666667,14,1,6,3.75,92,0,0,57,57,56
288,2011,2,56,5.090909,12,1,11,3.9186363,22,0,0,56.666668,56.666668,46
288,2011,3,46,3.8333333,8,1,12,3.75,56,92,0,41.333332,54,37
288,2011,4,37,5.285714,12,1,7,4.015,46,22,0,46.333332,50.6,55
288,2011,5,55,3.9285715,12,1,14,4.28,37,56,0,46,51.333332,41
288,2011,6,41,4.1,8,1,10,3.75,55,46,0,44.333332,42.833332,68
288,2011,7,68,6.8,16,3,10,3.714,41,37,0,54.666668,50.5,62
288,2011,8,62,6.2,16,1,10,4.121,68,55,0,57,51.5,146
288,2011,9,146,12.166667,37,1,12,3.8295834,62,41,0,92,68.166664,213
288,2011,10,213,10.65,28,1,20,3.98325,146,68,0,140.33333,97.5,237
288,2011,11,237,11.285714,54,1,21,4.555476,213,62,0,198.66667,127.833336,42
289,2011,1,619,32.57895,152,1,19,1.4296491,379,0,0,499,499,176
289,2011,2,176,13.538462,36,1,13,1.25,619,0,0,391.33334,391.33334,442
289,2011,3,442,22.1,146,1,20,1.313625,176,379,0,412.33334,404,265
289,2011,4,265,16.5625,36,1,16,1.325625,442,619,0,294.33334,376.2,266
289,2011,5,266,15.6470585,36,2,17,1.25,265,176,0,324.33334,357.83334,196
289,2011,6,196,11.529411,48,1,17,1.4242157,266,442,0,242.33333,327.33334,231
289,2011,7,231,14.4375,39,1,16,1.5966146,196,265,0,231,262.66666,1173
289,2011,8,1173,55.857143,588,1,21,1.2970635,231,266,0,533.3333,428.83334,610
289,2011,9,610,27.727272,194,2,22,1.344237,1173,196,0,671.3333,456.83334,4874
289,2011,10,4874,194.96,2868,1,25,1.3789867,610,231,0,2219,1225,1390
289,2011,11,1390,53.46154,302,3,26,1.5125225,4874,1173,0,2291.3333,1412.3334,380
290,2011,1,470,24.736841,149,1,19,1.5022807,323,0,0,396.5,396.5,352
290,2011,2,352,22,72,3,16,1.3508333,470,0,0,381.66666,381.66666,598
290,2011,3,598,26,177,1,23,1.3582246,352,323,0,473.33334,435.75,260
290,2011,4,260,18.571428,54,1,14,1.3364285,598,470,0,403.33334,400.6,529
290,2011,5,529,27.842106,169,2,19,1.279342,260,352,0,462.33334,422,458
290,2011,6,458,28.625,144,2,16,1.3704687,529,598,0,415.66666,444.5,517
290,2011,7,517,25.85,168,1,20,1.4434583,458,260,0,501.33334,452.33334,1087
290,2011,8,1087,51.761906,405,1,21,1.3116032,517,529,0,687.3333,574.8333,864
290,2011,9,864,37.565216,170,1,23,1.4076159,1087,458,0,822.6667,619.1667,691
290,2011,10,691,30.043478,121,2,23,1.4539602,864,517,0,880.6667,691,1004
290,2011,11,1004,38.615383,144,1,26,1.4174331,691,1087,0,853,770.1667,209
292,2011,1,319,22.785715,98,1,14,0.76785713,363,0,0,341,341,216
292,2011,2,216,19.636364,48,1,11,0.8454546,319,0,0,299.33334,299.33334,924
292,2011,3,924,51.333332,384,2,18,0.71944445,216,363,0,486.33334,455.5,483
292,2011,4,483,30.1875,144,2,16,0.7375,924,319,0,541,461,536
292,2011,5,536,25.52381,146,1,21,0.7595238,483,216,0,647.6667,473.5,810
292,2011,6,810,38.57143,181,1,21,0.78333336,536,924,0,609.6667,548,362
292,2011,7,362,24.133333,55,1,15,0.77,810,483,0,569.3333,555.1667,1093
292,2011,8,1093,84.07692,480,1,13,0.75769234,362,536,0,755,701.3333,353
292,2011,9,353,18.578947,72,1,19,0.72894734,1093,810,0,602.6667,606.1667,902
292,2011,10,902,41,150,1,22,0.73977274,353,362,0,782.6667,676,610
292,2011,11,610,67.77778,412,1,9,0.6462963,902,1093,0,621.6667,688.3333,12
295,2011,1,72,8,22,1,9,1.6644444,44,0,0,58,58,48
295,2011,2,48,4,18,1,12,1.9390278,72,0,0,54.666668,54.666668,137
295,2011,3,137,10.538462,32,2,13,1.343077,48,44,0,85.666664,75.25,172
295,2011,4,172,15.636364,32,1,11,1.3783333,137,72,0,119,94.6,118
295,2011,5,118,13.111111,28,2,9,1.5861111,172,48,0,142.33333,98.5,93
295,2011,6,93,13.285714,32,1,7,1.5092857,118,137,0,127.666664,106.666664,123
295,2011,7,123,7.2352943,33,1,17,1.7126471,93,172,0,111.333336,115.166664,120
295,2011,8,120,9.230769,20,1,13,1.5757692,123,118,0,112,127.166664,135
295,2011,9,135,8.4375,18,1,16,1.7226562,120,93,0,126,126.833336,354
295,2011,10,354,29.5,128,2,12,1.4190278,135,123,0,203,157.16667,310
295,2011,11,310,14.090909,34,1,22,1.602,354,120,0,266.33334,189.16667,73
296,2011,1,57,5.181818,19,1,11,1.8801515,156,0,0,106.5,106.5,208
296,2011,2,208,13.866667,129,1,15,1.6738889,57,0,0,140.33333,140.33333,244
296,2011,3,244,17.428572,96,1,14,1.5957143,208,156,0,169.66667,166.25,167
296,2011,4,167,13.916667,33,1,12,1.4852778,244,57,0,206.33333,166.4,312
296,2011,5,312,20.8,80,1,15,1.5861111,167,208,0,241,190.66667,589
296,2011,6,589,32.72222,272,1,18,1.5846759,312,244,0,356,262.83334,182
296,2011,7,182,10.111111,50,1,18,1.8886111,589,167,0,361,283.66666,378
296,2011,8,378,22.235294,144,1,17,1.4342157,182,312,0,383,312,555
296,2011,9,555,27.75,128,1,20,1.3620833,378,589,0,371.66666,363.83334,365
296,2011,10,365,22.8125,128,1,16,1.4460938,555,182,0,432.66666,396.83334,486
296,2011,11,486,23.142857,58,1,21,1.6197222,365,378,0,468.66666,425.83334,40
298,2011,1,48,8,13,2,6,1.0525,107,0,0,77.5,77.5,42
298,2011,2,42,7,13,1,6,0.915,48,0,0,65.666664,65.666664,90
298,2011,3,90,11.25,36,1,8,0.89875,42,107,0,60,71.75,145
298,2011,4,145,18.125,24,1,8,0.9475,90,48,0,92.333336,86.4,258
298,2011,5,258,14.333333,48,2,18,0.99444443,145,42,0,164.33333,115,51
298,2011,6,51,5.1,16,1,10,1.162,258,90,0,151.33333,105.666664,206
298,2011,7,206,14.714286,60,2,14,0.9707143,51,145,0,171.66667,132,169
298,2011,8,169,12.071428,26,2,14,0.9614286,206,258,0,142,153.16667,282
298,2011,9,282,18.8,44,2,15,0.928,169,51,0,219,185.16667,133
298,2011,10,133,16.625,36,4,8,0.923125,282,206,0,194.66667,183.16667,394
298,2011,11,394,18.761906,72,1,21,0.85,133,169,0,269.66666,205.83333,51
299,2011,1,39,7.8,14,3,5,0.85,143,0,0,91,91,41
299,2011,2,41,8.2,24,1,5,0.85,39,0,0,74.333336,74.333336,114
299,2011,3,114,11.4,24,2,10,0.85,41,143,0,64.666664,84.25,138
299,2011,4,138,17.25,36,6,8,0.85,114,39,0,97.666664,95,81
299,2011,5,81,9,24,1,9,0.85,138,41,0,111,92.666664,50
299,2011,6,50,8.333333,12,1,6,0.85,81,114,0,89.666664,77.166664,92
299,2011,7,92,7.6666665,26,1,12,0.8825,50,138,0,74.333336,86,167
299,2011,8,167,15.181818,50,1,11,1.0492424,92,81,0,103,107,249
299,2011,9,249,16.6,44,1,15,0.91066664,167,50,0,169.33333,129.5,265
299,2011,10,265,14.722222,84,1,18,1.0377778,249,92,0,227,150.66667,674
299,2011,11,674,28.083334,115,1,24,1.0034722,265,167,0,396,249.5,103
300,2011,1,64,10.666667,24,2,6,0.85,148,0,0,106,106,177
300,2011,2,177,22.125,132,1,8,0.85,64,0,0,129.66667,129.66667,184
300,2011,3,184,16.727272,48,2,11,0.85,177,148,0,141.66667,143.25,142
300,2011,4,142,17.75,48,6,8,0.85,184,64,0,167.66667,143,156
300,2011,5,156,13,36,1,12,0.85,142,177,0,160.66667,145.16667,116
300,2011,6,116,12.888889,24,1,9,0.85,156,184,0,138,139.83333,263
300,2011,7,263,20.23077,108,1,13,0.91,116,142,0,178.33333,173,236
300,2011,8,236,13.111111,50,1,18,0.9547222,263,156,0,205,182.83333,371
300,2011,9,371,19.526316,122,1,19,0.915,236,116,0,290,214,239
300,2011,10,239,14.058824,60,1,17,1.0488235,371,263,0,282,230.16667,590
300,2011,11,590,25.652174,79,1,23,1.0314348,239,236,0,400,302.5,60
302,2011,1,304,25.333334,204,1,12,1.3933333,27,0,0,165.5,165.5,38
302,2011,2,38,12.666667,25,1,3,1.3844445,304,0,0,123,123,120
302,2011,3,120,24,101,1,5,1.352,38,27,0,154,122.25,28
302,2011,4,28,5.6,12,2,5,1.492,120,304,0,62,103.4,2
302,2011,5,2,2,2,2,1,1.25,28,38,0,50,86.5,21
302,2011,6,21,3.5,16,1,6,1.6533333,2,120,0,17,85.5,228
302,2011,7,228,25.333334,100,1,9,1.6322222,21,28,0,83.666664,72.833336,121
302,2011,8,121,15.125,100,1,8,1.52875,228,2,0,123.333336,86.666664,50
302,2011,9,50,10,21,2,5,1.734,121,21,0,133,75,134
302,2011,10,134,10.307693,100,1,13,1.5611539,50,228,0,101.666664,92.666664,79
302,2011,11,79,4.647059,16,1,17,1.7007843,134,121,0,87.666664,105.5,31
303,2011,1,8,2.6666667,6,1,3,2.0733333,37,0,0,22.5,22.5,12
303,2011,2,12,2,6,1,6,1.855,8,0,0,19,19,6
303,2011,3,6,1.5,3,1,4,1.855,12,37,0,8.666667,15.75,2
303,2011,4,2,1,1,1,2,1.855,6,8,0,6.6666665,13,9
303,2011,5,9,3,6,1,3,2.0566666,2,12,0,5.6666665,12.333333,27
303,2011,6,27,5.4,15,1,5,1.324,9,6,0,12.666667,10.666667,120
303,2011,7,120,10,30,1,12,0.9905556,27,2,0,52,29.333334,12
303,2011,8,12,4,8,1,3,2.2583334,120,9,0,53,29.333334,12
303,2011,9,12,2.4,6,1,5,1.734,12,27,0,48,30.333334,226
303,2011,10,226,25.11111,101,1,9,1.6216667,12,120,0,83.333336,67.666664,169
303,2011,11,169,9.941176,58,1,17,1.617745,226,12,0,135.66667,94.333336,17
304,2011,1,40,6.6666665,12,4,6,0.85,58,0,0,49,49,22
304,2011,2,22,4.4,11,1,5,1.162,40,0,0,40,40,51
304,2011,3,51,6.375,12,2,8,0.99625,22,58,0,37.666668,42.75,50
304,2011,4,50,8.333333,24,1,6,0.98,51,40,0,41,44.2,188
304,2011,5,188,23.5,96,1,8,0.83625,50,22,0,96.333336,68.166664,674
304,2011,6,674,42.125,145,6,16,0.4175,188,51,0,304,170.83333,415
304,2011,7,415,18.863636,100,1,22,0.54733336,674,50,0,425.66666,233.33333,589
304,2011,8,589,45.307693,336,3,13,0.41384616,415,188,0,559.3333,327.83334,557
304,2011,9,557,30.944445,212,1,18,0.42444444,589,674,0,520.3333,412.16666,441
304,2011,10,441,23.210526,77,1,19,0.45526317,557,415,0,529,477.33334,1160
304,2011,11,1160,46.4,192,1,25,0.46192,441,589,0,719.3333,639.3333,206
305,2011,1,62,5.6363635,16,1,11,0.58772725,33,0,0,47.5,47.5,44
305,2011,2,44,11,25,4,4,0.47125,62,0,0,46.333332,46.333332,116
305,2011,3,116,11.6,29,1,10,0.45075,44,33,0,74,63.75,20
305,2011,4,20,5,10,1,4,0.42,116,62,0,60,55,65
305,2011,5,65,16.25,24,2,4,0.5225,20,44,0,67,56.666668,595
305,2011,6,595,37.1875,110,8,16,0.20197916,65,116,0,226.66667,150.33333,313
305,2011,7,313,19.5625,80,1,16,0.31027085,595,20,0,324.33334,192.16667,381
305,2011,8,381,27.214285,192,1,14,0.19,313,65,0,429.66666,248.33333,402
305,2011,9,402,25.125,72,1,16,0.32333332,381,595,0,365.33334,296,528
305,2011,10,528,31.058823,216,1,17,0.35941178,402,313,0,437,380.66666,449
305,2011,11,449,23.631578,56,1,19,0.20684211,528,381,0,459.66666,444.66666,186
309,2011,1,5,2.5,4,1,2,4.21,11,0,0,8,8,7
309,2011,2,7,1.75,4,1,4,4.3575,5,0,0,7.6666665,7.6666665,7
309,2011,3,7,1.75,3,1,4,4.8125,7,11,0,6.3333335,7.5,1
309,2011,4,1,1,1,1,1,4.13,7,5,0,5,6.2,4
309,2011,5,4,1.3333334,2,1,3,4.7366667,1,7,0,4,5.8333335,6
309,2011,6,6,2,4,1,3,4.4333334,4,7,0,3.6666667,5,4
309,2011,7,4,1.3333334,2,1,3,4.7366667,6,1,0,4.6666665,4.8333335,5
309,2011,8,5,2.5,3,2,2,5.04,4,4,0,5,4.5,6
309,2011,9,6,3,5,1,2,5.04,5,6,0,5,4.3333335,2
309,2011,10,2,1,1,1,2,4.13,6,4,0,4.3333335,4.5,15
309,2011,11,15,1.6666666,4,1,9,4.8377776,2,5,0,7.6666665,6.3333335,1
314,2011,1,85,5.6666665,16,1,15,2.4766667,158,0,0,121.5,121.5,71
314,2011,2,71,7.888889,14,1,9,2.38,85,0,0,104.666664,104.666664,55
314,2011,3,55,6.111111,33,1,9,2.46,71,158,0,70.333336,92.25,44
314,2011,4,44,7.3333335,20,1,6,2.325,55,85,0,56.666668,82.6,90
314,2011,5,90,11.25,24,2,8,2.37,44,71,0,63,83.833336,84
314,2011,6,84,12,64,1,7,2.2985713,90,55,0,72.666664,71.5,36
314,2011,7,36,4,8,1,9,2.36,84,44,0,70,63.333332,93
314,2011,8,93,10.333333,30,1,9,2.26,36,90,0,71,67,68
314,2011,9,68,7.5555553,20,1,9,2.24,93,84,0,65.666664,69.166664,89
314,2011,10,89,5.5625,17,1,16,2.2377083,68,36,0,83.333336,76.666664,158
314,2011,11,158,9.294118,34,1,17,2.22,89,93,0,105,88,140
326,2011,1,138,7.263158,23,1,19,0.95,202,0,0,170,170,66
326,2011,2,66,3.142857,8,1,21,0.95,138,0,0,135.33333,135.33333,133
326,2011,3,133,5.1153846,23,1,26,0.95,66,202,0,112.333336,134.75,97
326,2011,4,97,4.85,18,1,20,0.95,133,138,0,98.666664,127.2,119
326,2011,5,119,6.263158,27,1,19,0.95,97,66,0,116.333336,125.833336,128
326,2011,6,128,5.818182,26,1,22,0.95,119,133,0,114.666664,113.5,121
326,2011,7,121,5.5,11,1,22,0.95,128,97,0,122.666664,110.666664,86
326,2011,8,86,3.7391305,13,1,23,0.95,121,119,0,111.666664,114,168
326,2011,9,168,6.4615383,26,1,26,0.95,86,128,0,125,119.833336,231
326,2011,10,231,9.24,22,1,25,0.95,168,121,0,161.66667,142.16667,368
326,2011,11,368,14.153846,39,5,26,0.95,231,86,0,255.66667,183.66667,82
327,2011,1,113,5.3809524,15,1,21,4.4492064,129,0,0,121,121,289
327,2011,2,289,19.266666,200,1,15,4.4331555,113,0,0,177,177,235
327,2011,3,235,11.75,107,1,20,4.741833,289,129,0,212.33333,191.5,299
327,2011,4,299,18.6875,106,1,16,3.9119792,235,113,0,274.33334,213,299
327,2011,5,299,17.588236,101,1,17,3.8717647,299,289,0,277.66666,227.33333,58
327,2011,6,58,4.4615383,14,1,13,4.039231,299,235,0,218.66667,215.5,356
327,2011,7,356,27.384615,206,1,13,4.527564,58,299,0,237.66667,256,107
327,2011,8,107,6.6875,23,1,16,4.72,356,299,0,173.66667,225.66667,117
327,2011,9,117,6.882353,20,1,17,4.4144115,107,58,0,193.33333,206,153
327,2011,10,153,10.928572,100,1,14,3.7640476,117,356,0,125.666664,181.66667,326
327,2011,11,326,17.157894,200,1,19,4.4516315,153,107,0,198.66667,186.16667,122
329,2011,1,36,5.142857,12,1,7,2.55,18,0,0,27,27,24
329,2011,2,24,3.4285715,6,1,7,2.55,36,0,0,26,26,148
329,2011,3,148,18.5,100,1,8,3.70875,24,18,0,69.333336,56.5,33
329,2011,4,33,6.6,12,1,5,3.414,148,36,0,68.333336,51.8,85
329,2011,5,85,14.166667,48,6,6,2.55,33,24,0,88.666664,57.333332,18
329,2011,6,18,6,6,6,3,2.55,85,148,0,45.333332,57.333332,2
329,2011,7,2,2,2,2,1,2.55,18,33,0,35,51.666668,43
329,2011,8,43,7.1666665,12,1,6,3.09,2,85,0,21,54.833332,22
329,2011,9,22,4.4,12,1,5,3.198,43,18,0,22.333334,33.833332,54
329,2011,10,54,6,12,1,9,2.91,22,2,0,39.666668,37.333332,39
329,2011,11,39,3.9,12,1,10,3.522,54,43,0,38.333332,29.666666,1
332,2011,1,48,3.6923077,16,1,13,7.5764613,49,0,0,48.5,48.5,58
332,2011,2,58,5.2727275,11,1,11,6.541818,48,0,0,51.666668,51.666668,36
332,2011,3,36,4,9,1,9,7.3966665,58,49,0,47.333332,47.75,30
332,2011,4,30,3.3333333,6,1,9,7.035,36,48,0,41.333332,44.2,16
332,2011,5,16,2.2857144,3,1,7,6.88,30,58,0,27.333334,39.5,29
332,2011,6,29,3.2222223,9,1,9,5.95,16,36,0,25,36.166668,12
332,2011,7,12,2,3,1,6,7.035,29,30,0,19,30.166666,14
332,2011,8,14,1.75,3,1,8,6.76375,12,16,0,18.333334,22.833334,12
332,2011,9,12,3,6,1,4,7.5775,14,29,0,12.666667,18.833334,6
332,2011,10,6,3,4,2,2,5.95,12,12,0,10.666667,14.833333,21
332,2011,11,21,2.3333333,5,1,9,6.673333,6,14,0,13,15.666667,4
336,2011,1,26,3.7142856,7,1,7,8.311429,35,0,0,30.5,30.5,11
336,2011,2,11,2.75,5,1,4,8.95,26,0,0,24,24,11
336,2011,3,11,1.8333334,4,1,6,11.676666,11,35,0,16,20.75,3
336,2011,4,3,1.5,2,1,2,8.95,11,26,0,8.333333,17.2,8
336,2011,5,8,4,7,1,2,12.79,3,11,0,7.3333335,15.666667,7
336,2011,6,7,1.75,3,1,4,9.91,8,11,0,6,11,7
336,2011,7,7,1.1666666,2,1,6,11.51,7,3,0,7.3333335,7.8333335,9
336,2011,8,9,1.2857143,2,1,7,10.047143,7,8,0,7.6666665,7.5,1
336,2011,9,1,1,1,1,1,16.63,9,7,0,5.6666665,5.8333335,18
336,2011,10,18,1.8,5,1,10,11.766,1,7,0,9.333333,8.333333,42
336,2011,11,42,2.3333333,8,1,18,9.518888,18,9,0,20.333334,14,2
337,2011,1,11,2.75,5,1,4,8.95,24,0,0,17.5,17.5,9
337,2011,2,9,2.25,5,1,4,8.95,11,0,0,14.666667,14.666667,22
337,2011,3,22,2.4444444,6,1,9,9.061111,9,24,0,14,16.5,10
337,2011,4,10,2,3,1,5,8.95,22,11,0,13.666667,15.2,53
337,2011,5,53,7.571429,40,1,7,8.807143,10,9,0,28.333334,21.5,8
337,2011,6,8,1.6,3,1,5,8.95,53,22,0,23.666666,18.833334,8
337,2011,7,8,2.6666667,6,1,3,8.95,8,10,0,23,18.333334,1
337,2011,8,1,1,1,1,1,8.95,8,53,0,5.6666665,17,1
337,2011,9,1,1,1,1,1,16.63,1,8,0,3.3333333,13.5,1
337,2011,10,1,1,1,1,1,16.63,1,8,0,1,12,28
337,2011,11,28,2.5454545,6,1,11,11.742727,1,1,0,10,7.8333335,8
338,2011,1,156,12,24,1,13,0.9423077,27,0,0,91.5,91.5,367
338,2011,2,367,61.166668,144,2,6,0.87166667,156,0,0,183.33333,183.33333,47
338,2011,3,47,6.714286,12,1,7,1.0728571,367,27,0,190,149.25,29
338,2011,4,29,7.25,12,2,4,1.045,47,156,0,147.66667,125.2,31
338,2011,5,31,6.2,12,2,5,1.006,29,367,0,35.666668,109.5,43
338,2011,6,43,4.3,14,1,10,1.08,31,47,0,34.333332,112.166664,103
338,2011,7,103,9.363636,24,1,11,0.8369697,43,29,0,59,103.333336,112
338,2011,8,112,16,48,1,7,0.85,103,31,0,86,60.833332,138
338,2011,9,138,12.545455,48,1,11,0.88545454,112,43,0,117.666664,76,62
338,2011,10,62,6.888889,16,1,9,0.98,138,103,0,104,81.5,37
338,2011,11,37,5.285714,14,1,7,0.9614286,62,112,0,79,82.5,5
339,2011,1,55,6.111111,12,1,9,0.8933333,25,0,0,40,40,86
339,2011,2,86,10.75,24,2,8,0.85,55,0,0,55.333332,55.333332,51
339,2011,3,51,7.285714,18,1,7,1.0728571,86,25,0,64,54.25,21
339,2011,4,21,7,12,3,3,0.85,51,55,0,52.666668,47.6,21
339,2011,5,21,4.2,12,1,5,1.162,21,86,0,31,43.166668,74
339,2011,6,74,6.7272725,12,2,11,0.84818184,21,51,0,38.666668,51.333332,71
339,2011,7,71,7.1,15,1,10,0.839,74,21,0,55.333332,54,45
339,2011,8,45,11.25,24,1,4,1.045,71,21,0,63.333332,47.166668,60
339,2011,9,60,6.6666665,12,1,9,0.93666667,45,74,0,58.666668,48.666668,52
339,2011,10,52,10.4,15,5,5,0.85,60,71,0,52.333332,53.833332,43
339,2011,11,43,7.1666665,14,1,6,0.98,52,45,0,51.666668,57.5,7
340,2011,1,32,4.571429,12,1,7,0.9242857,12,0,0,22,22,36
340,2011,2,36,7.2,16,2,5,1.006,32,0,0,26.666666,26.666666,44
340,2011,3,44,8.8,24,1,5,0.85,36,12,0,37.333332,31,12
340,2011,4,12,4,6,2,3,1.24,44,32,0,30.666666,27.2,19
340,2011,5,19,6.3333335,12,3,3,0.85,12,36,0,25,25.833334,42
340,2011,6,42,5.25,12,1,8,0.9425,19,44,0,24.333334,30.833334,53
340,2011,7,53,6.625,14,1,8,0.88625,42,12,0,38,34.333332,40
340,2011,8,40,10,12,4,4,0.85,53,19,0,45,35,29
340,2011,9,29,4.8333335,12,1,6,0.85,40,42,0,40.666668,32.5,33
340,2011,10,33,6.6,24,1,5,1.006,29,53,0,34,36,34
340,2011,11,34,6.8,12,1,5,0.85,33,40,0,32,38.5,19
341,2011,1,34,4.25,12,1,8,1.045,41,0,0,37.5,37.5,39
341,2011,2,39,5.571429,12,2,7,1.1285714,34,0,0,38,38,20
341,2011,3,20,2,5,1,10,1.201,39,41,0,31,33.5,15
341,2011,4,15,3.75,5,1,4,1.37,20,34,0,24.666666,29.8,57
341,2011,5,57,11.4,26,3,5,1.084,15,39,0,30.666666,34.333332,65
341,2011,6,65,8.125,24,1,8,0.89625,57,20,0,45.666668,38.333332,50
341,2011,7,50,5.5555553,16,1,9,0.8922222,65,15,0,57.333332,41,29
341,2011,8,29,7.25,12,2,4,1.24,50,57,0,48,39.333332,74
341,2011,9,74,10.571428,48,1,7,0.9614286,29,65,0,51,48.333332,3
341,2011,10,3,3,3,3,1,0.85,74,50,0,35.333332,46.333332,47
341,2011,11,47,9.4,19,1,5,0.85,3,29,0,41.333332,44.666668,14
342,2011,1,36,5.142857,12,1,7,0.85,66,0,0,51,51,70
342,2011,2,70,10,24,2,7,0.85,36,0,0,57.333332,57.333332,37
342,2011,3,37,12.333333,24,1,3,0.85,70,66,0,47.666668,52.25,23
342,2011,4,23,5.75,16,1,4,0.85,37,36,0,43.333332,46.4,15
342,2011,5,15,5,12,1,3,1.11,23,70,0,25,41.166668,43
342,2011,6,43,5.375,12,1,8,0.845,15,37,0,27,37.333332,75
342,2011,7,75,6.818182,24,1,11,0.8381818,43,23,0,44.333332,43.833332,36
342,2011,8,36,18,24,12,2,0.85,75,15,0,51.333332,38.166668,64
342,2011,9,64,10.666667,12,4,6,0.85,36,43,0,58.333332,42.666668,19
342,2011,10,19,6.3333335,14,2,3,0.85,64,75,0,39.666668,42,43
342,2011,11,43,7.1666665,12,1,6,0.85,19,36,0,42,46.666668,12
343,2011,1,57,4.75,12,1,12,0.9608333,39,0,0,48,48,63
343,2011,2,63,12.6,24,2,5,0.85,57,0,0,53,53,43
343,2011,3,43,6.142857,24,1,7,1.0728571,63,39,0,54.333332,50.5,15
343,2011,4,15,3,8,1,5,1.006,43,57,0,40.333332,43.4,42
343,2011,5,42,6,12,2,7,0.85,15,63,0,33.333332,43.166668,57
343,2011,6,57,6.3333335,26,1,9,0.93333334,42,43,0,38,46.166668,59
343,2011,7,59,5.9,14,1,10,0.858,57,15,0,52.666668,46.5,48
343,2011,8,48,8,24,1,6,0.85,59,42,0,54.666668,44,21
343,2011,9,21,7,12,4,3,0.85,48,57,0,42.666668,40.333332,35
343,2011,10,35,11.666667,24,4,3,0.85,21,59,0,34.666668,43.666668,33
343,2011,11,33,4.125,13,1,8,0.99625,35,48,0,29.666666,42.166668,16
344,2011,1,4,2,2,2,2,5.95,22,0,0,13,13,1
344,2011,2,1,1,1,1,1,5.95,4,0,0,9,9,3
344,2011,3,3,3,3,3,1,5.95,1,22,0,2.6666667,7.5,1
344,2011,4,1,1,1,1,1,5.95,3,4,0,1.6666666,6.2,2
344,2011,5,2,2,2,2,1,5.95,1,1,0,2,5.5,2
344,2011,6,2,2,2,2,1,5.95,2,3,0,1.6666666,2.1666667,14
344,2011,7,14,2,4,1,7,6.7614284,2,1,0,6,3.8333333,4
344,2011,8,4,2,2,2,2,5.95,14,2,0,6.6666665,4.3333335,56
344,2011,9,56,5.090909,16,1,11,5.1227274,4,2,0,24.666666,13.166667,20
344,2011,10,20,2.5,9,1,8,5.04,56,14,0,26.666666,16.333334,69
344,2011,11,69,3.45,7,1,20,4.691167,20,4,0,48.333332,27.5,103
345,2011,1,132,13.2,48,1,10,2.76575,127,0,0,129.5,129.5,97
345,2011,2,97,48.5,96,1,2,6.44,132,0,0,118.666664,118.666664,5
345,2011,3,5,1.6666666,3,1,3,5.95,97,127,0,78,90.25,1
345,2011,4,1,1,1,1,1,5.95,5,132,0,34.333332,72.4,98
345,2011,5,98,49,96,2,2,3.6,1,97,0,34.666668,76.666664,4
345,2011,6,4,2,2,2,2,5.95,98,5,0,34.333332,56.166668,12
345,2011,7,12,2.4,4,2,5,5.95,4,1,0,38,36.166668,2
345,2011,8,2,2,2,2,1,5.95,12,98,0,6,20.333334,7
345,2011,9,7,1.4,2,1,5,4.858,2,4,0,7,20.666666,11
345,2011,10,11,2.2,4,1,5,4.494,7,12,0,6.6666665,22.333334,45
345,2011,11,45,2.368421,7,1,19,4.6089473,11,2,0,21,13.5,23
346,2011,1,13,4.3333335,6,1,3,1.25,22,0,0,17.5,17.5,22
346,2011,2,22,5.5,12,2,4,1.25,13,0,0,19,19,24
346,2011,3,24,12,12,12,2,1.25,22,22,0,19.666666,20.25,21
346,2011,4,21,4.2,12,1,5,1.734,24,13,0,22.333334,20.4,1
346,2011,5,1,1,1,1,1,1.25,21,22,0,15.333333,17.166666,21
346,2011,6,21,7,12,3,3,1.4516667,1,24,0,14.333333,17,16
346,2011,7,16,3.2,6,1,5,1.734,21,21,0,12.666667,17.5,16
346,2011,8,16,4,12,1,4,1.25,16,1,0,17.666666,16.5,25
346,2011,9,25,6.25,12,1,4,1.5525,16,21,0,19,16.666666,34
346,2011,10,34,8.5,26,1,4,1.5525,25,16,0,25,18.833334,487
346,2011,11,487,60.875,432,1,8,1.4725,34,16,0,182,99.833336,1
348,2011,1,235,18.076923,48,2,13,1.4594231,346,0,0,290.5,290.5,70
348,2011,2,70,4.375,20,1,16,1.9684376,235,0,0,217,217,43
348,2011,3,43,3.909091,12,1,11,1.47,70,346,0,116,173.5,32
348,2011,4,32,5.3333335,12,1,6,1.4516667,43,235,0,48.333332,145.2,37
348,2011,5,37,3.3636363,12,1,11,1.965,32,70,0,37.333332,127.166664,17
348,2011,6,17,2.4285715,6,1,7,1.855,37,43,0,28.666666,72.333336,16
348,2011,7,16,3.2,12,1,5,1.492,17,32,0,23.333334,35.833332,38
348,2011,8,38,3.8,18,1,10,1.5928333,16,37,0,23.666666,30.5,76
348,2011,9,76,6.909091,26,1,11,1.6166667,38,17,0,43.333332,36,66
348,2011,10,66,6,36,1,11,1.6177273,76,16,0,60,41.666668,650
348,2011,11,650,38.235294,433,1,17,1.5308039,66,38,0,264,143.83333,12
350,2011,1,20,3.3333333,12,1,6,2.065,19,0,0,19.5,19.5,118
350,2011,2,118,10.727273,72,1,11,1.5077273,20,0,0,52.333332,52.333332,13
350,2011,3,13,2.1666667,3,2,6,1.3508333,118,19,0,50.333332,42.5,45
350,2011,4,45,5.625,24,1,8,1.25,13,20,0,58.666668,43,16
350,2011,5,16,4,13,1,4,2.00625,45,118,0,24.666666,38.5,2
350,2011,6,2,1,1,1,2,1.25,16,13,0,21,35.666668,4
350,2011,7,4,1,1,1,4,1.855,2,45,0,7.3333335,33,16
350,2011,8,16,5.3333335,13,1,3,1.4516667,4,16,0,7.3333335,16,25
350,2011,9,25,3.125,12,1,8,1.70375,16,2,0,15,18,270
350,2011,10,270,24.545454,90,1,11,1.3833333,25,4,0,103.666664,55.5,554
350,2011,11,554,46.166668,439,1,12,1.7027777,270,16,0,283,145.16667,5
353,2011,1,959,43.590908,189,1,22,1.0606629,856,0,0,907.5,907.5,1340
353,2011,2,1340,58.260868,208,1,23,1.1788913,959,0,0,1051.6666,1051.6666,1870
353,2011,3,1870,69.25926,246,2,27,1.0424249,1340,856,0,1389.6666,1256.25,1015
353,2011,4,1015,48.333332,207,9,21,1.0348322,1870,959,0,1408.3334,1208,1260
353,2011,5,1260,52.5,152,1,24,1.0988319,1015,1340,0,1381.6666,1216.6666,1301
353,2011,6,1301,50.03846,212,3,26,1.1221402,1260,1870,0,1192,1290.8334,661
353,2011,7,661,26.44,124,1,25,1.1725421,1301,1015,0,1074,1241.1666,1017
353,2011,8,1017,42.375,146,3,24,1.0697222,661,1260,0,993,1187.3334,1020
353,2011,9,1020,40.8,166,3,25,0.9913438,1017,1301,0,899.3333,1045.6666,794
353,2011,10,794,31.76,132,1,25,1.02052,1020,661,0,943.6667,1008.8333,883
353,2011,11,883,35.32,198,1,25,0.9846638,794,1017,0,899,946,234
356,2011,1,528,37.714287,228,3,14,0.7740476,288,0,0,408,408,760
356,2011,2,760,40,223,2,19,0.9386842,528,0,0,525.3333,525.3333,943
356,2011,3,943,52.38889,237,1,18,0.82562965,760,288,0,743.6667,629.75,664
356,2011,4,664,39.058823,222,2,17,0.9023529,943,528,0,789,636.6,677
356,2011,5,677,27.08,223,4,25,0.99158,664,760,0,761.3333,643.3333,765
356,2011,6,765,38.25,216,3,20,0.90043336,677,943,0,702,722.8333,363
356,2011,7,363,22.6875,80,3,16,1.1109792,765,664,0,601.6667,695.3333,471
356,2011,8,471,27.705883,106,3,17,1.0343137,363,677,0,533,647.1667,777
356,2011,9,777,37,217,2,21,0.91753966,471,765,0,537,619.5,321
356,2011,10,321,18.882353,120,2,17,0.83735293,777,363,0,523,562.3333,541
356,2011,11,541,30.055555,220,1,18,0.8372222,321,471,0,546.3333,539.6667,39
360,2011,1,27,6.75,12,1,4,1.2475,4,0,0,15.5,15.5,32
360,2011,2,32,4,16,1,8,0.93375,27,0,0,21,21,77
360,2011,3,77,8.555555,19,1,9,0.8377778,32,4,0,45.333332,35,372
360,2011,4,372,31,75,1,12,0.5366667,77,27,0,160.33333,102.4,748
360,2011,5,748,46.75,278,2,16,0.5572917,372,32,0,399,210,393
360,2011,6,393,19.65,68,1,20,0.6199,748,77,0,504.33334,274.83334,287
360,2011,7,287,15.105263,42,1,19,0.66017544,393,372,0,476,318.16666,108
360,2011,8,108,12,27,2,9,0.6588889,287,748,0,262.66666,330.83334,164
360,2011,9,164,14.909091,36,1,11,0.6166667,108,393,0,186.33333,345.33334,97
360,2011,10,97,9.7,24,1,10,0.654,164,287,0,123,299.5,86
360,2011,11,86,6.142857,24,1,14,0.61,97,108,0,115.666664,189.16667,26
361,2011,1,652,46.57143,108,3,14,1.0580952,583,0,0,617.5,617.5,681
361,2011,2,681,32.42857,297,2,21,0.8994841,652,0,0,638.6667,638.6667,1252
361,2011,3,1252,54.434784,204,3,23,0.91847825,681,583,0,861.6667,792,342
361,2011,4,342,19,100,3,18,0.974537,1252,652,0,758.3333,702,1040
361,2011,5,1040,43.333332,203,2,24,0.92334425,342,681,0,878,758.3333,1011
361,2011,6,1011,45.954544,129,2,22,1.0315909,1040,1252,0,797.6667,829.6667,746
361,2011,7,746,32.434784,191,1,23,1.042186,1011,342,0,932.3333,845.3333,666
361,2011,8,666,33.3,145,4,20,1.0625,746,1040,0,807.6667,842.8333,891
361,2011,9,891,44.55,194,1,20,0.9979524,666,1011,0,767.6667,782.6667,486
361,2011,10,486,23.142857,120,1,21,0.9326984,891,746,0,681,806.6667,346
361,2011,11,346,18.210526,57,2,19,0.8442105,486,666,0,574.3333,691,62
366,2011,1,2,1,1,1,2,5.79,26,0,0,14,14,14
366,2011,2,14,4.6666665,7,1,3,2.95,2,0,0,14,14,33
366,2011,3,33,8.25,24,1,4,3.56,14,26,0,16.333334,18.75,4
366,2011,4,4,1.3333334,2,1,3,3.8966668,33,2,0,17,15.8,8
366,2011,5,8,2.6666667,6,1,3,2.95,4,14,0,15,14.5,13
366,2011,6,13,2.6,6,1,5,4.654,8,33,0,8.333333,12.333333,9
366,2011,7,9,3,6,1,3,3.8966668,13,4,0,10,13.5,1
366,2011,8,1,1,1,1,1,5.79,9,8,0,7.6666665,11.333333,9
366,2011,9,9,2.25,6,1,4,4.37,1,13,0,6.3333335,7.3333335,28
366,2011,10,28,9.333333,24,1,3,3.7633333,9,9,0,12.666667,11.333333,89
366,2011,11,89,12.714286,25,1,7,3.4157143,28,1,0,42,24.833334,1
367,2011,1,14,4.6666665,7,1,3,4.39,187,0,0,100.5,100.5,26
367,2011,2,26,6.5,12,1,4,3.66,14,0,0,75.666664,75.666664,86
367,2011,3,86,9.555555,24,1,9,3.1322222,26,187,0,42,78.25,23
367,2011,4,23,3.8333333,7,1,6,3.8966668,86,14,0,45,67.2,15
367,2011,5,15,5,6,3,3,3.4233334,23,26,0,41.333332,58.5,15
367,2011,6,15,5,6,3,3,2.95,15,86,0,17.666666,29.833334,26
367,2011,7,26,4.3333335,12,1,6,3.83,15,23,0,18.666666,31.833334,3
367,2011,8,3,1.5,2,1,2,5.79,26,15,0,14.666667,28,31
367,2011,9,31,5.1666665,12,1,6,3.3566666,3,15,0,20,18.833334,74
367,2011,10,74,8.222222,60,1,9,4.167778,31,26,0,36,27.333334,163
367,2011,11,163,14.818182,62,1,11,3.9839394,74,3,0,89.333336,52,241
368,2011,1,3246,324.6,3132,1,10,3.0556667,195,0,0,1720.5,1720.5,45
368,2011,2,45,5.625,18,1,8,4.05625,3246,0,0,1162,1162,122
368,2011,3,122,8.714286,18,1,14,3.2959523,45,195,0,1137.6666,902,3145
368,2011,4,3145,629,3123,1,5,2.987,122,3246,0,1104,1350.6,12
368,2011,5,12,4,9,1,3,3.3533332,3145,45,0,1093,1127.5,30
368,2011,6,30,5,9,1,6,4.1566668,12,122,0,1062.3334,1100,46
368,2011,7,46,6.571429,18,1,7,3.2385714,30,3145,0,29.333334,566.6667,50
368,2011,8,50,7.142857,9,1,7,3.2385714,46,12,0,42,567.5,81
368,2011,9,81,8.1,29,1,10,3.4336667,50,30,0,59,560.6667,710
368,2011,10,710,32.272728,128,3,22,1.0960606,81,46,0,280.33334,154.83333,2363
368,2011,11,2363,102.73913,612,18,23,1.0839555,710,50,0,1051.3334,546.6667,208
369,2011,1,358,22.375,172,1,16,4.3689585,141,0,0,249.5,249.5,48
369,2011,2,48,48,48,48,1,1.95,358,0,0,182.33333,182.33333,24
369,2011,3,24,3,12,1,8,8.385,48,141,0,143.33333,142.75,3
369,2011,4,3,1,1,1,3,8.93,24,358,0,25,114.8,29
369,2011,5,29,9.666667,24,2,3,5.15,3,48,0,18.666666,100.5,2
369,2011,6,2,2,2,2,1,6.75,29,24,0,11.333333,77.333336,1
369,2011,7,1,1,1,1,1,13.29,2,3,0,10.666667,17.833334,2
369,2011,8,2,2,2,2,1,6.75,1,29,0,1.6666666,10.166667,7
369,2011,9,7,1.4,3,1,5,10.02,2,2,0,3.3333333,7.3333335,15
369,2011,10,15,5,12,1,3,8.663333,7,1,0,8,9.333333,63
369,2011,11,63,9,25,1,7,7.0457144,15,2,0,28.333334,15,244
373,2011,1,124,10.333333,40,1,12,2.0641668,113,0,0,118.5,118.5,167
373,2011,2,167,12.846154,35,1,13,2.7176924,124,0,0,134.66667,134.66667,145
373,2011,3,145,9.666667,20,5,15,1.25,167,113,0,145.33333,137.25,110
373,2011,4,110,11,30,5,10,1.25,145,124,0,140.66667,131.8,129
373,2011,5,129,18.428572,50,4,7,1.25,110,167,0,128,131.33333,113
373,2011,6,113,14.125,20,6,8,1.84625,129,145,0,117.333336,131.33333,26
373,2011,7,26,8.666667,15,1,3,4.43,113,110,0,89.333336,115,115
373,2011,8,115,12.777778,30,5,9,1.25,26,129,0,84.666664,106.333336,111
373,2011,9,111,13.875,40,1,8,2.4425,115,113,0,84,100.666664,100
373,2011,10,100,14.285714,20,10,7,1.2228571,111,26,0,108.666664,99,103
373,2011,11,103,10.3,31,2,10,2.522,100,115,0,104.666664,94.666664,10
374,2011,1,20,2,4,1,10,7.488,20,0,0,20,20,26
374,2011,2,26,3.7142856,16,1,7,6.635714,20,0,0,22,22,18
374,2011,3,18,2.25,4,1,8,8.13375,26,20,0,21.333334,21,11
374,2011,4,11,1.5714285,2,1,7,7.8042855,18,20,0,18.333334,19,18
374,2011,5,18,2.5714285,7,1,7,6.75,11,26,0,15.666667,18.833334,44
374,2011,6,44,4,17,1,11,8.055454,18,18,0,24.333334,22.833334,13
374,2011,7,13,2.1666667,4,1,6,7.98,44,11,0,25,21.666666,20
374,2011,8,20,2.2222223,4,1,9,6.75,13,18,0,25.666666,20.666666,13
374,2011,9,13,2.1666667,5,1,6,7.98,20,44,0,15.333333,19.833334,159
374,2011,10,159,13.25,120,1,12,8.104167,13,13,0,64,44.5,42
374,2011,11,42,3,6,1,14,10.44,159,20,0,71.333336,48.5,162
375,2011,1,36,2.5714285,7,1,14,7.4409523,43,0,0,39.5,39.5,44
375,2011,2,44,3.6666667,10,1,12,6.3416667,36,0,0,41,41,53
375,2011,3,53,5.3,16,1,10,6.6056666,44,43,0,44.333332,44,25
375,2011,4,25,3.5714285,12,1,7,6.3814287,53,36,0,40.666668,40.2,41
375,2011,5,41,2.7333333,6,1,15,5.840667,25,44,0,39.666668,40.333332,35
375,2011,6,35,3.1818182,9,1,11,7.3183637,41,53,0,33.666668,39,26
375,2011,7,26,2.3636363,6,1,11,6.62,35,25,0,34,37.333332,64
375,2011,8,64,4.571429,24,1,14,6.560357,26,41,0,41.666668,40.666668,50
375,2011,9,50,3.8461537,9,1,13,6.7484617,64,35,0,46.666668,40.166668,80
375,2011,10,80,4.7058825,16,1,17,6.2644706,50,26,0,64.666664,49.333332,196
375,2011,11,196,8.909091,62,1,22,6.5743184,80,64,0,108.666664,75.166664,2
378,2011,1,681,42.5625,288,3,16,1.295625,534,0,0,607.5,607.5,491
378,2011,2,491,23.380953,103,1,21,1.3844445,681,0,0,568.6667,568.6667,443
378,2011,3,443,23.31579,72,1,19,1.4941229,491,534,0,538.3333,537.25,218
378,2011,4,218,14.533334,48,1,15,1.4113333,443,681,0,384,473.4,354
378,2011,5,354,19.666666,126,1,18,1.4068519,218,491,0,338.33334,453.5,1362
378,2011,6,1362,71.68421,293,2,19,1.23,354,443,0,644.6667,591.5,305
378,2011,7,305,20.333334,72,1,15,1.3306667,1362,218,0,673.6667,528.8333,440
378,2011,8,440,24.444445,51,1,18,1.440463,305,354,0,702.3333,520.3333,552
378,2011,9,552,29.052631,96,1,19,1.3508333,440,1362,0,432.33334,538.5,730
378,2011,10,730,34.761906,384,1,21,1.353373,552,305,0,574,623.8333,415
378,2011,11,415,24.411764,72,1,17,1.3211765,730,440,0,565.6667,634,109
379,2011,1,260,21.666666,77,1,12,1.48875,493,0,0,376.5,376.5,547
379,2011,2,547,32.17647,312,1,17,1.374902,260,0,0,433.33334,433.33334,381
379,2011,3,381,21.166666,52,1,18,1.4348611,547,493,0,396,420.25,338
379,2011,4,338,19.882353,48,1,17,1.2855883,381,260,0,422,403.8,300
379,2011,5,300,15,51,1,20,1.5525,338,547,0,339.66666,386.5,817
379,2011,6,817,38.904762,312,1,21,1.3895239,300,381,0,485,440.5,369
379,2011,7,369,18.45,48,1,20,1.295375,817,338,0,495.33334,458.66666,705
379,2011,8,705,37.105263,288,1,19,1.3992106,369,300,0,630.3333,485,289
379,2011,9,289,19.266666,49,2,15,1.2768888,705,817,0,454.33334,469.66666,421
379,2011,10,421,22.157894,72,1,19,1.326421,289,369,0,471.66666,483.5,303
379,2011,11,303,17.82353,48,1,17,1.3211765,421,705,0,337.66666,484,108
380,2011,1,88,14.666667,24,1,6,1.3704166,61,0,0,74.5,74.5,31
380,2011,2,31,6.2,25,1,5,1.734,88,0,0,60,60,107
380,2011,3,107,21.4,75,1,5,1.5726666,31,61,0,75.333336,71.75,74
380,2011,4,74,14.8,24,1,5,1.492,107,88,0,70.666664,72.2,51
380,2011,5,51,6.375,29,1,8,1.40125,74,31,0,77.333336,68.666664,130
380,2011,6,130,18.571428,48,1,7,1.4228572,51,107,0,85,80.166664,57
380,2011,7,57,8.142858,24,1,7,1.25,130,74,0,79.333336,75,177
380,2011,8,177,16.09091,52,1,11,1.2118182,57,51,0,121.333336,99.333336,35
380,2011,9,35,2.6923077,7,1,13,0.91884613,177,130,0,89.666664,87.333336,185
380,2011,10,185,13.214286,48,1,14,1.085,35,57,0,132.33333,105.833336,102
380,2011,11,102,6.8,28,1,15,0.984,185,177,0,107.333336,114.333336,47
381,2011,1,425,38.636364,288,1,11,1.2327273,81,0,0,253,253,479
381,2011,2,479,34.214287,288,1,14,1.3228571,425,0,0,328.33334,328.33334,267
381,2011,3,267,16.6875,53,1,16,1.40125,479,81,0,390.33334,313,282
381,2011,4,282,21.692308,49,1,13,1.25,267,425,0,342.66666,306.8,161
381,2011,5,161,12.384615,28,1,13,1.25,282,479,0,236.66667,282.5,589
381,2011,6,589,32.72222,72,2,18,1.2724074,161,267,0,344,367.16666,290
381,2011,7,290,16.11111,48,1,18,1.283611,589,282,0,346.66666,344.66666,646
381,2011,8,646,40.375,288,1,16,1.238125,290,161,0,508.33334,372.5,231
381,2011,9,231,15.4,24,1,15,1.25,646,589,0,389,366.5,289
381,2011,10,289,19.266666,49,1,15,1.3306667,231,290,0,388.66666,367.66666,240
381,2011,11,240,20,72,1,12,1.3508333,289,646,0,253.33333,380.83334,35
382,2011,1,84,14,24,12,6,1.25,51,0,0,67.5,67.5,53
382,2011,2,53,6.625,13,1,8,1.325625,84,0,0,62.666668,62.666668,14
382,2011,3,14,7,12,2,2,1.25,53,51,0,50.333332,50.5,14
382,2011,4,14,7,12,2,2,1.25,14,84,0,27,43.2,31
382,2011,5,31,5.1666665,12,1,6,1.5188888,14,53,0,19.666666,41.166668,78
382,2011,6,78,11.142858,36,2,7,1.25,31,14,0,41,45.666668,31
382,2011,7,31,7.75,12,1,4,1.25,78,14,0,46.666668,36.833332,29
382,2011,8,29,7.25,12,2,4,1.25,31,31,0,46,32.833332,85
382,2011,9,85,9.444445,60,1,9,1.25,29,78,0,48.333332,44.666668,123
382,2011,10,123,9.461538,25,1,13,1.25,85,31,0,79,62.833332,54
382,2011,11,54,3.857143,16,1,14,1.3364285,123,29,0,87.333336,66.666664,13
383,2011,1,94,10.444445,24,1,9,1.39,28,0,0,61,61,42
383,2011,2,42,7,14,1,6,1.3508333,94,0,0,54.666668,54.666668,39
383,2011,3,39,4.3333335,12,1,9,1.5188888,42,28,0,58.333332,50.75,39
383,2011,4,39,9.75,24,1,4,1.505,39,94,0,40,48.4,56
383,2011,5,56,7,18,1,8,1.40125,39,42,0,44.666668,49.666668,54
383,2011,6,54,10.8,12,6,5,1.25,56,39,0,49.666668,54,31
383,2011,7,31,6.2,12,1,5,1.25,54,39,0,47,43.5,44
383,2011,8,44,6.285714,12,2,7,1.25,31,56,0,43,43.833332,47
383,2011,9,47,5.2222223,15,1,9,1.25,44,54,0,40.666668,45.166668,41
383,2011,10,41,5.125,24,1,8,1.325625,47,31,0,44,45.5,54
383,2011,11,54,3,12,1,18,1.25,41,44,0,47.333332,45.166668,24
388,2011,1,73,10.428572,16,7,7,3.39,122,0,0,97.5,97.5,105
388,2011,2,105,11.666667,24,1,9,1.69,73,0,0,100,100,159
388,2011,3,159,9.9375,24,4,16,1.69,105,122,0,112.333336,114.75,175
388,2011,4,175,21.875,46,8,8,1.69,159,73,0,146.33333,126.8,77
388,2011,5,77,11,26,1,7,5.0142856,175,105,0,137,118.5,225
388,2011,6,225,18.75,56,2,12,1.6358334,77,159,0,159,135.66667,162
388,2011,7,162,14.727273,32,8,11,1.345303,225,175,0,154.66667,150.5,205
388,2011,8,205,15.769231,104,4,13,1.69,162,77,0,197.33333,167.16667,80
388,2011,9,80,8.888889,16,2,9,1.69,205,225,0,149,154,123
388,2011,10,123,12.3,24,3,10,1.69,80,162,0,136,145.33333,1322
388,2011,11,1322,77.76471,592,1,17,1.5955882,123,205,0,508.33334,352.83334,42
389,2011,1,160,11.428572,24,8,14,1.69,231,0,0,195.5,195.5,307
389,2011,2,307,25.583334,80,8,12,1.69,160,0,0,232.66667,232.66667,396
389,2011,3,396,26.4,192,4,15,1.6846666,307,231,0,287.66666,273.5,437
389,2011,4,437,29.133333,160,1,15,1.69,396,160,0,380,306.2,476
389,2011,5,476,25.052631,72,6,19,1.9961842,437,307,0,436.33334,334.5,321
389,2011,6,321,16.05,64,3,20,1.6791667,476,396,0,411.33334,349.5,442
389,2011,7,442,23.263159,40,8,19,1.4619298,321,437,0,413,396.5,191
389,2011,8,191,11.235294,40,3,17,1.69,442,476,0,318,377.16666,520
389,2011,9,520,28.88889,80,8,18,1.7297223,191,321,0,384.33334,397.83334,576
389,2011,10,576,30.31579,176,2,19,1.6773684,520,442,0,429,421,571
389,2011,11,571,25.954546,52,1,22,1.7225,576,191,0,555.6667,436.83334,81
390,2011,1,232,23.2,100,3,10,3.8635,1844,0,0,1038,1038,693
390,2011,2,693,69.3,480,4,10,3.7975,232,0,0,923,923,289
390,2011,3,289,20.642857,70,6,14,3.9790475,693,1844,0,404.66666,764.5,245
390,2011,4,245,27.222221,96,2,9,3.662,289,232,0,409,660.6,515
390,2011,5,515,42.916668,314,2,12,3.9661667,245,693,0,349.66666,636.3333,1678
390,2011,6,1678,119.85714,370,1,14,4.118202,515,289,0,812.6667,608.6667,636
390,2011,7,636,37.411766,108,1,17,3.8457844,1678,245,0,943,676,367
390,2011,8,367,33.363636,168,1,11,3.94,636,515,0,893.6667,621.6667,719
390,2011,9,719,47.933334,171,3,15,4.0720553,367,1678,0,574,693.3333,632
390,2011,10,632,31.6,128,1,20,4.0120835,719,636,0,572.6667,757.8333,2232
390,2011,11,2232,85.84615,556,1,26,4.6963844,632,367,0,1194.3334,1044,1574
395,2011,1,148,8.222222,22,1,18,1.7363889,367,0,0,257.5,257.5,417
395,2011,2,417,29.785715,210,1,14,2.1795237,148,0,0,310.66666,310.66666,416
395,2011,3,416,20.8,201,1,20,1.8861667,417,367,0,327,337,326
395,2011,4,326,23.285715,213,1,14,2.0769048,416,148,0,386.33334,334.8,280
395,2011,5,280,14.736842,52,1,19,1.7604386,326,417,0,340.66666,325.66666,306
395,2011,6,306,18,200,1,17,2.032353,280,416,0,304,315.5,321
395,2011,7,321,18.882353,213,1,17,1.9102942,306,326,0,302.33334,344.33334,265
395,2011,8,265,15.588235,93,2,17,1.8642157,321,280,0,297.33334,319,221
395,2011,9,221,10.045455,32,1,22,1.8993182,265,306,0,269,286.5,413
395,2011,10,413,19.666666,206,1,21,1.9505556,221,321,0,299.66666,301,429
395,2011,11,429,17.875,53,1,24,1.853559,413,265,0,354.33334,325.83334,126
396,2011,1,135,7.9411764,19,1,17,2.4797058,164,0,0,149.5,149.5,157
396,2011,2,157,8.722222,24,1,18,3.2585185,135,0,0,152,152,473
396,2011,3,473,22.52381,252,2,21,3.1663969,157,164,0,255,232.25,323
396,2011,4,323,17.944445,106,1,18,3.1377685,473,135,0,317.66666,250.4,368
396,2011,5,368,19.368422,57,2,19,2.9014912,323,157,0,388,270,380
396,2011,6,380,17.272728,150,1,22,3.2050757,368,473,0,357,306,196
396,2011,7,196,10.888889,29,1,18,3.208287,380,323,0,314.66666,316.16666,236
396,2011,8,236,11.238095,26,1,21,3.3342063,196,368,0,270.66666,329.33334,212
396,2011,9,212,9.217391,24,1,23,3.3533332,236,380,0,214.66667,285.83334,218
396,2011,10,218,10.380953,37,1,21,3.4011507,212,196,0,222,268.33334,244
396,2011,11,244,9.76,56,1,25,3.2800667,218,236,0,224.66667,247.66667,51
397,2011,1,368,21.647058,117,1,17,2.4673529,293,0,0,330.5,330.5,276
397,2011,2,276,17.25,62,1,16,2.33375,368,0,0,312.33334,312.33334,274
397,2011,3,274,14.421053,120,1,19,2.2277193,276,293,0,306,302.75,88
397,2011,4,88,8.8,16,1,10,1.95,274,368,0,212.66667,259.8,167
397,2011,5,167,10.4375,31,2,16,2.0635417,88,276,0,176.33333,244.33333,137
397,2011,6,137,9.133333,60,1,15,2.2206666,167,274,0,130.66667,218.33333,94
397,2011,7,94,5.875,11,1,16,2.1203125,137,88,0,132.66667,172.66667,141
397,2011,8,141,12.818182,60,2,11,2.22,94,167,0,124,150.16667,298
397,2011,9,298,16.555555,70,1,18,2.4828703,141,137,0,177.66667,154.16667,337
397,2011,10,337,18.722221,120,1,18,2.4616666,298,94,0,258.66666,195.66667,569
397,2011,11,569,28.45,138,1,20,2.4563549,337,141,0,401.33334,262.66666,129
399,2011,1,4,1,1,1,4,2.37,21,0,0,12.5,12.5,28
399,2011,2,28,4,12,1,7,1.5814285,4,0,0,17.666666,17.666666,11
399,2011,3,11,2.2,4,1,5,1.818,28,21,0,14.333333,16,12
399,2011,4,12,6,11,1,2,1.45,11,4,0,17,15.2,32
399,2011,5,32,5.3333335,12,1,6,1.7566667,12,28,0,18.333334,18,25
399,2011,6,25,4.1666665,10,1,6,1.7566667,32,11,0,23,18.666666,218
399,2011,7,218,14.533334,72,1,15,0.74444443,25,12,0,91.666664,54.333332,291
399,2011,8,291,24.25,121,1,12,0.63166666,218,32,0,178,98.166664,215
399,2011,9,215,13.4375,38,1,16,0.39,291,25,0,241.33333,132.16667,357
399,2011,10,357,23.8,242,1,15,0.5833333,215,218,0,287.66666,189.66667,223
399,2011,11,223,11.15,38,1,20,0.81775,357,291,0,265,221.5,37
400,2011,1,6,2,3,1,3,1.45,19,0,0,12.5,12.5,18
400,2011,2,18,2.25,6,1,8,1.91,6,0,0,14.333333,14.333333,8
400,2011,3,8,2,3,1,4,1.91,18,19,0,10.666667,12.75,7
400,2011,4,7,7,7,7,1,1.45,8,6,0,11,11.6,18
400,2011,5,18,3.6,12,1,5,1.818,7,18,0,11,12.666667,24
400,2011,6,24,3,10,1,8,1.68,18,8,0,16.333334,13.5,185
400,2011,7,185,20.555555,72,1,9,0.9911111,24,7,0,75.666664,43.333332,232
400,2011,8,232,23.2,49,2,10,0.39,185,18,0,147,79,136
400,2011,9,136,9.714286,36,1,14,0.39,232,24,0,184.33333,100.333336,281
400,2011,10,281,25.545454,240,1,11,0.65363634,136,185,0,216.33333,146,161
400,2011,11,161,7.6666665,31,1,21,0.758254,281,232,0,192.66667,169.83333,32
403,2011,1,9,3,4,2,3,1.45,8,0,0,8.5,8.5,25
403,2011,2,25,4.1666665,12,1,6,2.0633333,9,0,0,14,14,16
403,2011,3,16,5.3333335,12,1,3,1.45,25,8,0,16.666666,14.5,6
403,2011,4,6,1.2,2,1,5,2.37,16,9,0,15.666667,12.8,63
403,2011,5,63,12.6,24,2,5,1.634,6,25,0,28.333334,21.166666,21
403,2011,6,21,4.2,10,2,5,1.45,63,16,0,30,23.333334,182
403,2011,7,182,20.222221,96,1,9,0.39,21,6,0,88.666664,52.166668,308
403,2011,8,308,28,121,1,11,0.39,182,63,0,170.33333,99.333336,163
403,2011,9,163,18.11111,48,1,9,0.5511111,308,21,0,217.66667,123.833336,371
403,2011,10,371,26.5,242,1,14,0.7007143,163,182,0,280.66666,184.66667,229
403,2011,11,229,10.409091,48,1,22,0.81795454,371,308,0,254.33333,212.33333,64
405,2011,1,94,7.230769,25,1,13,3.4115384,111,0,0,102.5,102.5,176
405,2011,2,176,9.777778,77,1,18,3.1924074,94,0,0,127,127,188
405,2011,3,188,11.75,48,1,16,3.2754166,176,111,0,152.66667,142.25,82
405,2011,4,82,7.4545455,30,1,11,3.43,188,94,0,148.66667,130.2,304
405,2011,5,304,17.882353,156,1,17,3.0994117,82,176,0,191.33333,159.16667,296
405,2011,6,296,22.76923,144,1,13,3.304359,304,188,0,227.33333,190,79
405,2011,7,79,7.181818,18,1,11,3.2081819,296,82,0,226.33333,187.5,143
405,2011,8,143,6.8095236,36,1,21,3.085238,79,304,0,172.66667,182,68
405,2011,9,68,4.857143,20,1,14,3.5442858,143,296,0,96.666664,162,73
405,2011,10,73,6.6363635,18,1,11,3.0790908,68,79,0,94.666664,160.5,89
405,2011,11,89,5.2352943,12,1,17,3.3954902,73,143,0,76.666664,124.666664,65
406,2011,1,251,16.733334,52,1,15,1.8562223,290,0,0,270.5,270.5,279
406,2011,2,279,15.5,60,1,18,1.9683334,251,0,0,273.33334,273.33334,340
406,2011,3,340,16.190475,60,1,21,1.8471428,279,290,0,290,290,150
406,2011,4,150,11.538462,27,2,13,1.8905128,340,251,0,256.33334,262,298
406,2011,5,298,14.190476,60,1,21,1.8004762,150,279,0,262.66666,268,257
406,2011,6,257,13.526316,60,1,19,2.2628071,298,340,0,235,262.5,484
406,2011,7,484,26.88889,204,1,18,2.0866666,257,150,0,346.33334,301.33334,408
406,2011,8,408,21.473684,60,2,19,1.8422807,484,298,0,383,322.83334,662
406,2011,9,662,38.941177,287,1,17,2.2274902,408,257,0,518,376.5,192
406,2011,10,192,10.666667,50,1,18,2.0402594,662,484,0,420.66666,383.5,415
406,2011,11,415,18.863636,98,1,22,2.4767272,192,408,0,423,403,130
407,2011,1,391,19.55,62,1,20,2.2128167,608,0,0,499.5,499.5,447
407,2011,2,447,20.318182,88,1,22,2.3924546,391,0,0,482,482,826
407,2011,3,826,30.592592,161,2,27,2.2956173,447,608,0,554.6667,568,750
407,2011,4,750,37.5,175,2,20,2.2384918,826,391,0,674.3333,604.4,1044
407,2011,5,1044,41.76,209,1,25,2.1865344,750,447,0,873.3333,677.6667,599
407,2011,6,599,24.958334,249,1,24,2.6172569,1044,826,0,797.6667,676.1667,481
407,2011,7,481,53.444443,193,2,9,3.318889,599,750,0,708,691.1667,1
407,2011,8,1,1,1,1,1,4.13,481,1044,0,360.33334,616.8333,2073
407,2011,9,2073,86.375,438,2,24,2.2304168,1,599,0,851.6667,824.6667,909
407,2011,10,909,37.875,147,1,24,2.2460244,2073,481,0,994.3333,851.1667,1342
407,2011,11,1342,95.85714,500,2,14,2.458864,909,1,0,1441.3334,900.8333,893
408,2011,1,77,19.25,50,1,4,0.37,79,0,0,78,78,63
408,2011,2,63,12.6,25,1,5,0.378,77,0,0,73,73,101
408,2011,3,101,25.25,50,1,4,0.2625,63,79,0,80.333336,80,27
408,2011,4,27,27,27,27,1,0.35,101,77,0,63.666668,69.4,8
408,2011,5,8,2.6666667,5,1,3,0.42,27,63,0,45.333332,59.166668,74
408,2011,6,74,37,73,1,2,0.3675,8,101,0,36.333332,58.333332,150
408,2011,7,150,30,72,1,5,0.294,74,27,0,77.333336,70.5,87
408,2011,8,87,29,79,2,3,0.385,150,8,0,103.666664,74.5,132
408,2011,9,132,33,100,1,4,0.315,87,74,0,123,79.666664,182
408,2011,10,182,20.222221,76,1,9,0.33833334,132,150,0,133.66667,105.5,211
408,2011,11,211,26.375,72,1,8,0.328125,182,87,0,175,139.33333,241
409,2011,1,155,9.6875,48,1,16,2.6054168,172,0,0,163.5,163.5,160
409,2011,2,160,10.666667,48,1,15,2.3517778,155,0,0,162.33333,162.33333,396
409,2011,3,396,18.857143,158,1,21,2.445397,160,172,0,237,220.75,473
409,2011,4,473,29.5625,150,2,16,1.7711667,396,155,0,343,271.2,445
409,2011,5,445,21.190475,145,1,21,2.1433334,473,160,0,438,300.16666,442
409,2011,6,442,26,241,2,17,1.9848236,445,396,0,453.33334,345.16666,251
409,2011,7,251,13.210526,48,1,19,2.1394737,442,473,0,379.33334,361.16666,79
409,2011,8,79,26.333334,72,1,3,2.4233334,251,445,0,257.33334,347.66666,757
409,2011,9,757,39.842106,222,1,19,1.8504211,79,442,0,362.33334,407.83334,310
409,2011,10,310,15.5,48,1,20,2.532,757,251,0,382,380.66666,530
409,2011,11,530,21.2,67,1,25,2.07816,310,79,0,532.3333,394.83334,254
412,2011,1,124,8.266666,60,1,15,2.4053333,168,0,0,146,146,221
412,2011,2,221,11.631579,72,1,19,2.3560965,124,0,0,171,171,223
412,2011,3,223,9.695652,24,1,23,2.4068115,221,168,0,189.33333,184,193
412,2011,4,193,12.866667,41,1,15,2.2696667,223,124,0,212.33333,185.8,308
412,2011,5,308,14,67,1,22,2.3931944,193,221,0,241.33333,206.16667,310
412,2011,6,310,15.5,57,2,20,2.7684941,308,223,0,270.33334,229.83333,333
412,2011,7,333,16.65,172,1,20,2.6015,310,193,0,317,264.66666,265
412,2011,8,265,12.045455,42,1,22,2.7897348,333,308,0,302.66666,272,685
412,2011,9,685,27.4,301,1,25,2.6192,265,310,0,427.66666,349,458
412,2011,10,458,20.818182,135,1,22,2.6406817,685,333,0,469.33334,393.16666,570
412,2011,11,570,30,197,1,19,3.2993171,458,265,0,571,436.83334,321
413,2011,1,2410,133.88889,2060,1,18,2.40234,368,0,0,1389,1389,319
413,2011,2,319,15.95,62,1,20,2.7733834,2410,0,0,1032.3334,1032.3334,540
413,2011,3,540,20.76923,85,1,26,2.7408268,319,368,0,1089.6666,909.25,2508
413,2011,4,2508,125.4,2067,1,20,2.5875678,540,2410,0,1122.3334,1229,603
413,2011,5,603,25.125,61,1,24,2.5685763,2508,319,0,1217,1124.6666,427
413,2011,6,427,16.423077,54,1,26,2.8560386,603,540,0,1179.3334,1134.5,812
413,2011,7,812,33.833332,225,1,24,2.7449305,427,2508,0,614,868.1667,463
413,2011,8,463,24.368422,72,1,19,2.7432194,812,603,0,567.3333,892.1667,1013
413,2011,9,1013,42.208332,257,1,24,2.8149376,463,427,0,762.6667,971,950
413,2011,10,950,39.583332,243,1,24,2.999912,1013,812,0,808.6667,711.3333,1534
413,2011,11,1534,59,244,3,26,2.9674506,950,463,0,1165.6666,866.5,278
419,2011,1,6,6,6,6,1,3.36,44,0,0,25,25,12
419,2011,2,12,12,12,12,1,1.65,6,0,0,20.666666,20.666666,36
419,2011,3,36,6,12,2,6,1.9233333,12,44,0,18,24.5,13
419,2011,4,13,6.5,12,1,2,1.65,36,6,0,20.333334,22.2,17
419,2011,5,17,5.6666665,8,3,3,1.9233333,13,12,0,22,21.333334,16
419,2011,6,16,4,8,1,4,2.47,17,36,0,15.333333,16.666666,21
419,2011,7,21,5.25,12,2,4,2.47,16,13,0,18,19.166666,5
419,2011,8,5,1.6666666,2,1,3,2.7433333,21,17,0,14,18,5
419,2011,9,5,1.6666666,3,1,3,2.7433333,5,16,0,10.333333,12.833333,6
419,2011,10,6,6,6,6,1,1.65,5,21,0,5.3333335,11.666667,105
419,2011,11,105,8.75,25,2,12,2.9027777,6,5,0,38.666668,26.333334,69
421,2011,1,3,1.5,2,1,2,4.13,158,0,0,80.5,80.5,54
421,2011,2,54,27,48,6,2,1.895,3,0,0,71.666664,71.666664,61
421,2011,3,61,12.2,48,1,5,2.424,54,158,0,39.333332,69,8
421,2011,4,8,4,6,2,2,3.115,61,3,0,41,56.8,20
421,2011,5,20,4,7,1,5,2.912,8,54,0,29.666666,50.666668,20
421,2011,6,20,5,6,2,4,2.1,20,61,0,16,27.666666,19
421,2011,7,19,6.3333335,12,2,3,2.7766666,20,8,0,19.666666,30.333334,3
421,2011,8,3,3,3,3,1,4.13,19,20,0,14,21.833334,20
421,2011,9,20,5,12,1,4,3.115,3,20,0,14,15,28
421,2011,10,28,4.6666665,6,3,6,2.1,20,19,0,17,18.333334,124
421,2011,11,124,7.2941175,34,1,17,2.9358823,28,3,0,57.333332,35.666668,44
423,2011,1,27,3,11,1,9,1.7822223,27,0,0,27,27,26
423,2011,2,26,8.666667,24,1,3,2.7766666,27,0,0,26.666666,26.666666,9
423,2011,3,9,2.25,3,1,4,3.6225,26,27,0,20.666666,22.25,6
423,2011,4,6,2,2,2,3,2.7766666,9,27,0,13.666667,19,2
423,2011,5,2,1,1,1,2,3.115,6,26,0,5.6666665,16.166666,118
423,2011,6,118,19.666666,48,1,6,1.81,2,9,0,42,31.333334,39
423,2011,7,39,9.75,24,1,4,1.52,118,6,0,53,33.333332,66
423,2011,8,66,11,14,3,6,1.81,39,2,0,74.333336,40,39
423,2011,9,39,9.75,12,3,4,0.65,66,118,0,48,45,52
423,2011,10,52,10.4,36,1,5,0.65,39,39,0,52.333332,52.666668,53
423,2011,11,53,10.6,18,2,5,0.65,52,66,0,48,61.166668,35
427,2011,1,414,31.846153,96,1,13,1.24,96,0,0,255,255,73
427,2011,2,73,18.25,48,1,4,1.3425,414,0,0,194.33333,194.33333,24
427,2011,3,24,12,12,12,2,1.65,73,96,0,170.33333,151.75,44
427,2011,4,44,6.285714,12,1,7,1.8842857,24,414,0,47,130.2,62
427,2011,5,62,12.4,25,1,5,2.142,44,73,0,43.333332,118.833336,58
427,2011,6,58,9.666667,24,1,6,1.3766667,62,24,0,54.666668,112.5,85
427,2011,7,85,6.071429,24,1,14,1.1033334,58,44,0,68.333336,57.666668,48
427,2011,8,48,16,24,12,3,1.65,85,62,0,63.666668,53.5,50
427,2011,9,50,16.666666,48,1,3,1.65,48,58,0,61,57.833332,1
427,2011,10,1,1,1,1,1,3.29,50,85,0,33,50.666668,62
427,2011,11,62,15.5,48,1,4,1.6,1,48,0,37.666668,50.666668,12
429,2011,1,262,18.714285,101,1,14,1.6440476,109,0,0,185.5,185.5,17
429,2011,2,17,8.5,12,5,2,1.65,262,0,0,129.33333,129.33333,48
429,2011,3,48,9.6,18,2,5,2.142,17,109,0,109,109,10
429,2011,4,10,3.3333333,7,1,3,2.7433333,48,262,0,25,89.2,3
429,2011,5,3,1.5,2,1,2,3.29,10,17,0,20.333334,74.833336,17
429,2011,6,17,5.6666665,12,2,3,1.65,3,48,0,10,59.5,18
429,2011,7,18,3.6,10,1,5,2.634,17,10,0,12.666667,18.833334,7
429,2011,8,7,2.3333333,4,1,3,2.7433333,18,3,0,14,17.166666,170
429,2011,9,170,28.333334,144,1,6,2.3,7,17,0,65,37.5,162
429,2011,10,162,32.4,144,1,5,1.61,170,18,0,113,62.833332,290
429,2011,11,290,48.333332,264,2,6,1.9011111,162,7,0,207.33333,110.666664,6
430,2011,1,93,10.333333,48,1,9,2.868148,40,0,0,66.5,66.5,53
430,2011,2,53,5.888889,12,1,9,3.3533332,93,0,0,62,62,82
430,2011,3,82,16.4,48,1,5,2.942,53,40,0,76,67,44
430,2011,4,44,8.8,12,3,5,2.791,82,93,0,59.666668,62.4,85
430,2011,5,85,8.5,24,1,10,3.1123333,44,53,0,70.333336,66.166664,99
430,2011,6,99,11,48,1,9,2.9462962,85,82,0,76,76,45
430,2011,7,45,5,12,1,9,3.6211112,99,44,0,76.333336,68,68
430,2011,8,68,11.333333,48,1,6,3.2783334,45,85,0,70.666664,70.5,164
430,2011,9,164,32.8,144,1,5,2.942,68,99,0,92.333336,84.166664,154
430,2011,10,154,30.8,144,1,5,2.46,164,45,0,128.66667,102.5,294
430,2011,11,294,42,240,1,7,3.1742857,154,68,0,204,137.33333,19
432,2011,1,24,4.8,12,1,5,1.65,3,0,0,13.5,13.5,4
432,2011,2,4,1,1,1,4,2.47,24,0,0,10.333333,10.333333,75
432,2011,3,75,10.714286,25,1,7,2.1185715,4,3,0,34.333332,26.5,91
432,2011,4,91,11.375,24,3,8,1.65,75,24,0,56.666668,39.4,35
432,2011,5,35,7,12,2,5,2.306,91,4,0,67,38.666668,39
432,2011,6,39,4.3333335,12,1,9,2.01,35,75,0,55,44.666668,79
432,2011,7,79,6.076923,18,1,13,1.6361538,39,91,0,51,53.833332,37
432,2011,8,37,12.333333,24,1,3,2.1966667,79,35,0,51.666668,59.333332,53
432,2011,9,53,7.571429,20,1,7,1.8842857,37,39,0,56.333332,55.666668,30
432,2011,10,30,6,12,1,5,1.978,53,79,0,40,45.5,14
432,2011,11,14,4.6666665,12,1,3,2.7433333,30,37,0,32.333332,42,15
433,2011,1,47,4.2727275,8,2,11,2.5072727,19,0,0,33,33,4
433,2011,2,4,4,4,4,1,2.55,47,0,0,23.333334,23.333334,24
433,2011,3,24,4.8,12,1,5,3.755,4,19,0,25,23.5,36
433,2011,4,36,6,13,1,6,2.55,24,47,0,21.333334,26,17
433,2011,5,17,3.4,6,1,5,3.032,36,4,0,25.666666,24.5,12
433,2011,6,12,2.4,4,1,5,2.55,17,24,0,21.666666,23.333334,28
433,2011,7,28,5.6,12,2,5,2.55,12,36,0,19,20.166666,22
433,2011,8,22,5.5,7,3,4,3.1525,28,17,0,20.666666,23.166666,24
433,2011,9,24,12,12,12,2,2.55,22,12,0,24.666666,23.166666,3
433,2011,10,3,1,1,1,3,4.1566668,24,28,0,16.333334,17.666666,16
433,2011,11,16,5.3333335,12,1,3,2.55,3,22,0,14.333333,17.5,1
435,2011,1,30,4.285714,9,1,7,1.65,34,0,0,32,32,60
435,2011,2,60,30,48,12,2,1.55,30,0,0,41.333332,41.333332,108
435,2011,3,108,15.428572,48,1,7,1.6185714,60,34,0,66,58,4
435,2011,4,4,2,3,1,2,1.635,108,30,0,57.333332,47.2,30
435,2011,5,30,3.75,12,1,8,1.64125,4,60,0,47.333332,44.333332,162
435,2011,6,162,14.727273,48,1,11,1.6090909,30,108,0,65.333336,65.666664,111
435,2011,7,111,11.1,49,1,10,1.633,162,4,0,101,79.166664,88
435,2011,8,88,12.571428,48,2,7,1.6185714,111,30,0,120.333336,83.833336,179
435,2011,9,179,12.785714,48,1,14,1.6169047,88,162,0,126,95.666664,184
435,2011,10,184,13.142858,67,1,14,1.6397619,179,111,0,150.33333,125.666664,64
435,2011,11,64,5.818182,25,1,11,1.6384848,184,88,0,142.33333,131.33333,14
436,2011,1,54,6,14,1,9,1.645,3,0,0,28.5,28.5,85
436,2011,2,85,21.25,48,1,4,2.01,54,0,0,47.333332,47.333332,61
436,2011,3,61,10.166667,48,1,6,2.5733333,85,3,0,66.666664,50.75,6
436,2011,4,6,2,4,1,3,2.7433333,61,54,0,50.666668,41.8,12
436,2011,5,12,2.4,6,1,5,2.634,6,85,0,26.333334,36.833332,201
436,2011,6,201,25.125,96,2,8,1.4775,12,61,0,73,69.833336,136
436,2011,7,136,15.111111,36,2,9,0.87333333,201,6,0,116.333336,83.5,72
436,2011,8,72,14.4,24,12,5,0.39,136,12,0,136.33333,81.333336,72
436,2011,9,72,12,12,12,6,0.39,72,201,0,93.333336,83.166664,75
436,2011,10,75,25,48,3,3,0.39,72,136,0,73,94.666664,125
436,2011,11,125,17.857143,36,12,7,0.39,75,72,0,90.666664,113.5,38
437,2011,1,130,10.833333,48,2,12,1.615,3,0,0,66.5,66.5,88
437,2011,2,88,17.6,48,2,5,1.938,130,0,0,73.666664,73.666664,77
437,2011,3,77,9.625,48,1,8,2.445,88,3,0,98.333336,74.5,7
437,2011,4,7,1.4,2,1,5,2.306,77,130,0,57.333332,61,24
437,2011,5,24,3.4285715,12,1,7,2.8214285,7,88,0,36,54.833332,334
437,2011,6,334,37.11111,144,1,9,1.0344445,24,77,0,121.666664,110,117
437,2011,7,117,14.625,36,2,8,1.4775,334,7,0,158.33333,107.833336,77
437,2011,8,77,15.4,29,12,5,0.39,117,24,0,176,106,146
437,2011,9,146,29.2,96,2,5,0.39,77,334,0,113.333336,117.5,72
437,2011,10,72,36,60,12,2,0.39,146,117,0,98.333336,128.33333,108
437,2011,11,108,15.428572,36,6,7,0.39,72,77,0,108.666664,142.33333,41
438,2011,1,425,21.25,108,1,20,1.573125,578,0,0,501.5,501.5,745
438,2011,2,745,43.82353,205,1,17,1.9639705,425,0,0,582.6667,582.6667,738
438,2011,3,738,32.086956,109,2,23,1.7535145,745,578,0,636,621.5,97
438,2011,4,97,48.5,84,13,2,1.7175,738,425,0,526.6667,516.6,1
438,2011,5,1,1,1,1,1,3.75,97,745,0,278.66666,430.66666,425
438,2011,6,425,25,196,1,17,1.7929412,1,738,0,174.33333,405.16666,460
438,2011,7,460,23,120,1,20,1.6266667,425,97,0,295.33334,411,397
438,2011,8,397,18.904762,96,1,21,1.7995238,460,1,0,427.33334,353,593
438,2011,9,593,25.782608,194,2,23,1.7154202,397,425,0,483.33334,328.83334,427
438,2011,10,427,22.473684,201,1,19,1.654342,593,460,0,472.33334,383.83334,867
438,2011,11,867,39.409092,186,1,22,1.6553409,427,397,0,629,528.1667,59
440,2011,1,3411,148.30435,1540,1,23,0.7950326,4106,0,0,3758.5,3758.5,2095
440,2011,2,2095,91.08696,339,2,23,0.73778987,3411,0,0,3204,3204,3975
440,2011,3,3975,147.22223,555,2,27,0.6989631,2095,4106,0,3160.3333,3396.75,3020
440,2011,4,3020,143.80952,1108,9,21,0.6970678,3975,3411,0,3030,3321.4,3465
440,2011,5,3465,138.6,1236,12,25,0.7274015,3020,2095,0,3486.6667,3345.3333,1936
440,2011,6,1936,77.44,409,1,25,0.7544238,3465,3975,0,2807,2983.6667,2808
440,2011,7,2808,108,564,1,26,0.7012299,1936,3020,0,2736.3333,2883.1667,3014
440,2011,8,3014,115.92308,1369,3,26,0.77302563,2808,3465,0,2586,3036.3333,3426
440,2011,9,3426,137.04,810,3,25,0.7631789,3014,1936,0,3082.6667,2944.8333,2079
440,2011,10,2079,83.16,278,11,25,0.7277814,3426,2808,0,2839.6667,2788,2625
440,2011,11,2625,100.96154,529,1,26,0.81319535,2079,3014,0,2710,2648,459
441,2011,1,794,39.7,128,1,20,0.7592738,1351,0,0,1072.5,1072.5,516
441,2011,2,516,27.157894,123,1,19,0.93908775,794,0,0,887,887,1421
441,2011,3,1421,61.782608,374,1,23,0.77916664,516,1351,0,910.3333,1020.5,1737
441,2011,4,1737,102.17647,993,4,17,0.7890294,1421,794,0,1224.6666,1163.8,781
441,2011,5,781,39.05,231,10,20,0.770575,1737,516,0,1313,1100,1233
441,2011,6,1233,49.32,219,1,25,0.75883335,781,1421,0,1250.3334,1080.3334,1159
441,2011,7,1159,48.291668,483,1,24,0.6725,1233,1737,0,1057.6666,1141.1666,1422
441,2011,8,1422,74.8421,721,2,19,0.8022807,1159,781,0,1271.3334,1292.1666,2527
441,2011,9,2527,101.08,625,2,25,0.77906,1422,1233,0,1702.6666,1476.5,1407
441,2011,10,1407,56.28,263,2,25,0.79239285,2527,1159,0,1785.3334,1421.5,686
441,2011,11,686,29.826086,121,1,23,0.7564855,1407,1422,0,1540,1405.6666,142
442,2011,1,60,4.6153846,11,1,13,1.1176924,165,0,0,112.5,112.5,96
442,2011,2,96,9.6,24,1,10,1.11,60,0,0,107,107,169
442,2011,3,169,14.083333,49,1,12,0.84166664,96,165,0,108.333336,122.5,47
442,2011,4,47,4.2727275,24,1,11,0.7621212,169,60,0,104,107.4,37
442,2011,5,37,5.285714,24,1,7,0.9,47,96,0,84.333336,95.666664,53
442,2011,6,53,10.6,24,1,5,0.55,37,169,0,45.666668,77,82
442,2011,7,82,10.25,25,1,8,0.94375,53,47,0,57.333332,80.666664,130
442,2011,8,130,21.666666,50,1,6,0.84166664,82,37,0,88.333336,86.333336,86
442,2011,9,86,9.555555,48,1,9,0.78333336,130,53,0,99.333336,72.5,129
442,2011,10,129,18.428572,51,1,7,0.8,86,82,0,115,86.166664,33
442,2011,11,33,5.5,24,1,6,0.84166664,129,130,0,82.666664,85.5,2
443,2011,1,191,11.235294,38,1,17,7.179412,115,0,0,153,153,257
443,2011,2,257,12.85,97,1,20,7.8,191,0,0,187.66667,187.66667,231
443,2011,3,231,12.833333,120,1,18,7.337963,257,115,0,226.33333,198.5,217
443,2011,4,217,13.5625,76,1,16,6.4905653,231,191,0,235,202.2,104
443,2011,5,104,6.117647,18,1,17,6.452941,217,257,0,184,185.83333,178
443,2011,6,178,9.888889,75,1,18,7.567222,104,231,0,166.33333,196.33333,163
443,2011,7,163,10.1875,48,2,16,6.8676043,178,217,0,148.33333,191.66667,190
443,2011,8,190,11.176471,44,1,17,6.471961,163,104,0,177,180.5,201
443,2011,9,201,10.05,78,1,20,6.7108335,190,178,0,184.66667,175.5,75
443,2011,10,75,5,24,1,15,7.239333,201,163,0,155.33333,151.83333,168
443,2011,11,168,10.5,30,2,16,6.703271,75,190,0,148,162.5,43
444,2011,1,114,6.3333335,25,1,18,11.7722225,61,0,0,87.5,87.5,128
444,2011,2,128,8,48,1,16,11.170417,114,0,0,101,101,232
444,2011,3,232,10.545455,121,1,22,12.195151,128,61,0,158,133.75,83
444,2011,4,83,7.5454545,48,1,11,11.747879,232,114,0,147.66667,123.6,41
444,2011,5,41,2.5625,8,1,16,11.530833,83,128,0,118.666664,109.833336,39
444,2011,6,39,3.5454545,14,1,11,11.875455,41,232,0,54.333332,106.166664,53
444,2011,7,53,4.076923,16,1,13,13.240513,39,83,0,44.333332,96,77
444,2011,8,77,5.133333,25,1,15,12.423778,53,41,0,56.333332,87.5,57
444,2011,9,57,3,18,1,19,13.645263,77,39,0,62.333332,58.333332,42
444,2011,10,42,2.625,5,1,16,12.829375,57,53,0,58.666668,51.5,120
444,2011,11,120,6,15,1,20,12.6114,42,77,0,73,64.666664,42
445,2011,1,187,12.466666,106,1,15,6.1782665,160,0,0,173.5,173.5,420
445,2011,2,420,26.25,128,1,16,5.545104,187,0,0,255.66667,255.66667,227
445,2011,3,227,15.133333,120,3,15,5.8504667,420,160,0,278,248.5,214
445,2011,4,214,14.266666,72,1,15,4.7345557,227,187,0,287,241.6,231
445,2011,5,231,14.4375,59,1,16,5.543646,214,420,0,224,239.83333,115
445,2011,6,115,8.846154,72,1,13,6.418077,231,227,0,186.66667,232.33333,124
445,2011,7,124,7.75,48,1,16,5.6137085,115,214,0,156.66667,221.83333,239
445,2011,8,239,15.933333,61,1,15,4.9643335,124,231,0,159.33333,191.66667,121
445,2011,9,121,7.117647,42,1,17,5.179608,239,115,0,161.33333,174,79
445,2011,10,79,5.266667,12,1,15,5.457,121,124,0,146.33333,151.5,274
445,2011,11,274,13.047619,55,1,21,5.49346,79,239,0,158,158.66667,42
446,2011,1,103,6.866667,20,1,15,0.8806667,50,0,0,76.5,76.5,26
446,2011,2,26,5.2,10,2,5,1.492,103,0,0,59.666668,59.666668,50
446,2011,3,50,10,10,10,5,1.25,26,50,0,59.666668,57.25,4
446,2011,4,4,2,3,1,2,1.855,50,103,0,26.666666,46.6,13
446,2011,5,13,4.3333335,10,1,3,1.6533333,4,26,0,22.333334,41,28
446,2011,6,28,4.6666665,10,1,6,1.6533333,13,50,0,15,37.333332,30
446,2011,7,30,15,20,10,2,1.25,28,4,0,23.666666,25.166666,13
446,2011,8,13,4.3333335,10,1,3,1.6533333,30,13,0,23.666666,23,33
446,2011,9,33,16.5,30,3,2,1.25,13,28,0,25.333334,20.166666,33
446,2011,10,33,5.5,10,1,6,1.855,33,30,0,26.333334,25,60
446,2011,11,60,5.4545455,20,1,11,1.855,33,13,0,42,32.833332,5
447,2011,1,84,6,21,1,14,0.8542857,15,0,0,49.5,49.5,24
447,2011,2,24,6,10,1,4,1.5525,84,0,0,41,41,10
447,2011,3,10,10,10,10,1,1.25,24,15,0,39.333332,33.25,11
447,2011,4,11,5.5,10,1,2,1.25,10,84,0,15,28.8,18
447,2011,5,18,9,15,3,2,1.25,11,24,0,13,27,24
447,2011,6,24,6,20,1,4,1.855,18,10,0,17.666666,28.5,31
447,2011,7,31,7.75,10,1,4,1.25,24,11,0,24.333334,19.666666,32
447,2011,8,32,4.571429,14,1,7,1.5957143,31,18,0,29,21,23
447,2011,9,23,5.75,10,1,4,1.5525,32,24,0,28.666666,23.166666,16
447,2011,10,16,3.2,10,1,5,1.976,23,31,0,23.666666,24,48
447,2011,11,48,4,12,1,12,2.123889,16,32,0,29,29,12
448,2011,1,44,3.3846154,13,1,13,0.8494872,45,0,0,44.5,44.5,37
448,2011,2,37,9.25,20,2,4,1.25,44,0,0,42,42,20
448,2011,3,20,10,10,10,2,1.25,37,45,0,33.666668,36.5,17
448,2011,4,17,5.6666665,10,1,3,1.6533333,20,44,0,24.666666,32.6,5
448,2011,5,5,5,5,5,1,2.46,17,37,0,14,28,20
448,2011,6,20,10,10,10,2,1.25,5,20,0,14,23.833334,12
448,2011,7,12,6,10,2,2,1.25,20,17,0,12.333333,18.5,26
448,2011,8,26,4.3333335,10,1,6,1.4516667,12,5,0,19.333334,16.666666,20
448,2011,9,20,20,20,20,1,1.25,26,20,0,19.333334,16.666666,2
448,2011,10,2,1,1,1,2,2.46,20,12,0,16,14.166667,11
448,2011,11,11,3.6666667,9,1,3,2.46,2,26,0,11,15.166667,2
449,2011,1,48,4,11,1,12,0.99083334,7,0,0,27.5,27.5,14
449,2011,2,14,4.6666665,10,2,3,1.25,48,0,0,23,23,25
449,2011,3,25,12.5,15,10,2,1.25,14,7,0,29,23.5,24
449,2011,4,24,8,10,4,3,1.4516667,25,48,0,21,23.6,27
449,2011,5,27,9,20,2,3,1.25,24,14,0,25.333334,24.166666,1
449,2011,6,1,1,1,1,1,2.46,27,25,0,17.333334,23.166666,28
449,2011,7,28,5.6,10,1,5,1.492,1,24,0,18.666666,19.833334,16
449,2011,8,16,5.3333335,10,2,3,1.25,28,27,0,15,20.166666,22
449,2011,9,22,7.3333335,10,2,3,1.25,16,1,0,22,19.666666,18
449,2011,10,18,3,11,1,6,2.1575,22,28,0,18.666666,18.666666,32
449,2011,11,32,2.6666667,11,1,12,2.1070833,18,16,0,24,19.5,7
450,2011,1,87,6.6923075,20,1,13,1.0438461,57,0,0,72,72,82
450,2011,2,82,11.714286,21,1,7,1.16,87,0,0,75.333336,75.333336,68
450,2011,3,68,9.714286,20,1,7,1.16,82,57,0,79,73.5,57
450,2011,4,57,11.4,31,1,5,0.949,68,87,0,69,70.2,58
450,2011,5,58,6.4444447,22,1,9,1.04,57,82,0,61,68.166664,78
450,2011,6,78,9.75,22,1,8,1.06625,58,68,0,64.333336,71.666664,83
450,2011,7,83,8.3,21,1,10,1.089,78,57,0,73,71,31
450,2011,8,31,3.875,10,1,8,1.04,83,58,0,64,62.5,71
450,2011,9,71,5.9166665,30,1,12,1.0225,31,78,0,61.666668,63,120
450,2011,10,120,10,30,1,12,1.0827084,71,83,0,74,73.5,101
450,2011,11,101,5.3157897,20,1,19,0.9405263,120,31,0,97.333336,80.666664,21
453,2011,1,731,38.473682,156,1,19,1.5522982,695,0,0,713,713,428
453,2011,2,428,23.777779,111,2,18,1.5066944,731,0,0,618,618,326
453,2011,3,326,14.818182,52,1,22,1.5433333,428,695,0,495,545,454
453,2011,4,454,26.705883,156,1,17,1.3820196,326,731,0,402.66666,526.8,587
453,2011,5,587,27.952381,132,1,21,1.4765079,454,428,0,455.66666,536.8333,323
453,2011,6,323,15.380953,73,1,21,1.6589682,587,326,0,454.66666,474.83334,170
453,2011,7,170,11.333333,41,1,15,1.6398889,323,454,0,360,381.33334,378
453,2011,8,378,21,79,1,18,1.4780092,170,587,0,290.33334,373,492
453,2011,9,492,22.363636,98,1,22,1.5059632,378,323,0,346.66666,400.66666,577
453,2011,10,577,26.227272,81,1,22,1.6457576,492,170,0,482.33334,421.16666,742
453,2011,11,742,29.68,118,3,25,1.5859933,577,378,0,603.6667,447,160
454,2011,1,658,36.555557,160,1,18,1.7183425,1540,0,0,1099,1099,952
454,2011,2,952,45.333332,229,4,21,1.679365,658,0,0,1050,1050,1216
454,2011,3,1216,48.64,180,2,25,1.4957561,952,1540,0,942,1091.5,774
454,2011,4,774,43,180,1,18,1.5081435,1216,658,0,980.6667,1028,861
454,2011,5,861,39.136364,144,3,22,1.6653355,774,952,0,950.3333,1000.1667,656
454,2011,6,656,26.24,92,1,25,1.7412467,861,1216,0,763.6667,852.8333,543
454,2011,7,543,25.857143,145,1,21,1.6495091,656,774,0,686.6667,833.6667,548
454,2011,8,548,24.90909,85,1,22,1.7233409,543,861,0,582.3333,766.3333,971
454,2011,9,971,38.84,157,2,25,1.7529542,548,656,0,687.3333,725.5,1060
454,2011,10,1060,42.4,288,1,25,1.65442,971,543,0,859.6667,773.1667,1505
454,2011,11,1505,62.708332,577,1,24,1.6861786,1060,548,0,1178.6666,880.5,570
455,2011,1,483,28.411764,120,1,17,1.1389216,145,0,0,314,314,275
455,2011,2,275,14.473684,96,1,19,1.0934211,483,0,0,301,301,528
455,2011,3,528,27.789474,100,6,19,0.9518421,275,145,0,428.66666,357.75,301
455,2011,4,301,18.8125,60,1,16,1.0179167,528,483,0,368,346.4,460
455,2011,5,460,20.90909,96,1,22,1.0184091,301,275,0,429.66666,365.33334,402
455,2011,6,402,19.142857,104,1,21,1.0831746,460,528,0,387.66666,408.16666,371
455,2011,7,371,26.5,132,2,14,1.0174524,402,301,0,411,389.5,361
455,2011,8,361,20.055555,98,4,18,1.0811111,371,460,0,378,403.83334,145
455,2011,9,145,9.0625,32,1,16,1.215625,361,402,0,292.33334,340,140
455,2011,10,140,10,28,1,14,1.1610714,145,371,0,215.33333,313.16666,296
455,2011,11,296,14.8,96,1,20,1.08075,140,361,0,193.66667,285.83334,62
456,2011,1,406,25.375,116,2,16,1.1810937,111,0,0,258.5,258.5,444
456,2011,2,444,27.75,96,2,16,1.020625,406,0,0,320.33334,320.33334,295
456,2011,3,295,18.4375,96,2,16,1.024375,444,111,0,381.66666,314,230
456,2011,4,230,17.692308,62,2,13,1.082,295,406,0,323,297.2,286
456,2011,5,286,14.3,56,2,20,1.0073,230,444,0,270.33334,295.33334,255
456,2011,6,255,15,72,2,17,1.115098,286,295,0,257,319.33334,202
456,2011,7,202,13.466666,40,2,15,1.0666667,255,230,0,247.66667,285.33334,335
456,2011,8,335,20.9375,102,2,16,1.1384375,202,286,0,264,267.16666,106
456,2011,9,106,7.571429,24,1,14,1.2307143,335,255,0,214.33333,235.66667,187
456,2011,10,187,11.6875,96,1,16,1.2075,106,202,0,209.33333,228.5,122
456,2011,11,122,6.7777777,24,1,18,1.1461111,187,335,0,138.33333,201.16667,39
457,2011,1,514,28.555555,116,1,18,1.1063426,98,0,0,306,306,475
457,2011,2,475,23.75,101,2,20,0.98433334,514,0,0,362.33334,362.33334,747
457,2011,3,747,43.941177,366,1,17,1.0462745,475,98,0,578.6667,458.5,243
457,2011,4,243,15.1875,70,1,16,1.105625,747,514,0,488.33334,415.4,336
457,2011,5,336,17.68421,56,1,19,1.0210526,243,475,0,442,402.16666,253
457,2011,6,253,14.882353,56,1,17,1.0832353,336,747,0,277.33334,428,208
457,2011,7,208,14.857142,32,4,14,1.045,253,243,0,265.66666,377,255
457,2011,8,255,15,99,1,17,1.1291176,208,336,0,238.66667,340.33334,117
457,2011,9,117,6.882353,16,2,17,1.2629411,255,253,0,193.33333,235.33333,98
457,2011,10,98,6.5333333,24,1,15,1.24,117,208,0,156.66667,211.16667,192
457,2011,11,192,13.714286,96,1,14,1.1471429,98,255,0,135.66667,187.16667,37
458,2011,1,433,27.0625,117,1,16,1.9416667,75,0,0,254,254,243
458,2011,2,243,17.357143,96,1,14,1.9966667,433,0,0,250.33333,250.33333,535
458,2011,3,535,26.75,98,2,20,1.92,243,75,0,403.66666,321.5,238
458,2011,4,238,18.307692,98,1,13,2.1966667,535,433,0,338.66666,304.8,250
458,2011,5,250,13.157895,49,1,19,1.9622808,238,243,0,341,295.66666,284
458,2011,6,284,13.523809,96,1,21,2.0531745,250,535,0,257.33334,330.5,276
458,2011,7,276,17.25,96,1,16,2.0533333,284,238,0,270,304.33334,247
458,2011,8,247,15.4375,98,2,16,2.3183334,276,250,0,269,305,145
458,2011,9,145,12.083333,18,4,12,1.9122223,247,284,0,222.66667,240,319
458,2011,10,319,31.9,121,2,10,1.9513333,145,276,0,237,253.5,193
458,2011,11,193,14.846154,100,1,13,2.0910256,319,247,0,219,244,138
459,2011,1,271,24.636364,108,1,11,2.0433333,58,0,0,164.5,164.5,286
459,2011,2,286,23.833334,99,1,12,2.1933334,271,0,0,205,205,357
459,2011,3,357,17.85,96,1,20,2.166,286,58,0,304.66666,243,97
459,2011,4,97,12.125,52,1,8,2.07,357,271,0,246.66667,213.8,229
459,2011,5,229,15.266666,48,1,15,1.9566667,97,286,0,227.66667,216.33333,194
459,2011,6,194,13.857142,96,1,14,2.1680954,229,357,0,173.33333,239,86
459,2011,7,86,7.818182,32,1,11,2.2475758,194,97,0,169.66667,208.16667,212
459,2011,8,212,17.666666,98,2,12,2.1688888,86,229,0,164,195.83333,83
459,2011,9,83,9.222222,16,1,9,2.3714814,212,194,0,127,150.16667,192
459,2011,10,192,21.333334,128,1,9,2.0959258,83,86,0,162.33333,166,185
459,2011,11,185,14.230769,96,1,13,1.8971795,192,212,0,153.33333,158.66667,35
460,2011,1,300,21.428572,108,1,14,1.9507142,141,0,0,220.5,220.5,217
460,2011,2,217,16.692308,96,1,13,1.8561538,300,0,0,219.33333,219.33333,492
460,2011,3,492,23.428572,98,1,21,1.9547619,217,141,0,336.33334,287.5,132
460,2011,4,132,11,68,1,12,2.2614286,492,300,0,280.33334,256.4,225
460,2011,5,225,15,61,1,15,1.8766667,132,217,0,283,251.16667,246
460,2011,6,246,16.4,96,1,15,2.0295556,225,492,0,201,268.66666,214
460,2011,7,214,16.461538,96,2,13,1.958718,246,132,0,228.33333,254.33333,267
460,2011,8,267,20.538462,97,1,13,2.1115384,214,225,0,242.33333,262.66666,32
460,2011,9,32,4,12,1,8,2.69,267,246,0,171,186,10
460,2011,10,10,2.5,4,1,4,2.69,32,214,0,103,165.66667,4
460,2011,11,4,2,3,1,2,3.29,10,267,0,15.333333,128.83333,2
461,2011,1,191,15.916667,96,2,12,1.9366666,36,0,0,113.5,113.5,163
461,2011,2,163,14.818182,96,2,11,1.8136364,191,0,0,130,130,56
461,2011,3,56,5.090909,16,1,11,1.9809091,163,36,0,136.66667,111.5,67
461,2011,4,67,7.4444447,31,1,9,2.2944446,56,191,0,95.333336,102.6,66
461,2011,5,66,9.428572,16,1,7,1.69,67,163,0,63,96.5,53
461,2011,6,53,5.888889,16,1,9,2.2825925,66,56,0,62,99.333336,143
461,2011,7,143,20.428572,98,2,7,1.9014286,53,67,0,87.333336,91.333336,55
461,2011,8,55,11,24,1,5,2.17,143,66,0,83.666664,73.333336,27
461,2011,9,27,6.75,16,1,4,2.09,55,53,0,75,68.5,64
461,2011,10,64,9.142858,24,2,7,1.69,27,143,0,48.666668,68,44
461,2011,11,44,4.888889,12,2,9,1.9566667,64,55,0,45,64.333336,113
463,2011,1,7,2.3333333,4,1,3,2.0866666,4,0,0,5.5,5.5,21
463,2011,2,21,5.25,12,1,4,2.37,7,0,0,10.666667,10.666667,9
463,2011,3,9,3,7,1,3,2.0633333,21,4,0,12.333333,10.25,1
463,2011,4,1,1,1,1,1,1.45,9,7,0,10.333333,8.4,21
463,2011,5,21,5.25,12,2,4,1.45,1,21,0,10.333333,10.5,6
463,2011,6,6,1.5,2,1,4,2.6,21,9,0,9.333333,10.833333,17
463,2011,7,17,4.25,12,1,4,1.91,6,1,0,14.666667,12.5,50
463,2011,8,50,6.25,12,1,8,1.68,17,21,0,24.333334,17.333334,6
463,2011,9,6,1.5,2,1,4,1.45,50,6,0,24.333334,16.833334,12
463,2011,10,12,1.5,2,1,8,1.68,6,17,0,22.666666,18.666666,37
463,2011,11,37,3.7,15,1,10,1.91,12,50,0,18.333334,21.333334,14
464,2011,1,97,7.4615383,32,1,13,3.376154,25,0,0,61,61,68
464,2011,2,68,17,60,1,4,4.27,97,0,0,63.333332,63.333332,30
464,2011,3,30,3.75,12,1,8,3.66,68,25,0,65,55,21
464,2011,4,21,4.2,7,1,5,3.802,30,97,0,39.666668,48.2,63
464,2011,5,63,7.875,30,1,8,3.66,21,68,0,38,50.666668,57
464,2011,6,57,9.5,30,3,6,2.8833334,63,30,0,47,56,34
464,2011,7,34,5.6666665,12,1,6,3.4233334,57,21,0,51.333332,45.5,170
464,2011,8,170,17,60,1,10,2.992,34,63,0,87,62.5,34
464,2011,9,34,5.6666665,12,1,6,3.4233334,170,57,0,79.333336,63.166668,45
464,2011,10,45,5.625,12,1,8,3.305,34,34,0,83,67.166664,71
464,2011,11,71,6.4545455,30,1,11,4.85,45,170,0,50,68.5,9
467,2011,1,7,2.3333333,4,1,3,5.83,19,0,0,13,13,7
467,2011,2,7,1.75,3,1,4,5.79,7,0,0,11,11,5
467,2011,3,5,1.6666666,3,1,3,5.79,7,19,0,6.3333335,9.5,9
467,2011,4,9,3,6,1,3,4.8433332,5,7,0,7,9.4,8
467,2011,5,8,2.6666667,5,1,3,5.79,9,7,0,7.3333335,9.166667,10
467,2011,6,10,1.6666666,2,1,6,4.37,8,5,0,9,7.6666665,9
467,2011,7,9,1.2857143,2,1,7,5.384286,10,9,0,9,8,4
467,2011,8,4,1.3333334,2,1,3,4.8433332,9,8,0,7.6666665,7.5,25
467,2011,9,25,5,19,1,5,5.4113336,4,10,0,12.666667,10.833333,14
467,2011,10,14,7,12,2,2,4.37,25,9,0,14.333333,11.666667,15
467,2011,11,15,2.142857,5,1,7,4.167143,14,4,0,18,12.833333,3
468,2011,1,59,4.214286,34,1,14,11.578571,80,0,0,69.5,69.5,28
468,2011,2,28,2.3333333,5,1,12,11.9788885,59,0,0,55.666668,55.666668,32
468,2011,3,32,2.1333334,5,1,15,10.998889,28,80,0,39.666668,49.75,55
468,2011,4,55,5.5,36,1,10,10.277,32,59,0,38.333332,50.8,18
468,2011,5,18,2.5714285,6,1,7,9.966,55,28,0,35,45.333332,22
468,2011,6,22,2.75,6,1,8,9.583333,18,32,0,31.666666,35.666668,114
468,2011,7,114,12.666667,96,1,9,8.71,22,55,0,51.333332,44.833332,22
468,2011,8,22,2.75,6,1,8,10.89,114,18,0,52.666668,43.833332,41
468,2011,9,41,3.4166667,8,1,12,9.474444,22,22,0,59,45.333332,57
468,2011,10,57,3.3529413,10,1,17,11.2935295,41,114,0,40,45.666668,120
468,2011,11,120,5.714286,15,1,21,10.725111,57,22,0,72.666664,62.666668,41
470,2011,1,59,4.214286,24,1,14,6.4985714,208,0,0,133.5,133.5,70
470,2011,2,70,4.6666665,31,1,15,6.7846665,59,0,0,112.333336,112.333336,243
470,2011,3,243,14.294118,202,1,17,6.908088,70,208,0,124,145,95
470,2011,4,95,7.9166665,48,1,12,7.227083,243,59,0,136,135,51
470,2011,5,51,4.6363635,24,1,11,7.3386364,95,70,0,129.66667,121,57
470,2011,6,57,5.181818,24,1,11,5.859091,51,243,0,67.666664,95.833336,29
470,2011,7,29,3.2222223,8,1,9,7.758333,57,95,0,45.666668,90.833336,33
470,2011,8,33,3.3,18,1,10,7.252,29,51,0,39.666668,84.666664,100
470,2011,9,100,6.6666665,48,1,15,6.5488,33,57,0,54,60.833332,79
470,2011,10,79,4.9375,17,1,16,7.24375,100,29,0,70.666664,58.166668,113
470,2011,11,113,6.2777777,35,1,18,6.674278,79,33,0,97.333336,68.5,47
471,2011,1,74,8.222222,48,1,9,3.25,90,0,0,82,82,39
471,2011,2,39,4.3333335,8,1,9,3.25,74,0,0,67.666664,67.666664,167
471,2011,3,167,16.7,120,1,10,3.2575,39,90,0,93.333336,92.5,149
471,2011,4,149,14.9,96,1,10,3.2,167,74,0,118.333336,103.8,101
471,2011,5,101,8.416667,50,1,12,3.25,149,39,0,139,103.333336,59
471,2011,6,59,8.428572,18,4,7,3.25,101,167,0,103,98.166664,147
471,2011,7,147,13.363636,49,1,11,3.2045455,59,149,0,102.333336,110.333336,26
471,2011,8,26,4.3333335,7,1,6,3.25,147,101,0,77.333336,108.166664,146
471,2011,9,146,11.230769,102,1,13,3.9738462,26,59,0,106.333336,104.666664,94
471,2011,10,94,10.444445,73,1,9,4.9122224,146,147,0,88.666664,95.5,56
471,2011,11,56,4,13,1,14,4.2157145,94,26,0,98.666664,88,13
487,2011,1,3,1.5,2,1,2,2.49,16,0,0,9.5,9.5,8
487,2011,2,8,2.6666667,6,1,3,2.2233334,3,0,0,9,9,12
487,2011,3,12,12,12,12,1,1.69,8,16,0,7.6666665,9.75,12
487,2011,4,12,12,12,12,1,1.69,12,3,0,10.666667,10.2,121
487,2011,5,121,30.25,96,1,4,1.7725,12,8,0,48.333332,28.666666,2
487,2011,6,2,1,1,1,2,3.29,121,12,0,45,26.333334,13
487,2011,7,13,13,13,13,1,2.49,2,12,0,45.333332,28,2
487,2011,8,2,1,1,1,2,3.29,13,121,0,5.6666665,27,14
487,2011,9,14,4.6666665,12,1,3,2.7566667,2,2,0,9.666667,27.333334,24
487,2011,10,24,12,12,12,2,1.69,14,13,0,13.333333,29.333334,5
487,2011,11,5,1.25,2,1,4,3.29,24,2,0,14.333333,10,172
491,2011,1,10,3.3333333,8,1,3,3.9366667,11,0,0,10.5,10.5,8
491,2011,2,8,1.3333334,2,1,6,3.2333333,10,0,0,9.666667,9.666667,53
491,2011,3,53,5.888889,24,1,9,3.0944445,8,11,0,23.666666,20.5,31
491,2011,4,31,3.4444444,12,1,9,3.1011112,53,10,0,30.666666,22.6,27
491,2011,5,27,3.857143,12,1,7,3.1442857,31,8,0,37,23.333334,13
491,2011,6,13,2.1666667,6,1,6,3.65,27,53,0,23.666666,23.666666,12
491,2011,7,12,2.4,4,1,5,3.222,13,31,0,17.333334,24,20
491,2011,8,20,6.6666665,7,6,3,3.12,12,27,0,15,26,56
491,2011,9,56,7,24,1,8,3.0770833,20,13,0,29.333334,26.5,85
491,2011,10,85,8.5,48,1,10,3.063,56,12,0,53.666668,35.5,22
491,2011,11,22,1.6923077,3,1,13,3.106923,85,20,0,54.333332,34.666668,10
501,2011,1,343,21.4375,108,1,16,1.1415625,182,0,0,262.5,262.5,365
501,2011,2,365,28.076923,110,2,13,1.1198846,343,0,0,296.66666,296.66666,400
501,2011,3,400,28.571428,120,5,14,1.0932143,365,182,0,369.33334,322.5,267
501,2011,4,267,29.666666,99,2,9,1.0133333,400,343,0,344,311.4,243
501,2011,5,243,22.09091,96,1,11,1.1145455,267,365,0,303.33334,300,111
501,2011,6,111,13.875,24,1,8,1.1425,243,400,0,207,288.16666,250
501,2011,7,250,20.833334,96,1,12,1.2225,111,267,0,201.33333,272.66666,249
501,2011,8,249,35.57143,96,1,7,1.2357143,250,243,0,203.33333,253.33333,278
501,2011,9,278,21.384615,134,1,13,1.0987692,249,111,0,259,233,293
501,2011,10,293,17.235294,96,2,17,1.1241176,278,250,0,273.33334,237.33333,293
501,2011,11,293,29.3,102,1,10,1.265,293,249,0,288,245.66667,62
502,2011,1,278,13.238095,37,1,21,2.7274127,541,0,0,409.5,409.5,391
502,2011,2,391,21.722221,102,1,18,3.012889,278,0,0,403.33334,403.33334,338
502,2011,3,338,16.095238,58,1,21,2.4938095,391,541,0,335.66666,387,264
502,2011,4,264,16.5,51,1,16,2.492,338,278,0,331,362.4,263
502,2011,5,263,14.611111,48,1,18,2.518426,264,391,0,288.33334,345.83334,277
502,2011,6,277,15.388889,71,1,18,3.0425186,263,338,0,268,301.83334,239
502,2011,7,239,11.95,64,1,20,3.0348334,277,264,0,259.66666,295.33334,228
502,2011,8,228,15.2,57,3,15,2.5793889,239,263,0,248,268.16666,490
502,2011,9,490,21.304348,69,1,23,2.7916884,228,277,0,319,293.5,314
502,2011,10,314,15.7,56,1,20,2.9386666,490,239,0,344,301.83334,403
502,2011,11,403,16.12,61,1,25,2.8419333,314,228,0,402.33334,325.16666,226
509,2011,1,442,29.466667,144,1,15,0.83933336,1006,0,0,724,724,1574
509,2011,2,1574,71.545456,312,1,22,1.0081818,442,0,0,1007.3333,1007.3333,272
509,2011,3,272,30.222221,144,1,9,0.8566667,1574,1006,0,762.6667,823.5,531
509,2011,4,531,44.25,182,2,12,0.7898611,272,442,0,792.3333,765,817
509,2011,5,817,54.466667,217,1,15,0.8295556,531,1574,0,540,773.6667,853
509,2011,6,853,71.083336,239,6,12,0.7352222,817,272,0,733.6667,748.1667,544
509,2011,7,544,49.454544,167,1,11,0.75,853,531,0,738,765.1667,473
509,2011,8,473,31.533333,84,1,15,0.8895556,544,817,0,623.3333,581.6667,1627
509,2011,9,1627,101.6875,292,9,16,0.8450625,473,853,0,881.3333,807.5,679
509,2011,10,679,35.736843,288,2,19,0.7994737,1627,544,0,926.3333,832.1667,1153
509,2011,11,1153,46.12,180,2,25,0.80413336,679,473,0,1153,888.1667,612
510,2011,1,61,4.6923075,12,1,13,2.0902565,51,0,0,56,56,48
510,2011,2,48,4.8,12,1,10,2.0155,61,0,0,53.333332,53.333332,38
510,2011,3,38,2.9230769,12,1,13,2.0565383,48,51,0,49,49.5,40
510,2011,4,40,4.4444447,12,1,9,1.92,38,61,0,42,47.6,40
510,2011,5,40,4,12,1,10,2.138,40,48,0,39.333332,46.333332,82
510,2011,6,82,7.4545455,40,1,11,1.87,40,38,0,54,51.5,144
510,2011,7,144,9,36,1,16,1.238125,82,40,0,88.666664,65.333336,25
510,2011,8,25,4.1666665,12,1,6,2.1933334,144,40,0,83.666664,61.5,44
510,2011,9,44,3.3846154,8,1,13,2.0588462,25,82,0,71,62.5,86
510,2011,10,86,5.375,16,1,16,1.9011979,44,144,0,51.666668,70.166664,176
510,2011,11,176,8,21,1,22,1.9281061,86,25,0,102,92.833336,29
511,2011,1,60,5,19,1,12,2.2439582,166,0,0,113,113,63
511,2011,2,63,4.2,24,1,15,2.6795557,60,0,0,96.333336,96.333336,42
511,2011,3,42,3,9,1,14,2.4504762,63,166,0,55,82.75,35
511,2011,4,35,3.8888888,12,1,9,2.3788888,42,60,0,46.666668,73.2,67
511,2011,5,67,6.090909,12,1,11,2.3457575,35,63,0,48,72.166664,113
511,2011,6,113,8.692307,49,1,13,2.186154,67,42,0,71.666664,63.333332,283
511,2011,7,283,18.866667,49,1,15,1.2764444,113,35,0,154.33333,100.5,25
511,2011,8,25,3.125,10,1,8,2.675,283,67,0,140.33333,94.166664,137
511,2011,9,137,9.133333,26,1,15,2.1237779,25,113,0,148.33333,110,106
511,2011,10,106,4.818182,17,1,22,2.053788,137,283,0,89.333336,121.833336,223
511,2011,11,223,9.291667,21,1,24,2.1055555,106,25,0,155.33333,147.83333,22
512,2011,1,43,3.5833333,10,1,12,2.4075,76,0,0,59.5,59.5,50
512,2011,2,50,4.1666665,12,1,12,2.5383334,43,0,0,56.333332,56.333332,28
512,2011,3,28,2.5454545,6,1,11,2.3954546,50,76,0,40.333332,49.25,43
512,2011,4,43,4.3,12,1,10,2.142,28,43,0,40.333332,48,37
512,2011,5,37,3.7,12,1,10,2.634,43,50,0,36,46.166668,58
512,2011,6,58,5.2727275,31,1,11,2.0227273,37,28,0,46,43.166668,141
512,2011,7,141,10.071428,19,1,14,1.3961905,58,43,0,78.666664,59.5,23
512,2011,8,23,3.8333333,7,2,6,2.2877777,141,37,0,74,55,106
512,2011,9,106,8.153846,24,2,13,1.8182051,23,58,0,90,68,85
512,2011,10,85,4.25,16,1,20,2.1625,106,141,0,71.333336,75,222
512,2011,11,222,9.652174,47,1,23,2.2388551,85,23,0,137.66667,105.833336,32
517,2011,1,103,8.583333,42,1,12,13.256389,41,0,0,72,72,81
517,2011,2,81,5.785714,15,1,14,13.382262,103,0,0,75,75,148
517,2011,3,148,7.7894735,24,1,19,13.322983,81,41,0,110.666664,93.25,91
517,2011,4,91,6.5,18,1,14,12.266666,148,103,0,106.666664,92.8,78
517,2011,5,78,4.875,14,1,16,14.264063,91,81,0,105.666664,90.333336,78
517,2011,6,78,5.571429,22,1,14,13.322143,78,148,0,82.333336,96.5,78
517,2011,7,78,6,24,1,13,13.297308,78,91,0,78,92.333336,56
517,2011,8,56,4.6666665,19,1,12,16.067083,78,78,0,70.666664,88.166664,59
517,2011,9,59,4.214286,17,1,14,12.6707735,56,78,0,64.333336,73.333336,64
517,2011,10,64,3.764706,16,1,17,12.502941,59,78,0,59.666668,68.833336,86
517,2011,11,86,4.7777777,16,1,18,12.806111,64,56,0,69.666664,70.166664,15
525,2011,1,53,7.571429,24,1,7,1.6028571,71,0,0,62,62,16
525,2011,2,16,4,12,1,4,1.5525,53,0,0,46.666668,46.666668,32
525,2011,3,32,6.4,12,1,5,1.492,16,71,0,33.666668,43,1
525,2011,4,1,1,1,1,1,1.25,32,53,0,16.333334,34.6,8
525,2011,5,8,2.6666667,4,2,3,1.25,1,16,0,13.666667,30.166666,9
525,2011,6,9,1.8,3,1,5,1.976,8,32,0,6,19.833334,13
525,2011,7,13,6.5,12,1,2,1.855,9,1,0,10,13.166667,39
525,2011,8,39,7.8,14,1,5,1.324,13,8,0,20.333334,17,102
525,2011,9,102,6,26,1,17,0.98764706,39,9,0,51.333332,28.666666,75
525,2011,10,75,6.25,21,1,12,0.9102778,102,13,0,72,41,157
525,2011,11,157,6.826087,29,1,23,0.90913045,75,39,0,111.333336,65.833336,67
527,2011,1,36,4.5,12,1,8,1.476875,64,0,0,50,50,30
527,2011,2,30,10,12,6,3,1.25,36,0,0,43.333332,43.333332,36
527,2011,3,36,7.2,15,1,5,1.492,30,64,0,34,41.5,38
527,2011,4,38,9.5,24,1,4,1.25,36,36,0,34.666668,40.8,9
527,2011,5,9,3,4,2,3,1.25,38,30,0,27.666666,35.5,15
527,2011,6,15,3.75,6,1,4,1.70375,9,36,0,20.666666,27.333334,2
527,2011,7,2,1,1,1,2,1.855,15,38,0,8.666667,21.666666,42
527,2011,8,42,8.4,13,3,5,1.25,2,9,0,19.666666,23.666666,30
527,2011,9,30,2.5,12,1,12,0.9525,42,15,0,24.666666,22.666666,42
527,2011,10,42,3.2307692,12,1,13,1.0076923,30,2,0,38,23.333334,59
527,2011,11,59,3.9333334,14,1,15,0.97466666,42,42,0,43.666668,31.666666,9
543,2011,1,2,2,2,2,1,5.45,6,0,0,4,4,1
543,2011,2,1,1,1,1,1,10.79,2,0,0,3,3,4
543,2011,3,4,1,1,1,4,10.79,1,6,0,2.3333333,3.25,3
543,2011,4,3,1.5,2,1,2,8.12,4,2,0,2.6666667,3.2,3
543,2011,5,3,1.5,2,1,2,8.12,3,1,0,3.3333333,3.1666667,7
543,2011,6,7,2.3333333,4,1,3,9.01,3,4,0,4.3333335,3.3333333,3
543,2011,7,3,1.5,2,1,2,10.79,7,3,0,4.3333335,3.5,3
543,2011,8,3,1.5,2,1,2,8.12,3,3,0,4.3333335,3.8333333,4
543,2011,9,4,1.3333334,2,1,3,9.01,3,7,0,3.3333333,3.8333333,1
543,2011,10,1,1,1,1,1,5.45,4,3,0,2.6666667,3.5,1
543,2011,11,1,1,1,1,1,10.79,1,3,0,2,3.1666667,5
545,2011,1,7,3.5,6,1,2,2.505,11,0,0,9,9,1
545,2011,2,1,1,1,1,1,3.29,7,0,0,6.3333335,6.3333335,9
545,2011,3,9,2.25,3,1,4,2.88,1,11,0,5.6666665,7,8
545,2011,4,8,2.6666667,6,1,3,2.7433333,9,7,0,6,7.2,10
545,2011,5,10,2.5,6,1,4,2.47,8,1,0,9,7.6666665,8
545,2011,6,8,2.6666667,6,1,3,2.7433333,10,9,0,8.666667,7.1666665,7
545,2011,7,7,1.75,3,1,4,2.88,8,8,0,8.333333,7.1666665,8
545,2011,8,8,4,6,2,2,2.47,7,10,0,7.6666665,8.333333,3
545,2011,9,3,1.5,2,1,2,2.47,8,8,0,6,7.3333335,12
545,2011,10,12,2.4,6,1,5,2.306,3,7,0,7.6666665,8,12
545,2011,11,12,6,6,6,2,1.65,12,8,0,9,8.333333,25
547,2011,1,4,2,2,2,2,1.88,13,0,0,8.5,8.5,9
547,2011,2,9,4.5,6,3,2,1.855,4,0,0,8.666667,8.666667,13
547,2011,3,13,2.6,6,1,5,2.218,9,13,0,8.666667,9.75,8
547,2011,4,8,2.6666667,6,1,3,2.0566666,13,4,0,10,9.4,27
547,2011,5,27,6.75,13,2,4,1.40125,8,9,0,16,12.333333,16
547,2011,6,16,3.2,6,1,5,1.976,27,13,0,17,12.833333,12
547,2011,7,12,3,6,1,4,1.855,16,8,0,18.333334,14.166667,2
547,2011,8,2,2,2,2,1,2.46,12,27,0,10,13,1
547,2011,9,1,1,1,1,1,2.46,2,16,0,5,11,44
547,2011,10,44,7.3333335,19,2,6,1.7541667,1,12,0,15.666667,17,8
547,2011,11,8,2.6666667,6,1,3,2.0566666,44,2,0,17.666666,13.833333,27
548,2011,1,103,7.357143,37,1,14,3.3685715,75,0,0,89,89,117
548,2011,2,117,9.75,26,1,12,3.7783334,103,0,0,98.333336,98.333336,196
548,2011,3,196,9.8,26,2,20,3.224,117,75,0,138.66667,122.75,156
548,2011,4,156,14.181818,87,1,11,3.6939826,196,103,0,156.33333,129.4,345
548,2011,5,345,21.5625,155,3,16,3.2925,156,117,0,232.33333,165.33333,159
548,2011,6,159,8.368421,32,1,19,3.5229824,345,196,0,220,179.33333,143
548,2011,7,143,7.9444447,25,1,18,3.5548148,159,156,0,215.66667,186,435
548,2011,8,435,33.46154,205,1,13,3.35,143,345,0,245.66667,239,91
548,2011,9,91,6.5,16,1,14,3.524762,435,159,0,223,221.5,247
548,2011,10,247,14.529411,146,1,17,3.359804,91,143,0,257.66666,236.66667,95
548,2011,11,95,6.785714,18,1,14,3.3557143,247,435,0,144.33333,195,6
549,2011,1,647,43.133335,578,1,15,2.68,102,0,0,374.5,374.5,79
549,2011,2,79,8.777778,36,1,9,2.4011111,647,0,0,276,276,191
549,2011,3,191,11.9375,48,1,16,2.11875,79,102,0,305.66666,254.75,52
549,2011,4,52,5.7777777,15,1,9,2.3122222,191,647,0,107.333336,214.2,87
549,2011,5,87,7.25,26,1,12,2.5483334,52,79,0,110,193,90
549,2011,6,90,5.625,25,1,16,2.2425,87,191,0,76.333336,191,153
549,2011,7,153,9.5625,48,1,16,2.3925,90,52,0,110,108.666664,81
549,2011,8,81,6.75,13,1,12,2.125,153,87,0,108,109,166
549,2011,9,166,11.857142,60,1,14,2.3885715,81,90,0,133.33333,104.833336,71
549,2011,10,71,5.071429,14,1,14,2.4685714,166,153,0,106,108,86
549,2011,11,86,4.7777777,36,1,18,2.442963,71,81,0,107.666664,107.833336,10
550,2011,1,17,2.4285715,6,1,7,3.7785714,3,0,0,10,10,42
550,2011,2,42,6,12,1,7,3.5585713,17,0,0,20.666666,20.666666,76
550,2011,3,76,5.428571,16,1,14,3.3557143,42,3,0,45,34.5,30
550,2011,4,30,3.75,12,1,8,3.7783334,76,17,0,49.333332,33.6,18
550,2011,5,18,18,18,18,1,2.95,30,42,0,41.333332,31,225
550,2011,6,225,20.454546,49,4,11,0.89666665,18,76,0,91,68,236
550,2011,7,236,12.421053,77,1,19,1.2749122,225,30,0,159.66667,104.5,108
550,2011,8,108,27,60,12,4,0.75,236,18,0,189.66667,115.5,241
550,2011,9,241,30.125,120,1,8,1.065,108,225,0,195,143,87
550,2011,10,87,21.75,52,2,4,0.75,241,236,0,145.33333,152.5,62
550,2011,11,62,6.888889,12,1,9,0.75,87,108,0,130,159.83333,3
551,2011,1,141,10.071428,36,1,14,0.86535716,21,0,0,81,81,265
551,2011,2,265,22.083334,60,1,12,0.9222222,141,0,0,142.33333,142.33333,232
551,2011,3,232,11.6,43,1,20,1.0093334,265,21,0,212.66667,164.75,154
551,2011,4,154,10.266666,48,1,15,1.042,232,141,0,217,162.6,14
551,2011,5,14,14,14,14,1,1.14,154,265,0,133.33333,137.83333,37
551,2011,6,37,4.625,23,1,8,1.3075,14,232,0,68.333336,140.5,49
551,2011,7,49,3.5,9,1,14,0.89,37,154,0,33.333332,125.166664,2
551,2011,8,2,1,1,1,2,0.95,49,14,0,29.333334,81.333336,6
551,2011,9,6,3,4,2,2,0.95,2,37,0,19,43.666668,4
551,2011,10,4,1.3333334,2,1,3,1.25,6,49,0,4,18.666666,55
551,2011,11,55,4.5833335,25,1,12,1.075,4,2,0,21.666666,25.5,18
552,2011,1,534,26.7,106,1,20,1.13825,219,0,0,376.5,376.5,319
552,2011,2,319,19.9375,61,1,16,1.0409375,534,0,0,357.33334,357.33334,543
552,2011,3,543,27.15,122,1,20,1.10155,319,219,0,465.33334,403.75,354
552,2011,4,354,22.125,62,1,16,1.0080893,543,534,0,405.33334,393.8,518
552,2011,5,518,34.533333,288,1,15,1.0597334,354,319,0,471.66666,414.5,428
552,2011,6,428,23.777779,288,1,18,1.2977778,518,543,0,433.33334,449.33334,188
552,2011,7,188,12.533334,36,1,15,1.1533333,428,354,0,378,391.66666,125
552,2011,8,125,15.625,48,1,8,1.19125,188,518,0,247,359.33334,245
552,2011,9,245,15.3125,48,1,16,1.06125,125,428,0,186,309.66666,250
552,2011,10,250,22.727272,50,2,11,0.94454545,245,188,0,206.66667,292.33334,121
552,2011,11,121,8.066667,25,1,15,1.11,250,125,0,205.33333,226.16667,45
554,2011,1,172,21.5,48,4,8,0.934375,16,0,0,94,94,156
554,2011,2,156,17.333334,73,1,9,0.9583333,172,0,0,114.666664,114.666664,314
554,2011,3,314,14.952381,36,1,21,0.9242857,156,16,0,214,164.5,164
554,2011,4,164,10.25,38,1,16,0.988125,314,172,0,211.33333,164.4,43
554,2011,5,43,10.75,24,4,4,0.85,164,156,0,173.66667,144.16667,44
554,2011,6,44,6.285714,12,1,7,1.1785715,43,314,0,83.666664,148.83333,101
554,2011,7,101,8.416667,24,1,12,0.83416665,44,164,0,62.666668,137,33
554,2011,8,33,11,24,4,3,0.85,101,43,0,59.333332,116.5,31
554,2011,9,31,7.75,24,1,4,1.045,33,44,0,55,69.333336,6
554,2011,10,6,6,6,6,1,0.85,31,101,0,23.333334,43,22
554,2011,11,22,5.5,12,1,4,0.85,6,33,0,19.666666,39.5,14
555,2011,1,215,21.5,73,1,10,1.6255,158,0,0,186.5,186.5,481
555,2011,2,481,53.444443,289,1,9,1.5867592,215,0,0,284.66666,284.66666,480
555,2011,3,480,30,145,2,16,1.4894792,481,158,0,392,333.5,254
555,2011,4,254,23.09091,72,2,11,1.5713637,480,215,0,405,317.6,238
555,2011,5,238,18.307692,48,1,13,1.4826924,254,481,0,324,304.33334,276
555,2011,6,276,21.23077,48,1,13,1.4082308,238,480,0,256,324,316
555,2011,7,316,22.571428,98,1,14,1.6321429,276,254,0,276.66666,340.83334,192
555,2011,8,192,21.333334,49,2,9,1.25,316,238,0,261.33334,292.66666,632
555,2011,9,632,70.22222,288,3,9,1.275,192,276,0,380,318,439
555,2011,10,439,48.77778,312,1,9,1.3738889,632,316,0,421,348.83334,180
555,2011,11,180,12.857142,48,1,14,1.4084524,439,192,0,417,339.16666,45
564,2011,1,13,6.5,12,1,2,0.625,2,0,0,7.5,7.5,6
564,2011,2,6,6,6,6,1,0.42,13,0,0,7,7,126
564,2011,3,126,18,25,1,7,0.22714286,6,2,0,48.333332,36.75,34
564,2011,4,34,8.5,24,1,4,0.27,126,13,0,55.333332,36.2,55
564,2011,5,55,13.75,24,3,4,0.27,34,6,0,71.666664,39.333332,61
564,2011,6,61,10.166667,25,1,6,0.295,55,126,0,50,49.166668,151
564,2011,7,151,25.166666,48,7,6,0.145,61,34,0,89,72.166664,115
564,2011,8,115,14.375,25,2,8,0.25125,151,55,0,109,90.333336,111
564,2011,9,111,18.5,24,7,6,0.12,115,61,0,125.666664,87.833336,109
564,2011,10,109,10.9,28,1,10,0.24,111,151,0,111.666664,100.333336,90
564,2011,11,90,15,48,1,6,0.27,109,115,0,103.333336,106.166664,8
565,2011,1,13,6.5,12,1,2,0.625,14,0,0,13.5,13.5,1
565,2011,2,1,1,1,1,1,0.83,13,0,0,9.333333,9.333333,226
565,2011,3,226,25.11111,55,1,9,0.22833334,1,14,0,80,63.5,81
565,2011,4,81,11.571428,48,1,7,0.24857143,226,13,0,102.666664,67,58
565,2011,5,58,14.5,25,3,4,0.2325,81,1,0,121.666664,65.5,54
565,2011,6,54,13.5,25,2,4,0.2325,58,226,0,64.333336,72.166664,174
565,2011,7,174,24.857143,48,6,7,0.12,54,81,0,95.333336,99,101
565,2011,8,101,16.833334,25,2,6,0.245,174,58,0,109.666664,115.666664,133
565,2011,9,133,22.166666,72,2,6,0.17,101,54,0,136,100.166664,91
565,2011,10,91,10.111111,28,1,9,0.18666667,133,174,0,108.333336,101.833336,70
565,2011,11,70,14,57,1,5,0.27,91,101,0,98,103.833336,36
566,2011,1,7,1.4,2,1,5,0.834,1,0,0,4,4,2
566,2011,2,2,1,1,1,2,0.83,7,0,0,3.3333333,3.3333333,248
566,2011,3,248,20.666666,55,2,12,0.17833333,2,1,0,85.666664,64.5,59
566,2011,4,59,11.8,25,2,5,0.24,248,7,0,103,63.4,151
566,2011,5,151,25.166666,51,4,6,0.195,59,2,0,152.66667,78,154
566,2011,6,154,30.8,48,4,5,0.18,151,248,0,121.333336,103.5,179
566,2011,7,179,25.571428,96,1,7,0.16285715,154,59,0,161.33333,132.16667,128
566,2011,8,128,18.285715,24,2,7,0.16285715,179,151,0,153.66667,153.16667,152
566,2011,9,152,25.333334,48,8,6,0.12,128,154,0,153,137.16667,70
566,2011,10,70,7.7777777,24,1,9,0.22,152,179,0,116.666664,139,213
566,2011,11,213,16.384615,48,1,13,0.22384615,70,128,0,145,149.33333,5
567,2011,1,148,37,144,1,4,0.7175,55,0,0,101.5,101.5,13
567,2011,2,13,6.5,12,1,2,0.625,148,0,0,72,72,237
567,2011,3,237,19.75,48,1,12,0.2075,13,55,0,132.66667,113.25,183
567,2011,4,183,20.333334,50,1,9,0.19222222,237,148,0,144.33333,127.2,82
567,2011,5,82,16.4,28,2,5,0.27,183,13,0,167.33333,119.666664,149
567,2011,6,149,21.285715,48,1,7,0.20571429,82,237,0,138,135.33333,258
567,2011,7,258,19.846153,96,1,13,0.18923077,149,183,0,163,153.66667,175
567,2011,8,175,21.875,27,4,8,0.1575,258,82,0,194,180.66667,213
567,2011,9,213,30.428572,72,1,7,0.16285715,175,149,0,215.33333,176.66667,67
567,2011,10,67,7.4444447,24,1,9,0.25333333,213,258,0,151.66667,157.33333,271
567,2011,11,271,33.875,96,1,8,0.21375,67,175,0,183.66667,188.83333,6
569,2011,1,4,1.3333334,2,1,3,7.0033336,28,0,0,16,16,20
569,2011,2,20,2.5,5,1,8,5.596667,4,0,0,17.333334,17.333334,6
569,2011,3,6,2,4,1,3,6.943333,20,28,0,10,14.5,8
569,2011,4,8,1.6,4,1,5,7.078,6,4,0,11.333333,13.2,9
569,2011,5,9,1.8,3,1,5,5.866,8,20,0,7.6666665,12.5,5
569,2011,6,5,2.5,3,2,2,4.25,9,6,0,7.3333335,8.666667,16
569,2011,7,16,2.2857144,6,1,7,6.5585713,5,8,0,10,10.666667,19
569,2011,8,19,2.7142856,4,1,7,5.115714,16,9,0,13.333333,10.5,16
569,2011,9,16,2.6666667,6,1,6,4.923333,19,5,0,17,12.166667,23
569,2011,10,23,2.3,5,1,10,6.068,16,16,0,19.333334,14.666667,27
569,2011,11,27,2.7,8,1,10,6.1084,23,19,0,22,17.666666,108
571,2011,1,65,3.6111112,16,1,18,4.671111,57,0,0,61,61,40
571,2011,2,40,2.857143,7,1,14,5.644762,65,0,0,54,54,15
571,2011,3,15,3,4,2,5,4.7886667,40,57,0,40,44.25,25
571,2011,4,25,4.1666665,11,1,6,4.25,15,65,0,26.666666,40.4,20
571,2011,5,20,2.2222223,6,1,9,5.1477776,25,40,0,20,37,23
571,2011,6,23,2.3,4,1,10,5.664,20,15,0,22.666666,31.333334,38
571,2011,7,38,3.4545455,10,1,11,5.351818,23,25,0,27,26.833334,33
571,2011,8,33,2.75,5,1,12,5.26,38,20,0,31.333334,25.666666,47
571,2011,9,47,3.9166667,14,1,12,6.1016665,33,23,0,39.333332,31,52
571,2011,10,52,3.0588236,10,1,17,5.5819607,47,38,0,44,35.5,71
571,2011,11,71,3.7368422,15,1,19,4.7552633,52,33,0,56.666668,44,307
574,2011,1,19,3.8,6,2,5,2.1,7,0,0,13,13,11
574,2011,2,11,3.6666667,6,1,3,2.1,19,0,0,12.333333,12.333333,15
574,2011,3,15,3,6,1,5,3.318,11,7,0,15,13,1
574,2011,4,1,1,1,1,1,4.13,15,19,0,9,10.6,2
574,2011,5,2,1,1,1,2,3.115,1,11,0,6,9.166667,3
574,2011,6,3,1,1,1,3,4.13,2,15,0,2,8.5,23
574,2011,7,23,4.6,12,1,5,2.506,3,1,0,9.333333,9.166667,26
574,2011,8,26,5.2,12,1,5,2.912,23,2,0,17.333334,11.666667,37
574,2011,9,37,9.25,24,1,4,2.6075,26,3,0,28.666666,15.333333,27
574,2011,10,27,6.75,12,1,4,3.115,37,23,0,30,19.666666,15
574,2011,11,15,3.75,6,1,4,2.6075,27,26,0,26.333334,21.833334,37
576,2011,1,10,2,3,1,5,3.724,5,0,0,7.5,7.5,11
576,2011,2,11,3.6666667,6,2,3,3.4533334,10,0,0,8.666667,8.666667,32
576,2011,3,32,4,7,1,8,2.86125,11,5,0,17.666666,14.5,1
576,2011,4,1,1,1,1,1,4.13,32,10,0,14.666667,11.8,9
576,2011,5,9,4.5,6,3,2,2.6075,1,11,0,14,11.333333,20
576,2011,6,20,5,12,1,4,3.115,9,32,0,10,13.833333,23
576,2011,7,23,3.2857144,12,1,7,2.97,20,1,0,17.333334,16,15
576,2011,8,15,3,6,1,5,3.318,23,9,0,19.333334,16.666666,39
576,2011,9,39,7.8,30,1,5,3.318,15,20,0,25.666666,17.833334,10
576,2011,10,10,2,6,1,5,3.724,39,23,0,21.333334,19.333334,22
576,2011,11,22,3.6666667,9,1,6,3.115,10,15,0,23.666666,21.5,143
585,2011,1,146,11.230769,66,1,13,5.5435896,76,0,0,111,111,122
585,2011,2,122,8.133333,37,1,15,5.7317777,146,0,0,114.666664,114.666664,74
585,2011,3,74,4.111111,20,1,18,4.9094443,122,76,0,114,104.5,157
585,2011,4,157,13.083333,32,2,12,4.595278,74,146,0,117.666664,115,115
585,2011,5,115,11.5,82,2,10,5.7456665,157,122,0,115.333336,115,50
585,2011,6,50,4.1666665,19,1,12,5.19,115,74,0,107.333336,110.666664,23
585,2011,7,23,2.3,5,1,10,6.472,50,157,0,62.666668,90.166664,50
585,2011,8,50,4.1666665,17,1,12,6.0808334,23,115,0,41,78.166664,88
585,2011,9,88,5.5,34,1,16,5.3025,50,50,0,53.666668,80.5,116
585,2011,10,116,8.285714,73,1,14,6.1167855,88,23,0,84.666664,73.666664,171
585,2011,11,171,8.142858,51,1,21,5.601111,116,50,0,125,83,20
587,2011,1,322,20.125,83,1,16,4.429896,158,0,0,240,240,257
587,2011,2,257,18.357143,70,1,14,4.269405,322,0,0,245.66667,245.66667,245
587,2011,3,245,11.136364,34,1,22,4.165299,257,158,0,274.66666,245.5,186
587,2011,4,186,12.4,34,1,15,4.3435717,245,322,0,229.33333,233.6,193
587,2011,5,193,11.3529415,120,1,17,5.1707354,186,257,0,208,226.83333,266
587,2011,6,266,12.090909,104,1,22,5.2456555,193,245,0,215,244.83333,123
587,2011,7,123,6.8333335,24,1,18,5.248963,266,186,0,194,211.66667,636
587,2011,8,636,39.75,360,1,16,4.630625,123,193,0,341.66666,274.83334,239
587,2011,9,239,11.95,35,2,20,4.8045,636,266,0,332.66666,273.83334,191
587,2011,10,191,11.235294,48,1,17,4.695,239,123,0,355.33334,274.66666,184
587,2011,11,184,8.363636,48,1,22,4.658076,191,636,0,204.66667,273.16666,40
588,2011,1,100,11.111111,36,1,9,1.39,30,0,0,65,65,192
588,2011,2,192,19.2,108,1,10,1.6735,100,0,0,107.333336,107.333336,129
588,2011,3,129,9.214286,37,1,14,1.5813096,192,30,0,140.33333,112.75,556
588,2011,4,556,79.42857,408,1,7,1.8278571,129,100,0,292.33334,201.4,3
588,2011,5,3,1.5,2,1,2,1.855,556,192,0,229.33333,168.33333,45
588,2011,6,45,6.428571,14,1,7,1.5092857,3,129,0,201.33333,170.83333,95
588,2011,7,95,8.636364,60,1,11,1.25,45,556,0,47.666668,170,41
588,2011,8,41,5.125,12,1,8,1.5525,95,3,0,60.333332,144.83333,4
588,2011,9,4,1.3333334,2,1,3,1.6533333,41,45,0,46.666668,124,29
588,2011,10,29,4.142857,12,1,7,1.5957143,4,95,0,24.666666,36.166668,186
588,2011,11,186,16.90909,96,1,11,1.36,29,41,0,73,66.666664,20
590,2011,1,19,9.5,18,1,2,1.63,28,0,0,23.5,23.5,34
590,2011,2,34,5.6666665,12,1,6,0.98,19,0,0,27,27,50
590,2011,3,50,5.5555553,14,1,9,1.1533333,34,28,0,34.333332,32.75,56
590,2011,4,56,9.333333,24,2,6,1.1533333,50,19,0,46.666668,37.4,8
590,2011,5,8,2.6666667,6,1,3,1.37,56,34,0,38,32.5,16
590,2011,6,16,4,12,1,4,1.24,8,50,0,26.666666,30.5,26
590,2011,7,26,8.666667,12,2,3,1.11,16,56,0,16.666666,31.666666,1
590,2011,8,1,1,1,1,1,1.63,26,8,0,14.333333,26.166666,30
590,2011,9,30,10,12,6,3,0.85,1,16,0,19,22.833334,15
590,2011,10,15,7.5,12,3,2,0.85,30,26,0,15.333333,16,17
590,2011,11,17,4.25,12,1,4,1.24,15,1,0,20.666666,17.5,140
592,2011,1,54,5.4,17,1,10,1.5205,17,0,0,35.5,35.5,51
592,2011,2,51,7.285714,16,1,7,1.4228572,54,0,0,40.666668,40.666668,16
592,2011,3,16,5.3333335,12,1,3,1.25,51,17,0,40.333332,34.5,61
592,2011,4,61,10.166667,14,1,6,1.6533333,16,54,0,42.666668,39.8,15
592,2011,5,15,3,4,2,5,1.25,61,51,0,30.666666,35.666668,37
592,2011,6,37,7.4,24,1,5,1.734,15,16,0,37.666668,39,16
592,2011,7,16,1.7777778,5,1,9,1.855,37,61,0,22.666666,32.666668,12
592,2011,8,12,3,7,1,4,1.5525,16,15,0,21.666666,26.166666,92
592,2011,9,92,11.5,60,1,8,1.5903125,12,37,0,40,38.833332,17
592,2011,10,17,2.8333333,6,1,6,1.6533333,92,16,0,40.333332,31.5,55
592,2011,11,55,5,24,1,11,1.525,17,12,0,54.666668,38.166668,14
595,2011,1,135,13.5,96,1,10,3.5005,108,0,0,121.5,121.5,49
595,2011,2,49,3.7692308,13,1,13,3.8888462,135,0,0,97.333336,97.333336,69
595,2011,3,69,6.9,38,1,10,3.92,49,108,0,84.333336,90.25,83
595,2011,4,83,13.833333,63,1,6,3.5880556,69,135,0,67,88.8,29
595,2011,5,29,4.142857,8,1,7,3.44,83,49,0,60.333332,78.833336,39
595,2011,6,39,3.5454545,8,1,11,4.0092425,29,69,0,50.333332,67.333336,34
595,2011,7,34,3.4,7,1,10,3.0505,39,83,0,34,50.5,78
595,2011,8,78,7.090909,24,1,11,3.4822726,34,29,0,50.333332,55.333332,34
595,2011,9,34,6.8,18,1,5,2.95,78,39,0,48.666668,49.5,57
595,2011,10,57,5.181818,7,1,11,3.5524242,34,34,0,56.333332,45.166668,76
595,2011,11,76,4.2222223,10,1,18,3.613889,57,78,0,55.666668,53,26
596,2011,1,38,4.75,12,1,8,1.045,4,0,0,21,21,144
596,2011,2,144,14.4,52,1,10,0.84033334,38,0,0,62,62,180
596,2011,3,180,9.473684,43,1,19,0.8390877,144,4,0,120.666664,91.5,108
596,2011,4,108,8.307693,25,1,13,0.8384615,180,38,0,144,94.8,16
596,2011,5,16,2,5,1,8,0.83,108,144,0,101.333336,81.666664,34
596,2011,6,34,3.7777777,20,1,9,0.83,16,180,0,52.666668,86.666664,19
596,2011,7,19,1.9,4,1,10,0.83,34,108,0,23,83.5,8
596,2011,8,8,1.6,2,1,5,0.83,19,16,0,20.333334,60.833332,7
596,2011,9,7,3.5,6,1,2,0.85,8,34,0,11.333333,32,4
596,2011,10,4,2,3,1,2,0.85,7,19,0,6.3333335,14.666667,4
596,2011,11,4,2,3,1,2,0.85,4,8,0,5,12.666667,7
597,2011,1,62,8.857142,18,1,7,1.0171429,1,0,0,31.5,31.5,147
597,2011,2,147,18.375,65,1,8,0.83875,62,0,0,70,70,192
597,2011,3,192,10.666667,36,1,18,0.84018517,147,1,0,133.66667,100.5,76
597,2011,4,76,6.909091,16,2,11,0.8354545,192,62,0,138.33333,95.6,31
597,2011,5,31,3.1,6,1,10,0.832,76,147,0,99.666664,84.833336,31
597,2011,6,31,3.875,14,1,8,0.83,31,192,0,46,89.833336,38
597,2011,7,38,3.1666667,12,1,12,0.8333333,31,76,0,33.333332,85.833336,14
597,2011,8,14,2.3333333,6,1,6,0.8333333,38,31,0,27.666666,63.666668,1
597,2011,9,1,1,1,1,1,0.85,14,31,0,17.666666,31.833334,10
597,2011,10,10,10,10,10,1,0.85,1,38,0,8.333333,20.833334,3
597,2011,11,3,3,3,3,1,0.85,10,14,0,4.6666665,16.166666,6
605,2011,1,14,2.3333333,4,1,6,5.95,145,0,0,79.5,79.5,32
605,2011,2,32,4,16,1,8,5.825,14,0,0,63.666668,63.666668,32
605,2011,3,32,3.5555556,12,1,9,5.95,32,145,0,26,55.75,28
605,2011,4,28,4.6666665,16,1,6,5.7833333,32,14,0,30.666666,50.2,11
605,2011,5,11,3.6666667,6,1,3,5.95,28,32,0,23.666666,43.666668,23
605,2011,6,23,4.6,16,1,5,5.75,11,32,0,20.666666,23.333334,29
605,2011,7,29,3.625,16,1,8,5.825,23,28,0,21,25.833334,26
605,2011,8,26,2.8888888,7,1,9,5.95,29,11,0,26,24.833334,118
605,2011,9,118,11.8,32,1,10,5.55,26,23,0,57.666668,39.166668,65
605,2011,10,65,7.2222223,29,1,9,5.866667,118,29,0,69.666664,45.333332,105
605,2011,11,105,6.5625,50,1,16,5.8875,65,26,0,96,61,23
606,2011,1,9,2.25,4,1,4,4.25,47,0,0,28,28,14
606,2011,2,14,2.3333333,6,1,6,4.25,9,0,0,23.333334,23.333334,35
606,2011,3,35,3.5,12,1,10,4.25,14,47,0,19.333334,26.25,13
606,2011,4,13,2.1666667,6,1,6,4.25,35,9,0,20.666666,23.6,4
606,2011,5,4,1.3333334,2,1,3,4.25,13,14,0,17.333334,20.333334,9
606,2011,6,9,4.5,5,4,2,4.25,4,35,0,8.666667,14,17
606,2011,7,17,2.4285715,4,1,7,4.25,9,13,0,10,15.333333,8
606,2011,8,8,1.6,3,1,5,4.25,17,4,0,11.333333,14.333333,20
606,2011,9,20,2.857143,8,1,7,4.25,8,9,0,15,11.833333,31
606,2011,10,31,3.1,6,1,10,4.2,20,17,0,19.666666,14.833333,39
606,2011,11,39,2.7857144,10,1,14,4.25,31,8,0,30,20.666666,3
607,2011,1,16,2.6666667,6,1,6,3.75,3,0,0,9.5,9.5,30
607,2011,2,30,4.285714,12,1,7,3.75,16,0,0,16.333334,16.333334,7
607,2011,3,7,3.5,6,1,2,3.75,30,3,0,17.666666,14,16
607,2011,4,16,3.2,6,1,5,3.75,7,16,0,17.666666,14.4,26
607,2011,5,26,3.25,6,1,8,4.21375,16,30,0,16.333334,16.333334,18
607,2011,6,18,3,6,1,6,3.6733334,26,7,0,20,18.833334,45
607,2011,7,45,5.625,11,1,8,3.4816666,18,16,0,29.666666,23.666666,20
607,2011,8,20,4,6,1,5,3.75,45,26,0,27.666666,22,18
607,2011,9,18,3,6,1,6,4.3683333,20,18,0,27.666666,23.833334,20
607,2011,10,20,2.857143,6,1,7,4.81,18,45,0,19.333334,24.5,12
607,2011,11,12,2.4,6,1,5,3.75,20,20,0,16.666666,22.166666,6
608,2011,1,20,2.2222223,6,1,9,4.18,14,0,0,17,17,10
608,2011,2,10,2.5,6,1,4,3.75,20,0,0,14.666667,14.666667,27
608,2011,3,27,3.375,12,1,8,3.75,10,14,0,19,17.75,50
608,2011,4,50,5.5555553,36,1,9,4.0733333,27,20,0,29,24.2,46
608,2011,5,46,5.75,8,1,8,3.75,50,10,0,41,27.833334,26
608,2011,6,26,2.8888888,6,1,9,3.6477778,46,27,0,40.666668,29.833334,41
608,2011,7,41,3.1538463,7,1,13,3.425641,26,50,0,37.666668,33.333332,16
608,2011,8,16,5.3333335,7,3,3,3.75,41,46,0,27.666666,34.333332,10
608,2011,9,10,1.6666666,2,1,6,4.0591664,16,26,0,22.333334,31.5,7
608,2011,10,7,1.75,4,1,4,3.75,10,41,0,11,24.333334,28
608,2011,11,28,2.5454545,6,1,11,4.351818,7,16,0,15,21.333334,9
609,2011,1,12,2,6,1,6,4.395,6,0,0,9,9,13
609,2011,2,13,3.25,6,2,4,3.75,12,0,0,10.333333,10.333333,18
609,2011,3,18,2,6,1,9,4.1622224,13,6,0,14.333333,12.25,24
609,2011,4,24,2.6666667,6,1,9,4.1622224,18,12,0,18.333334,14.6,35
609,2011,5,35,3.5,7,1,10,4.121,24,13,0,25.666666,18,36
609,2011,6,36,3.2727273,7,1,11,3.9827273,35,18,0,31.666666,23,51
609,2011,7,51,3.642857,9,1,14,3.4159524,36,24,0,40.666668,29.5,51
609,2011,8,51,7.285714,18,1,7,3.75,51,35,0,46,35.833332,7
609,2011,9,7,1.4,3,1,5,4.492,51,36,0,36.333332,34,6
609,2011,10,6,6,6,6,1,3.75,7,51,0,21.333334,31,3
609,2011,11,3,1.5,2,1,2,4.6775,6,51,0,5.3333335,25.666666,2
611,2011,1,16,3.2,6,1,5,3.75,14,0,0,15,15,5
611,2011,2,5,2.5,4,1,2,3.75,16,0,0,11.666667,11.666667,17
611,2011,3,17,3.4,6,1,5,3.75,5,14,0,12.666667,13,44
611,2011,4,44,5.5,18,1,8,4.21375,17,16,0,22,19.2,32
611,2011,5,32,4,12,1,8,3.75,44,5,0,31,21.333334,51
611,2011,6,51,4.25,12,1,12,3.6733334,32,17,0,42.333332,27.5,75
611,2011,7,75,4.4117646,14,1,17,3.7337255,51,44,0,52.666668,37.333332,9
611,2011,8,9,2.25,6,1,4,4.6775,75,32,0,45,38,10
611,2011,9,10,2,6,1,5,4.492,9,51,0,31.333334,36.833332,7
611,2011,10,7,3.5,6,1,2,3.75,10,75,0,8.666667,30.666666,3
611,2011,11,3,1,1,1,3,3.75,7,9,0,6.6666665,25.833334,7
612,2011,1,12,1.7142857,6,1,7,4.28,25,0,0,18.5,18.5,32
612,2011,2,32,5.3333335,9,1,6,4.6775,12,0,0,23,23,37
612,2011,3,37,3.0833333,7,1,12,3.75,32,25,0,27,26.5,28
612,2011,4,28,3.5,6,1,8,4.21375,37,12,0,32.333332,26.8,54
612,2011,5,54,5.4,13,1,10,3.75,28,32,0,39.666668,31.333334,45
612,2011,6,45,4.090909,12,1,11,3.75,54,37,0,42.333332,34.666668,63
612,2011,7,63,4.2,9,1,15,3.4791112,45,28,0,54,43.166668,15
612,2011,8,15,5,8,1,3,3.75,63,54,0,41,40.333332,27
612,2011,9,27,3.375,8,1,8,3.75,15,45,0,35,38.666668,12
612,2011,10,12,1.7142857,3,1,7,4.81,27,63,0,18,36,24
612,2011,11,24,2.4,6,1,10,4.3065,12,15,0,21,31,9
613,2011,1,16,2.6666667,6,1,6,3.75,17,0,0,16.5,16.5,110
613,2011,2,110,22,96,1,5,4.703,16,0,0,47.666668,47.666668,68
613,2011,3,68,9.714286,54,1,7,3.692857,110,17,0,64.666664,52.75,17
613,2011,4,17,3.4,6,1,5,3.75,68,16,0,65,45.6,86
613,2011,5,86,12.285714,48,2,7,3.6357143,17,110,0,57,52.333332,72
613,2011,6,72,6.5454545,14,1,11,4.0872726,86,68,0,58.333332,61.5,66
613,2011,7,66,4.4,9,1,15,3.5072222,72,17,0,74.666664,69.833336,93
613,2011,8,93,6.2,21,1,15,3.4944444,66,86,0,77,67,21
613,2011,9,21,2.1,6,1,10,3.52,93,72,0,60,59.166668,35
613,2011,10,35,3.5,8,1,10,3.451,21,66,0,49.666668,62.166668,27
613,2011,11,27,1.6875,5,1,16,3.4625,35,93,0,27.666666,52.333332,13
617,2011,1,121,7.5625,35,1,16,5.1625,1407,0,0,764,764,24
617,2011,2,24,3,8,1,8,6.224375,121,0,0,517.3333,517.3333,17
617,2011,3,17,3.4,5,1,5,4.575,24,1407,0,54,392.25,12
617,2011,4,12,6,7,5,2,4.6775,17,121,0,17.666666,316.2,14
617,2011,5,14,3.5,8,1,4,4.6775,12,24,0,14.333333,265.83334,18
617,2011,6,18,4.5,6,4,4,3.75,14,17,0,14.666667,34.333332,28
617,2011,7,28,2.8,9,1,10,6.369,18,12,0,20,18.833334,423
617,2011,8,423,42.3,197,1,10,5.137,28,14,0,156.33333,85.333336,238
617,2011,9,238,9.916667,38,1,24,5.1538196,423,18,0,229.66667,122.166664,382
617,2011,10,382,14.692307,36,1,26,5.053216,238,28,0,347.66666,183.83333,911
617,2011,11,911,35.03846,300,7,26,4.9166594,382,423,0,510.33334,333.33334,323
618,2011,1,96,7.3846154,29,1,13,3.8267179,903,0,0,499.5,499.5,101
618,2011,2,101,7.769231,37,1,13,4.3233333,96,0,0,366.66666,366.66666,69
618,2011,3,69,7.6666665,37,1,9,4.7855554,101,903,0,88.666664,292.25,37
618,2011,4,37,5.285714,14,1,7,4.43,69,96,0,69,241.2,90
618,2011,5,90,15,38,1,6,3.63,37,101,0,65.333336,216,63
618,2011,6,63,7.875,36,1,8,4.195,90,69,0,63.333332,76,47
618,2011,7,47,5.875,14,1,8,3.6816666,63,37,0,66.666664,67.833336,448
618,2011,8,448,37.333332,204,1,12,2.8722222,47,90,0,186,125.666664,355
618,2011,9,355,16.904762,72,1,21,4.3454604,448,63,0,283.33334,173.33333,375
618,2011,10,375,15.625,76,1,24,4.05626,355,47,0,392.66666,229.66667,539
618,2011,11,539,21.56,81,3,25,4.5821486,375,448,0,423,304.5,190
619,2011,1,106,7.571429,30,1,14,5.018214,578,0,0,342,342,69
619,2011,2,69,5.75,38,1,12,6.3158336,106,0,0,251,251,23
619,2011,3,23,1.9166666,5,1,12,6.135,69,578,0,66,194,23
619,2011,4,23,4.6,10,1,5,6.0773335,23,106,0,38.333332,159.8,11
619,2011,5,11,2.2,5,1,5,7.64,23,69,0,19,135,12
619,2011,6,12,1.5,4,1,8,6.97625,11,23,0,15.333333,40.666668,14
619,2011,7,14,2.8,4,2,5,6.838,12,23,0,12.333333,25.333334,38
619,2011,8,38,3.4545455,10,1,11,4.55,14,11,0,21.333334,20.166666,211
619,2011,9,211,10.047619,41,1,21,5.635873,38,12,0,87.666664,51.5,232
619,2011,10,232,9.666667,50,1,24,5.024264,211,14,0,160.33333,86.333336,453
619,2011,11,453,17.423077,47,3,26,5.0884733,232,38,0,298.66666,160,111
620,2011,1,282,12.818182,37,1,22,5.6954274,646,0,0,464,464,118
620,2011,2,118,8.428572,26,1,14,5.582381,282,0,0,348.66666,348.66666,46
620,2011,3,46,5.111111,27,1,9,5.56,118,646,0,148.66667,273,11
620,2011,4,11,1.8333334,3,1,6,6.76,46,282,0,58.333332,220.6,35
620,2011,5,35,7,24,1,5,5.978,11,118,0,30.666666,189.66667,23
620,2011,6,23,4.6,12,1,5,5.3393335,35,46,0,23,85.833336,140
620,2011,7,140,14,72,1,10,5.099,23,11,0,66,62.166668,88
620,2011,8,88,5.1764708,12,1,17,5.5808825,140,35,0,83.666664,57.166668,920
620,2011,9,920,38.333332,508,2,24,5.1502085,88,23,0,382.66666,202.83333,282
620,2011,10,282,11.75,21,1,24,5.6424155,920,140,0,430,248,774
620,2011,11,774,29.76923,104,3,26,5.6943846,282,88,0,658.6667,371.16666,168
624,2011,1,199,11.055555,26,1,18,2.2857409,193,0,0,196,196,21
624,2011,2,21,3.5,13,1,6,5.204167,199,0,0,137.66667,137.66667,26
624,2011,3,26,3.7142856,10,1,7,4.492857,21,193,0,82,109.75,21
624,2011,4,21,4.2,12,1,5,3.271,26,199,0,22.666666,92,51
624,2011,5,51,8.5,24,1,6,3.2433333,21,21,0,32.666668,85.166664,36
624,2011,6,36,7.2,19,1,5,2.106,51,26,0,36,59,95
624,2011,7,95,7.3076925,16,1,13,2.0274358,36,21,0,60.666668,41.666668,103
624,2011,8,103,17.166666,48,5,6,1.7711111,95,51,0,78,55.333332,138
624,2011,9,138,10.615385,29,1,13,2.163064,103,36,0,112,74,548
624,2011,10,548,23.826086,142,1,23,2.166855,138,95,0,263,161.83333,391
624,2011,11,391,15.64,40,1,25,2.13307,548,103,0,359,218.5,112
625,2011,1,325,36.11111,75,25,9,0.42,175,0,0,250,250,450
625,2011,2,450,37.5,100,25,12,0.42,325,0,0,316.66666,316.66666,375
625,2011,3,375,28.846153,50,25,13,0.42,450,175,0,383.33334,331.25,175
625,2011,4,175,35,50,25,5,0.42,375,325,0,333.33334,300,275
625,2011,5,275,34.375,75,25,8,0.42,175,450,0,275,295.83334,650
625,2011,6,650,65,250,25,10,0.412,275,375,0,366.66666,375,650
625,2011,7,650,46.42857,125,25,14,0.42,650,175,0,525,429.16666,250
625,2011,8,250,41.666668,75,25,6,0.42,650,275,0,516.6667,395.83334,550
625,2011,9,550,45.833332,175,25,12,0.42,250,650,0,483.33334,425,700
625,2011,10,700,77.77778,275,25,9,0.41444445,550,650,0,500,512.5,1075
625,2011,11,1075,76.78571,225,25,14,0.40928572,700,250,0,775,645.8333,150
626,2011,1,275,39.285713,50,25,7,0.42,75,0,0,175,175,400
626,2011,2,400,30.76923,75,25,13,0.42,275,0,0,250,250,475
626,2011,3,475,36.53846,100,25,13,0.42,400,75,0,383.33334,306.25,800
626,2011,4,800,61.53846,300,25,13,0.41384616,475,275,0,558.3333,405,525
626,2011,5,525,37.5,75,25,14,0.42,800,400,0,600,425,325
626,2011,6,325,27.083334,50,25,12,0.42,525,475,0,550,466.66666,575
626,2011,7,575,38.333332,75,25,15,0.42,325,800,0,475,516.6667,1550
626,2011,8,1550,96.875,1000,25,16,0.415,575,525,0,816.6667,708.3333,625
626,2011,9,625,44.642857,150,25,14,0.42,1550,325,0,916.6667,733.3333,1575
626,2011,10,1575,98.4375,675,25,16,0.4153125,625,575,0,1250,862.5,975
626,2011,11,975,54.166668,200,25,18,0.41666666,1575,1550,0,1058.3334,937.5,425
627,2011,1,875,43.75,75,25,20,0.42,550,0,0,712.5,712.5,566
627,2011,2,566,40.42857,100,4,14,0.42,875,0,0,663.6667,663.6667,785
627,2011,3,785,60.384617,400,25,13,0.4156923,566,550,0,742,694,425
627,2011,4,425,35.416668,100,25,12,0.42,785,875,0,592,640.2,1250
627,2011,5,1250,83.333336,600,25,15,0.41466665,425,566,0,820,741.8333,975
627,2011,6,975,51.31579,200,25,19,0.42,1250,785,0,883.3333,812.6667,950
627,2011,7,950,45.238094,100,25,21,0.42,975,425,0,1058.3334,825.1667,625
627,2011,8,625,44.642857,125,25,14,0.41714287,950,1250,0,850,835,1100
627,2011,9,1100,61.11111,175,25,18,0.41916665,625,975,0,891.6667,887.5,875
627,2011,10,875,58.333332,150,25,15,0.42,1100,950,0,866.6667,962.5,1200
627,2011,11,1200,63.157894,150,25,19,0.4181579,875,625,0,1058.3334,954.1667,375
628,2011,1,375,31.25,50,25,12,0.42,500,0,0,437.5,437.5,350
628,2011,2,350,35,75,25,10,0.42,375,0,0,408.33334,408.33334,725
628,2011,3,725,80.55556,225,25,9,0.41111112,350,500,0,483.33334,487.5,325
628,2011,4,325,32.5,50,25,10,0.42,725,375,0,466.66666,455,602
628,2011,5,602,43,200,2,14,0.41428572,325,350,0,550.6667,479.5,750
628,2011,6,750,41.666668,150,25,18,0.42,602,725,0,559,521.1667,650
628,2011,7,650,43.333332,150,25,15,0.42,750,325,0,667.3333,567,525
628,2011,8,525,37.5,100,25,14,0.41428572,650,602,0,641.6667,596.1667,800
628,2011,9,800,57.142857,200,25,14,0.41892856,525,750,0,658.3333,608.6667,425
628,2011,10,425,38.636364,75,25,11,0.42,800,650,0,583.3333,625.3333,825
628,2011,11,825,55,275,25,15,0.41766667,425,525,0,683.3333,662.5,100
629,2011,1,450,34.615383,75,25,13,0.42,250,0,0,350,350,350
629,2011,2,350,31.818182,75,25,11,0.42,450,0,0,350,350,950
629,2011,3,950,67.85714,300,25,14,0.40952381,350,250,0,583.3333,500,275
629,2011,4,275,27.5,50,25,10,0.42,950,450,0,525,455,500
629,2011,5,500,62.5,200,25,8,0.41,275,350,0,575,462.5,475
629,2011,6,475,29.6875,75,25,16,0.42,500,950,0,416.66666,500,500
629,2011,7,500,35.714287,75,25,14,0.42,475,275,0,491.66666,508.33334,650
629,2011,8,650,43.333332,100,25,15,0.41733333,500,500,0,541.6667,558.3333,725
629,2011,9,725,48.333332,125,25,15,0.42,650,475,0,625,520.8333,450
629,2011,10,450,30,50,25,15,0.416,725,500,0,608.3333,550,650
629,2011,11,650,46.42857,125,25,14,0.4157143,450,650,0,608.3333,575,125
631,2011,1,135,15,36,1,9,0.5338889,98,0,0,116.5,116.5,36
631,2011,2,36,18,24,12,2,0.42,135,0,0,89.666664,89.666664,240
631,2011,3,240,26.666666,84,12,9,0.41333333,36,98,0,137,127.25,50
631,2011,4,50,8.333333,12,1,6,0.5566667,240,135,0,108.666664,111.8,110
631,2011,5,110,18.333334,72,1,6,0.5466667,50,36,0,133.33333,111.5,206
631,2011,6,206,18.727272,48,1,11,0.49454546,110,240,0,122,129.5,123
631,2011,7,123,17.571428,36,12,7,0.50785714,206,50,0,146.33333,127.5,144
631,2011,8,144,36,84,12,4,0.4125,123,110,0,157.66667,145.5,228
631,2011,9,228,25.333334,84,12,9,0.41666666,144,206,0,165,143.5,347
631,2011,10,347,38.555557,168,1,9,0.5044444,228,123,0,239.66667,193,126
631,2011,11,126,14,26,1,9,0.54907405,347,144,0,233.66667,195.66667,72
632,2011,1,203,14.5,38,1,14,0.5488095,440,0,0,321.5,321.5,246
632,2011,2,246,20.5,48,1,12,0.5225,203,0,0,296.33334,296.33334,510
632,2011,3,510,30,120,12,17,0.46720588,246,440,0,319.66666,349.75,502
632,2011,4,502,38.615383,324,2,13,0.48153847,510,203,0,419.33334,380.2,377
632,2011,5,377,26.928572,192,1,14,0.5067857,502,246,0,463,379.66666,238
632,2011,6,238,15.866667,36,1,15,0.51111114,377,510,0,372.33334,346,250
632,2011,7,250,16.666666,72,1,15,0.53844446,238,502,0,288.33334,353.83334,215
632,2011,8,215,19.545454,60,1,11,0.5380303,250,377,0,234.33333,348.66666,360
632,2011,9,360,22.5,49,1,16,0.51182294,215,238,0,275,323.66666,820
632,2011,10,820,48.235294,480,1,17,0.46068627,360,250,0,465,376.66666,430
632,2011,11,430,20.47619,38,1,21,0.51924604,820,215,0,536.6667,385.5,367
633,2011,1,375,28.846153,180,1,13,0.46769232,203,0,0,289,289,246
633,2011,2,246,20.5,72,1,12,0.5175,375,0,0,274.66666,274.66666,346
633,2011,3,346,26.615385,110,12,13,0.51211536,246,203,0,322.33334,292.5,174
633,2011,4,174,13.384615,36,1,13,0.48307693,346,375,0,255.33333,268.8,211
633,2011,5,211,17.583334,48,3,12,0.47125,174,246,0,243.66667,259.16666,316
633,2011,6,316,24.307692,144,1,13,0.54523075,211,346,0,233.66667,278,193
633,2011,7,193,14.846154,36,2,13,0.54615384,316,174,0,240,247.66667,162
633,2011,8,162,14.727273,48,4,11,0.49454546,193,211,0,223.66667,233.66667,201
633,2011,9,201,15.461538,48,1,13,0.5619231,162,316,0,185.33333,209.5,307
633,2011,10,307,19.1875,36,5,16,0.4584375,201,193,0,223.33333,231.66667,482
633,2011,11,482,26.777779,96,1,18,0.5500926,307,162,0,330,276.83334,116
634,2011,1,194,13.857142,25,1,14,0.6073809,118,0,0,156,156,186
634,2011,2,186,15.5,73,1,12,0.5541667,194,0,0,166,166,286
634,2011,3,286,23.833334,72,1,12,0.6064583,186,118,0,222,196,183
634,2011,4,183,20.333334,60,12,9,0.45796296,286,194,0,218.33333,193.4,248
634,2011,5,248,20.666666,84,12,12,0.49152777,183,186,0,239,202.5,259
634,2011,6,259,18.5,72,1,14,0.5475,248,286,0,230,226,164
634,2011,7,164,11.714286,24,1,14,0.5517857,259,183,0,223.66667,221,277
634,2011,8,277,30.777779,72,12,9,0.42944443,164,248,0,233.33333,236.16667,111
634,2011,9,111,12.333333,24,1,9,0.5566667,277,259,0,184,207,197
634,2011,10,197,16.416666,39,1,12,0.4997222,111,164,0,195,209.33333,203
634,2011,11,203,18.454546,73,1,11,0.6036364,197,277,0,170.33333,201.83333,64
635,2011,1,191,15.916667,72,1,12,0.6344444,153,0,0,172,172,453
635,2011,2,453,32.357143,87,1,14,0.5108333,191,0,0,265.66666,265.66666,448
635,2011,3,448,29.866667,144,1,15,0.4841111,453,153,0,364,311.25,150
635,2011,4,150,12.5,36,1,12,0.5054167,448,191,0,350.33334,279,314
635,2011,5,314,20.933332,72,2,15,0.47294444,150,453,0,304,284.83334,404
635,2011,6,404,33.666668,120,1,12,0.52229166,314,448,0,289.33334,326.66666,273
635,2011,7,273,16.058823,36,1,17,0.5285294,404,150,0,330.33334,340.33334,300
635,2011,8,300,25,96,12,12,0.41833332,273,314,0,325.66666,314.83334,369
635,2011,9,369,21.705883,84,1,17,0.5187255,300,404,0,314,301.66666,295
635,2011,10,295,22.692308,72,2,13,0.49423078,369,273,0,321.33334,325.83334,300
635,2011,11,300,18.75,120,1,16,0.62852085,295,300,0,321.33334,323.5,91
637,2011,1,284,17.75,72,1,16,0.50395834,140,0,0,212,212,233
637,2011,2,233,19.416666,72,1,12,0.53458333,284,0,0,219,219,270
637,2011,3,270,20.76923,75,1,13,0.5130769,233,140,0,262.33334,231.75,341
637,2011,4,341,21.3125,72,12,16,0.4546875,270,284,0,281.33334,253.6,291
637,2011,5,291,19.4,48,1,15,0.502,341,233,0,300.66666,259.83334,265
637,2011,6,265,20.384615,41,1,13,0.54352564,291,270,0,299,280.66666,192
637,2011,7,192,13.714286,36,2,14,0.5517857,265,341,0,249.33333,265.33334,399
637,2011,8,399,24.9375,86,1,16,0.5215104,192,291,0,285.33334,293,290
637,2011,9,290,20.714285,108,1,14,0.47714287,399,265,0,293.66666,296.33334,192
637,2011,10,192,21.333334,72,12,9,0.42,290,192,0,293.66666,271.5,365
637,2011,11,365,30.416666,72,2,12,0.48833334,192,399,0,282.33334,283.83334,37
638,2011,1,112,7.4666667,14,1,15,0.44966668,57,0,0,84.5,84.5,12
638,2011,2,12,12,12,12,1,0.42,112,0,0,60.333332,60.333332,48
638,2011,3,48,12,12,12,4,0.42,12,57,0,57.333332,57.25,84
638,2011,4,84,42,72,12,2,0.39,48,112,0,48,62.6,26
638,2011,5,26,6.5,12,1,4,0.625,84,12,0,52.666668,56.5,38
638,2011,6,38,9.5,12,2,4,0.5225,26,48,0,49.333332,53.333332,13
638,2011,7,13,6.5,12,1,2,0.625,38,84,0,25.666666,36.833332,38
638,2011,8,38,7.6,12,1,5,0.584,13,26,0,29.666666,41.166668,36
638,2011,9,36,12,12,12,3,0.42,38,38,0,29,39.166668,25
638,2011,10,25,12.5,24,1,2,0.625,36,13,0,33,29.333334,14
638,2011,11,14,4.6666665,12,1,3,0.6933333,25,38,0,25,27.333334,1
639,2011,1,144,8.470589,38,1,17,10.96402,204,0,0,174,174,128
639,2011,2,128,8.533334,46,1,15,10.104222,144,0,0,158.66667,158.66667,155
639,2011,3,155,7.0454545,44,1,22,9.11303,128,204,0,142.33333,157.75,78
639,2011,4,78,6.5,27,1,12,8.533334,155,144,0,120.333336,141.8,256
639,2011,5,256,12.8,110,1,20,8.632417,78,128,0,163,160.83333,587
639,2011,6,587,39.133335,301,1,15,9.9551115,256,155,0,307,224.66667,670
639,2011,7,670,35.263157,503,1,19,10.730281,587,78,0,504.33334,312.33334,143
639,2011,8,143,8.411765,31,1,17,8.358039,670,256,0,466.66666,314.83334,465
639,2011,9,465,23.25,217,1,20,9.179417,143,587,0,426,366.5,138
639,2011,10,138,6,17,1,23,9.1323185,465,670,0,248.66667,376.5,226
639,2011,11,226,9.416667,50,1,24,10.177632,138,143,0,276.33334,371.5,52
640,2011,1,154,8.105263,42,1,19,9.203157,153,0,0,153.5,153.5,67
640,2011,2,67,4.4666667,12,1,15,9.054444,154,0,0,124.666664,124.666664,170
640,2011,3,170,8.095238,24,1,21,9.049905,67,153,0,130.33333,136,104
640,2011,4,104,6.5,22,1,16,9.081369,170,154,0,113.666664,129.6,132
640,2011,5,132,6.6,21,2,20,8.843333,104,67,0,135.33333,130,83
640,2011,6,83,4.611111,30,1,18,9.411667,132,170,0,106.333336,118.333336,95
640,2011,7,95,5,35,1,19,9.509298,83,104,0,103.333336,108.5,156
640,2011,8,156,8.210526,23,1,19,8.415088,95,132,0,111.333336,123.333336,358
640,2011,9,358,16.272728,122,1,22,8.967311,156,83,0,203,154.66667,96
640,2011,10,96,5.0526314,24,1,19,9.236579,358,95,0,203.33333,153.33333,150
640,2011,11,150,7.142857,64,1,21,9.1373415,96,156,0,201.33333,156.33333,39
642,2011,1,15,2.142857,4,1,7,9.391905,10,0,0,12.5,12.5,16
642,2011,2,16,2.6666667,6,1,6,6.95,15,0,0,13.666667,13.666667,11
642,2011,3,11,2.2,4,1,5,6.95,16,10,0,14,13,22
642,2011,4,22,2.2,4,1,10,7.167,11,15,0,16.333334,14.8,17
642,2011,5,17,1.8888888,3,1,9,8.006667,22,16,0,16.666666,15.166667,30
642,2011,6,30,2.5,6,1,12,7.6941667,17,11,0,23,18.5,34
642,2011,7,34,2.8333333,13,1,12,6.4183335,30,22,0,27,21.666666,17
642,2011,8,17,2.4285715,6,1,7,6.95,34,17,0,27,21.833334,11
642,2011,9,11,1.8333334,6,1,6,9.0633335,17,30,0,20.666666,21.833334,23
642,2011,10,23,4.6,12,1,5,6.75,11,34,0,17,22,11
642,2011,11,11,1.5714285,3,1,7,7.8557143,23,17,0,15,21,1
643,2011,1,15,3,6,1,5,3.518,5,0,0,10,10,15
643,2011,2,15,5,12,1,3,2.95,15,0,0,11.666667,11.666667,17
643,2011,3,17,5.6666665,6,5,3,2.23,15,5,0,15.666667,13,127
643,2011,4,127,15.875,18,1,8,0.79,17,15,0,53,35.8,29
643,2011,5,29,4.142857,18,1,7,2.2185714,127,15,0,57.666668,34.666668,124
643,2011,6,124,15.5,36,1,8,1.1025,29,17,0,93.333336,54.5,161
643,2011,7,161,13.416667,37,1,12,1.415,124,127,0,104.666664,78.833336,26
643,2011,8,26,5.2,18,1,5,1.79,161,29,0,103.666664,80.666664,107
643,2011,9,107,15.285714,42,1,7,1.1471429,26,124,0,98,95.666664,66
643,2011,10,66,6,18,1,11,0.79,107,161,0,66.333336,85.5,81
643,2011,11,81,8.1,21,1,10,1.04,66,26,0,84.666664,94.166664,4
644,2011,1,108,6.352941,36,1,17,2.9295588,128,0,0,118,118,134
644,2011,2,134,7.4444447,24,1,18,2.9489815,108,0,0,123.333336,123.333336,99
644,2011,3,99,7.071429,30,1,14,3.1507738,134,128,0,113.666664,117.25,129
644,2011,4,129,9.923077,60,1,13,2.7471154,99,108,0,120.666664,119.6,95
644,2011,5,95,6.3333335,20,1,15,3.3533332,129,134,0,107.666664,115.5,106
644,2011,6,106,6.625,48,1,16,3.4507291,95,99,0,110,111.833336,156
644,2011,7,156,11.142858,96,1,14,3.1421428,106,129,0,119,119.833336,106
644,2011,8,106,8.833333,30,1,12,2.4375,156,95,0,122.666664,115.166664,63
644,2011,9,63,7.875,13,1,8,2.55,106,106,0,108.333336,109.166664,278
644,2011,10,278,19.857143,192,1,14,2.4857142,63,156,0,149,134,108
644,2011,11,108,7.2,13,2,15,2.505,278,106,0,149.66667,136.16667,10
645,2011,1,89,4.2380953,12,1,21,6.2288094,99,0,0,94,94,127
645,2011,2,127,6.6842103,16,2,19,5.3720174,89,0,0,105,105,128
645,2011,3,128,7.529412,16,1,17,5.414804,127,99,0,114.666664,110.75,84
645,2011,4,84,4.6666665,13,1,18,5.6495833,128,89,0,113,105.4,133
645,2011,5,133,6.65,18,1,20,5.6305833,84,127,0,115,110,82
645,2011,6,82,5.125,19,3,16,5.0173435,133,128,0,99.666664,107.166664,255
645,2011,7,255,15.9375,182,1,16,5.801875,82,84,0,156.66667,134.83333,124
645,2011,8,124,6.888889,36,1,18,4.7814813,255,133,0,153.66667,134.33333,64
645,2011,9,64,5.3333335,13,1,12,4.920833,124,82,0,147.66667,123.666664,71
645,2011,10,71,5.9166665,12,2,12,4.775,64,255,0,86.333336,121.5,76
645,2011,11,76,4.75,12,1,16,4.95,71,124,0,70.333336,112,29
646,2011,1,15,2.142857,3,1,7,6.0385714,17,0,0,16,16,19
646,2011,2,19,2.7142856,6,1,7,4.95,15,0,0,17,17,40
646,2011,3,40,3.0769231,6,1,13,5.7207694,19,17,0,24.666666,22.75,29
646,2011,4,29,2.9,6,1,10,5.451,40,15,0,29.333334,24,52
646,2011,5,52,3.4666667,12,1,15,5.9053335,29,19,0,40.333332,28.666666,37
646,2011,6,37,3.0833333,6,1,12,5.15875,52,40,0,39.333332,32,45
646,2011,7,45,3.2142856,11,1,14,4.8880954,37,29,0,44.666668,37,33
646,2011,8,33,4.714286,12,1,7,4.85,45,52,0,38.333332,39.333332,17
646,2011,9,17,3.4,4,3,5,5.451,33,37,0,31.666666,35.5,38
646,2011,10,38,2.9230769,13,1,13,4.923077,17,45,0,29.333334,37,25
646,2011,11,25,2.7777777,5,1,9,5.5066667,38,33,0,26.666666,32.5,9
647,2011,1,118,6.9411764,36,1,17,3.217549,282,0,0,200,200,136
647,2011,2,136,9.066667,57,1,15,3.0677037,118,0,0,178.66667,178.66667,286
647,2011,3,286,13.619047,78,1,21,2.8094842,136,282,0,180,205.5,226
647,2011,4,226,13.294118,60,1,17,2.6993136,286,118,0,216,209.6,191
647,2011,5,191,10.052631,30,1,19,2.9178421,226,136,0,234.33333,206.5,108
647,2011,6,108,6,16,1,18,2.8847222,191,286,0,175,177.5,265
647,2011,7,265,18.928572,146,1,14,2.7007143,108,226,0,188,202,210
647,2011,8,210,12.3529415,102,1,17,2.5367646,265,191,0,194.33333,214.33333,120
647,2011,9,120,7.0588236,20,1,17,2.55,210,108,0,198.33333,186.66667,394
647,2011,10,394,23.17647,246,1,17,2.5367646,120,265,0,241.33333,214.66667,133
647,2011,11,133,6.65,18,1,20,2.55,394,210,0,215.66667,205,28
648,2011,1,20,2.5,4,1,8,4.755,48,0,0,34,34,18
648,2011,2,18,3.6,5,1,5,4.25,20,0,0,28.666666,28.666666,53
648,2011,3,53,5.888889,20,1,9,4.25,18,48,0,30.333334,34.75,9
648,2011,4,9,3,4,1,3,5.596667,53,20,0,26.666666,29.6,16
648,2011,5,16,4,4,4,4,4.25,9,18,0,26,27.333334,72
648,2011,6,72,24,64,4,3,4.0833335,16,53,0,32.333332,31.333334,12
648,2011,7,12,4,4,4,3,4.25,72,9,0,33.333332,30,6
648,2011,8,6,3,4,2,2,4.25,12,16,0,30,28,4
648,2011,9,4,4,4,4,1,4.25,6,72,0,7.3333335,19.833334,12
648,2011,10,12,6,8,4,2,4.25,4,12,0,7.3333335,20.333334,51
648,2011,11,51,6.375,14,1,8,4.25,12,6,0,22.333334,26.166666,12
651,2011,1,84,10.5,18,2,8,0.95125,79,0,0,81.5,81.5,117
651,2011,2,117,16.714285,61,1,7,1.11,84,0,0,93.333336,93.333336,158
651,2011,3,158,14.363636,24,6,11,0.85,117,79,0,119.666664,109.5,64
651,2011,4,64,12.8,24,2,5,1.006,158,84,0,113,100.4,74
651,2011,5,74,9.25,17,1,8,1.1425,64,117,0,98.666664,96,183
651,2011,6,183,18.3,72,1,10,1.032,74,158,0,107,113.333336,174
651,2011,7,174,14.5,72,1,12,1.0125,183,64,0,143.66667,128.33333,320
651,2011,8,320,32,212,1,10,0.996,174,74,0,225.66667,162.16667,218
651,2011,9,218,21.8,82,1,10,1.103,320,183,0,237.33333,172.16667,176
651,2011,10,176,16,103,1,11,1.2590909,218,174,0,238,190.83333,213
651,2011,11,213,14.2,38,1,15,1.253,176,320,0,202.33333,214,115
653,2011,1,37,3.3636363,9,1,11,2.4945455,7,0,0,22,22,14
653,2011,2,14,4.6666665,12,1,3,4.1566668,37,0,0,19.333334,19.333334,7
653,2011,3,7,3.5,6,1,2,2.55,14,7,0,19.333334,16.25,5
653,2011,4,5,2.5,4,1,2,2.46,7,37,0,8.666667,14,6
653,2011,5,6,2,2,2,3,2.46,5,14,0,6,12.666667,10
653,2011,6,10,2.5,7,1,4,2.47125,6,7,0,7,13.166667,7
653,2011,7,7,1.1666666,2,1,6,2.475,10,5,0,7.6666665,8.166667,2
653,2011,8,2,1,1,1,2,2.46,7,6,0,6.3333335,6.1666665,6
653,2011,9,6,1.5,3,1,4,2.4825,2,10,0,5,6,15
653,2011,10,15,3.75,6,1,4,2.505,6,7,0,7.6666665,7.6666665,17
653,2011,11,17,1.7,6,1,10,2.469,15,2,0,12.666667,9.5,4
655,2011,1,228,14.25,125,1,16,2.8089583,47,0,0,137.5,137.5,17
655,2011,2,17,2.125,3,1,8,4.635,228,0,0,97.333336,97.333336,25
655,2011,3,25,2.5,6,1,10,4.29,17,47,0,90,79.25,31
655,2011,4,31,3.4444444,8,1,9,4.4266667,25,228,0,24.333334,69.6,35
655,2011,5,35,4.375,19,1,8,4.1425,31,17,0,30.333334,63.833332,13
655,2011,6,13,2.1666667,5,1,6,5.272222,35,25,0,26.333334,58.166668,37
655,2011,7,37,3.7,8,1,10,2.834,13,31,0,28.333334,26.333334,48
655,2011,8,48,6.857143,17,1,7,4.8871427,37,35,0,32.666668,31.5,4
655,2011,9,4,1,1,1,4,5,48,13,0,29.666666,28,20
655,2011,10,20,2.857143,6,1,7,4.8871427,4,37,0,24,26.166666,35
655,2011,11,35,2.9166667,6,1,12,4.759444,20,48,0,19.666666,26.166666,11
656,2011,1,114,6.7058825,60,1,17,3.1909804,242,0,0,178,178,145
656,2011,2,145,8.529411,72,1,17,3.5143137,114,0,0,167,167,201
656,2011,3,201,9.136364,61,1,22,3.1400757,145,242,0,153.33333,175.5,89
656,2011,4,89,6.357143,25,1,14,3.267262,201,114,0,145,158.2,216
656,2011,5,216,9.818182,31,1,22,2.9279318,89,145,0,168.66667,167.83333,210
656,2011,6,210,11.052631,68,1,19,2.9775965,216,201,0,171.66667,162.5,113
656,2011,7,113,5.9473686,26,1,19,3.4590352,210,89,0,179.66667,162.33333,181
656,2011,8,181,9.526316,62,1,19,2.9689913,113,216,0,168,168.33333,169
656,2011,9,169,8.45,63,1,20,3.352125,181,210,0,154.33333,163,226
656,2011,10,226,10.272727,62,1,22,3.1605303,169,113,0,192,185.83333,217
656,2011,11,217,9.434783,67,1,23,3.519703,226,181,0,204,186,15
657,2011,1,340,17.894737,70,1,19,2.7628684,180,0,0,260,260,283
657,2011,2,283,16.647058,74,1,17,3.2034314,340,0,0,267.66666,267.66666,448
657,2011,3,448,19.47826,197,1,23,2.9040942,283,180,0,357,312.75,162
657,2011,4,162,9.529411,30,1,17,3.1548626,448,340,0,297.66666,282.6,623
657,2011,5,623,27.086956,192,2,23,2.9081159,162,283,0,411,339.33334,407
657,2011,6,407,18.5,72,1,22,2.968407,623,448,0,397.33334,377.16666,189
657,2011,7,189,9,24,1,21,2.898111,407,162,0,406.33334,352,295
657,2011,8,295,15.526316,73,1,19,3.2642543,189,623,0,297,354,274
657,2011,9,274,13.047619,69,1,21,3.2311168,295,407,0,252.66667,325,436
657,2011,10,436,24.222221,73,1,18,3.0251389,274,189,0,335,370.66666,258
657,2011,11,258,10.75,61,1,24,3.2363691,436,295,0,322.66666,309.83334,43
658,2011,1,239,17.071428,66,1,14,3.2238095,20,0,0,129.5,129.5,34
658,2011,2,34,3.7777777,12,1,9,2.9516666,239,0,0,97.666664,97.666664,110
658,2011,3,110,9.166667,61,1,12,2.8325,34,20,0,127.666664,100.75,86
658,2011,4,86,6.6153846,18,1,13,2.6426923,110,239,0,76.666664,97.8,66
658,2011,5,66,5.5,20,1,12,2.9014583,86,34,0,87.333336,92.5,127
658,2011,6,127,7.9375,24,1,16,2.826146,66,110,0,93,110.333336,36
658,2011,7,36,3.2727273,12,1,11,2.8786364,127,86,0,76.333336,76.5,250
658,2011,8,250,16.666666,64,1,15,2.947,36,66,0,137.66667,112.5,36
658,2011,9,36,3,7,1,12,3.1525,250,127,0,107.333336,100.166664,223
658,2011,10,223,22.3,67,2,10,2.8868334,36,36,0,169.66667,123,39
658,2011,11,39,2.7857144,7,1,14,3.5828571,223,250,0,99.333336,118.5,15
660,2011,1,96,6.4,27,1,15,3.7784445,19,0,0,57.5,57.5,119
660,2011,2,119,13.222222,75,1,9,3.0233333,96,0,0,78,78,32
660,2011,3,32,2.6666667,7,1,12,3.4233334,119,19,0,82.333336,66.5,70
660,2011,4,70,6.3636365,36,1,11,3.4663637,32,96,0,73.666664,67.2,104
660,2011,5,104,10.4,63,1,10,2.93,70,119,0,68.666664,73.333336,51
660,2011,6,51,7.285714,18,1,7,3.152857,104,32,0,75,78.666664,81
660,2011,7,81,13.5,60,1,6,3.3566666,51,70,0,78.666664,76.166664,11
660,2011,8,11,3.6666667,8,1,3,3.8966668,81,104,0,47.666668,58.166668,60
660,2011,9,60,6.6666665,12,1,9,3.2655556,11,51,0,50.666668,62.833332,12
660,2011,10,12,2.4,5,1,5,4.654,60,81,0,27.666666,53.166668,127
660,2011,11,127,12.7,64,1,10,3.356,12,11,0,66.333336,57,613
661,2011,1,22,2.2,4,1,10,3.518,23,0,0,22.5,22.5,120
661,2011,2,120,15,66,1,8,3.825,22,0,0,55,55,38
661,2011,3,38,3.4545455,13,1,11,3.8536363,120,23,0,60,50.75,63
661,2011,4,63,7,36,2,9,3.475926,38,22,0,73.666664,53.2,55
661,2011,5,55,6.111111,15,1,9,2.95,63,120,0,52,53.5,43
661,2011,6,43,4.3,12,1,10,3.234,55,38,0,53.666668,56.833332,15
661,2011,7,15,3,6,1,5,3.518,43,63,0,37.666668,55.666668,11
661,2011,8,11,2.75,8,1,4,4.37,15,55,0,23,37.5,25
661,2011,9,25,3.5714285,7,1,7,3.3557143,11,43,0,17,35.333332,7
661,2011,10,7,1.75,3,1,4,2.95,25,15,0,14.333333,26,23
661,2011,11,23,3.2857144,7,1,7,2.95,7,11,0,18.333334,20.666666,597
663,2011,1,37,7.4,12,2,5,2.25,77,0,0,57,57,29
663,2011,2,29,4.8333335,8,1,6,3.228611,37,0,0,47.666668,47.666668,78
663,2011,3,78,6,18,1,13,2.4584615,29,77,0,48,55.25,61
663,2011,4,61,6.7777777,13,1,9,2.5511112,78,37,0,56,56.4,41
663,2011,5,41,4.5555553,12,1,9,2.5511112,61,29,0,60,53.833332,89
663,2011,6,89,7.4166665,20,1,12,2.4069445,41,78,0,63.666668,55.833332,139
663,2011,7,139,8.6875,28,1,16,1.8205209,89,61,0,89.666664,72.833336,32
663,2011,8,32,3.5555556,6,1,9,2.8522222,139,41,0,86.666664,73.333336,17
663,2011,9,17,2.4285715,6,1,7,2.637143,32,89,0,62.666668,63.166668,56
663,2011,10,56,4.6666665,12,1,12,2.758125,17,139,0,35,62.333332,53
663,2011,11,53,4.076923,9,1,13,3.4833975,56,32,0,42,64.333336,11
664,2011,1,98,9.8,30,1,10,2.25,53,0,0,75.5,75.5,23
664,2011,2,23,3.2857144,6,1,7,3.4114287,98,0,0,58,58,45
664,2011,3,45,6.428571,18,1,7,3.2178571,23,53,0,55.333332,54.75,52
664,2011,4,52,5.2,12,1,10,2.792,45,98,0,40,54.2,61
664,2011,5,61,6.7777777,18,1,9,2.8522222,52,23,0,52.666668,55.333332,154
664,2011,6,154,17.11111,60,1,9,2.4133334,61,45,0,89,72.166664,131
664,2011,7,131,7.7058825,17,2,17,1.99,154,52,0,115.333336,77.666664,119
664,2011,8,119,11.9,66,1,10,3.063,131,61,0,134.66667,93.666664,3
664,2011,9,3,1,1,1,3,3.1533334,119,154,0,84.333336,86.666664,8
664,2011,10,8,2.6666667,4,2,3,2.25,3,131,0,43.333332,79.333336,1
664,2011,11,1,1,1,1,1,2.25,8,119,0,4,69.333336,1
667,2011,1,7,3.5,6,1,2,2.25,19,0,0,13,13,12
667,2011,2,12,6,6,6,2,2.25,7,0,0,12.666667,12.666667,14
667,2011,3,14,3.5,6,1,4,3.605,12,19,0,11,13,12
667,2011,4,12,6,6,6,2,2.25,14,7,0,12.666667,12.8,7
667,2011,5,7,3.5,6,1,2,3.605,12,12,0,11,11.833333,27
667,2011,6,27,6.75,12,1,4,2.695,7,14,0,15.333333,13.166667,63
667,2011,7,63,4.8461537,25,1,13,1.7253846,27,12,0,32.333332,22.5,5
667,2011,8,5,1,1,1,5,3.334,63,7,0,31.666666,21.333334,45
667,2011,9,45,3.75,7,1,12,2.9275,5,27,0,37.666668,26.5,22
667,2011,10,22,4.4,12,1,5,3.334,45,63,0,24,28.166666,18
667,2011,11,18,2.5714285,8,1,7,3.992143,22,5,0,28.333334,30,1
668,2011,1,33,4.125,8,2,8,1.65,155,0,0,94,94,70
668,2011,2,70,10,20,1,7,1.65,33,0,0,86,86,68
668,2011,3,68,9.714286,20,1,7,1.65,70,155,0,57,81.5,62
668,2011,4,62,8.857142,20,1,7,1.65,68,33,0,66.666664,77.6,65
668,2011,5,65,13,20,2,5,1.65,62,70,0,65,75.5,40
668,2011,6,40,20,20,20,2,1.55,65,68,0,55.666668,56.333332,43
668,2011,7,43,14.333333,21,2,3,1.65,40,62,0,49.333332,58,159
668,2011,8,159,31.8,100,3,5,1.65,43,65,0,80.666664,72.833336,78
668,2011,9,78,6.5,28,1,12,1.65,159,40,0,93.333336,74.5,86
668,2011,10,86,7.1666665,25,1,12,1.65,78,43,0,107.666664,78.5,163
668,2011,11,163,8.578947,25,1,19,1.65,86,159,0,109,94.833336,44
671,2011,1,45,11.25,24,2,4,2.49375,69,0,0,57,57,46
671,2011,2,46,9.2,12,4,5,2.55,45,0,0,53.333332,53.333332,40
671,2011,3,40,5,12,1,8,2.55,46,69,0,43.666668,50,25
671,2011,4,25,8.333333,12,1,3,2.55,40,45,0,37,45,14
671,2011,5,14,7,12,2,2,2.55,25,46,0,26.333334,39.833332,32
671,2011,6,32,8,24,1,4,2.49375,14,40,0,23.666666,33.666668,31
671,2011,7,31,5.1666665,13,1,6,2.55,32,25,0,25.666666,31.333334,42
671,2011,8,42,14,36,2,3,2.55,31,14,0,35,30.666666,240
671,2011,9,240,26.666666,152,1,9,2.525,42,32,0,104.333336,64,124
671,2011,10,124,10.333333,48,1,12,2.5125,240,31,0,135.33333,80.5,562
671,2011,11,562,33.058823,264,1,17,2.514706,124,42,0,308.66666,171.83333,227
673,2011,1,68,9.714286,24,1,7,1.25,130,0,0,99,99,172
673,2011,2,172,12.285714,24,1,14,1.25,68,0,0,123.333336,123.333336,159
673,2011,3,159,22.714285,144,1,7,1.2228571,172,130,0,133,132.25,67
673,2011,4,67,11.166667,30,1,6,1.25,159,68,0,132.66667,119.2,71
673,2011,5,71,7.888889,29,1,9,1.25,67,172,0,99,111.166664,52
673,2011,6,52,10.4,24,1,5,1.25,71,159,0,63.333332,98.166664,87
673,2011,7,87,10.875,24,1,8,1.25,52,67,0,70,101.333336,87
673,2011,8,87,9.666667,25,1,9,1.25,87,71,0,75.333336,87.166664,97
673,2011,9,97,8.818182,34,1,11,1.25,87,52,0,90.333336,76.833336,142
673,2011,10,142,8.875,30,1,16,1.25,97,87,0,108.666664,89.333336,468
673,2011,11,468,22.285715,158,1,21,1.2484921,142,87,0,235.66667,155.5,562
679,2011,1,147,13.363636,48,1,11,1.9381819,69,0,0,108,108,1
679,2011,2,1,1,1,1,1,3.75,147,0,0,72.333336,72.333336,1
679,2011,3,1,1,1,1,1,7.46,1,69,0,49.666668,54.5,12
679,2011,4,12,12,12,12,1,3.75,1,147,0,4.6666665,46,8
679,2011,5,8,4,7,1,2,3.75,12,1,0,7,39.666668,9
679,2011,6,9,1.8,2,1,5,3.234,8,1,0,9.666667,29.666666,6
679,2011,7,6,2,3,1,3,2.46,9,12,0,7.6666665,6.1666665,6
679,2011,8,6,6,6,6,1,3.75,6,8,0,7,7,10
679,2011,9,10,2.5,6,1,4,3.75,6,9,0,7.3333335,8.5,126
679,2011,10,126,9,24,1,14,1.5014286,10,6,0,47.333332,27.5,473
679,2011,11,473,19.708334,122,1,24,1.5454762,126,6,0,203,105,24
683,2011,1,77,7,13,1,11,2.148182,80,0,0,78.5,78.5,5
683,2011,2,5,2.5,4,1,2,3.75,77,0,0,54,54,8
683,2011,3,8,2.6666667,4,1,3,3.75,5,80,0,30,42.5,6
683,2011,4,6,6,6,6,1,3.75,8,77,0,6.3333335,35.2,5
683,2011,5,5,2.5,4,1,2,3.75,6,5,0,6.3333335,30.166666,8
683,2011,6,8,2.6666667,4,2,3,3.32,5,8,0,6.3333335,18.166666,5
683,2011,7,5,1.6666666,2,1,3,2.46,8,6,0,6,6.1666665,6
683,2011,8,6,6,6,6,1,3.75,5,5,0,6.3333335,6.3333335,4
683,2011,9,4,2,3,1,2,3.75,6,8,0,5,5.6666665,193
683,2011,10,193,12.866667,66,1,15,1.776,4,5,0,67.666664,36.833332,512
683,2011,11,512,19.692308,122,1,26,1.6867692,193,6,0,236.33333,121.333336,69
685,2011,1,451,26.529411,188,2,17,9.750098,67,0,0,259,259,370
685,2011,2,370,15.416667,53,1,24,9.426833,451,0,0,296,296,590
685,2011,3,590,32.77778,204,1,18,10.470463,370,67,0,470.33334,369.5,34
685,2011,4,34,6.8,25,1,5,15.817,590,451,0,331.33334,302.4,339
685,2011,5,339,16.142857,58,1,21,8.7020235,34,370,0,321,308.5,182
685,2011,6,182,8.666667,28,1,21,8.8796425,339,590,0,185,327.66666,108
685,2011,7,108,5.6842103,16,1,19,9.434342,182,34,0,209.66667,270.5,237
685,2011,8,237,11.285714,110,1,21,9.848214,108,339,0,175.66667,248.33333,155
685,2011,9,155,7.75,38,1,20,8.9845,237,182,0,166.66667,175.83333,104
685,2011,10,104,4.7272725,15,1,22,8.863182,155,108,0,165.33333,187.5,120
685,2011,11,120,5,15,1,24,8.97625,104,237,0,126.333336,151,32
686,2011,1,27,3.857143,8,1,7,6.797143,51,0,0,39,39,35
686,2011,2,35,3.8888888,10,1,9,4.95,27,0,0,37.666668,37.666668,102
686,2011,3,102,6,12,2,17,5.195294,35,51,0,54.666668,53.75,70
686,2011,4,70,10,28,4,7,6.108095,102,27,0,69,57,8
686,2011,5,8,4,4,4,2,4.95,70,35,0,60,48.833332,45
686,2011,6,45,4.5,12,1,10,5.784,8,102,0,41,47.833332,9
686,2011,7,9,1.8,4,1,5,8.286,45,70,0,20.666666,44.833332,8
686,2011,8,8,4,6,2,2,4.95,9,8,0,20.666666,40.333332,12
686,2011,9,12,4,6,2,3,4.95,8,45,0,9.666667,25.333334,12
686,2011,10,12,2,4,1,6,4.95,12,9,0,10.666667,15.666667,3
686,2011,11,3,1.5,2,1,2,4.95,12,8,0,9,14.833333,4
687,2011,1,24,2.6666667,7,1,9,10.448889,1062,0,0,543,543,1047
687,2011,2,1047,80.53846,1009,1,13,9.655385,24,0,0,711,711,382
687,2011,3,382,18.190475,300,1,21,10.460476,1047,1062,0,484.33334,628.75,56
687,2011,4,56,4.3076925,25,1,13,10.114615,382,24,0,495,514.2,100
687,2011,5,100,11.111111,80,1,9,9.553333,56,1047,0,179.33333,445.16666,224
687,2011,6,224,18.666666,205,1,12,9.802083,100,382,0,126.666664,305.5,32
687,2011,7,32,3.5555556,12,1,9,10.901111,224,56,0,118.666664,306.83334,14
687,2011,8,14,1.5555556,3,1,9,13.286667,32,100,0,90,134.66667,71
687,2011,9,71,7.1,50,1,10,10.8785,14,224,0,39,82.833336,18
687,2011,10,18,2,4,1,9,9.95,71,32,0,34.333332,76.5,174
687,2011,11,174,10.235294,86,1,17,10.467745,18,14,0,87.666664,88.833336,68
688,2011,1,12,2.4,3,1,5,6.542,24,0,0,18,18,11
688,2011,2,11,2.2,3,1,5,5.95,12,0,0,15.666667,15.666667,37
688,2011,3,37,3.0833333,6,1,12,6.1866665,11,24,0,20,21,12
688,2011,4,12,2.4,3,1,5,5.95,37,12,0,20,19.2,32
688,2011,5,32,6.4,20,1,5,6.318,12,11,0,27,21.333334,6
688,2011,6,6,2,3,1,3,5.95,32,37,0,16.666666,18.333334,2
688,2011,7,2,1,1,1,2,8.79,6,12,0,13.333333,16.666666,11
688,2011,8,11,2.75,8,1,4,5.95,2,32,0,6.3333335,16.666666,12
688,2011,9,12,2,4,1,6,7.37,11,6,0,8.333333,12.5,21
688,2011,10,21,2.3333333,3,1,9,5.95,12,2,0,14.666667,14,27
688,2011,11,27,2.4545455,6,1,11,5.9045453,21,11,0,20,13.166667,10
689,2011,1,31,2.8181818,7,1,11,8.513637,34,0,0,32.5,32.5,32
689,2011,2,32,2.6666667,8,1,12,8.745,31,0,0,32.333332,32.333332,39
689,2011,3,39,3.25,8,1,12,7.099583,32,34,0,34,34,63
689,2011,4,63,4.8461537,14,1,13,7.594359,39,31,0,44.666668,39.8,22
689,2011,5,22,3.142857,7,1,7,7.7192855,63,32,0,41.333332,36.833332,41
689,2011,6,41,3.7272727,17,1,11,8.721818,22,39,0,42,38,32
689,2011,7,32,2.2857144,9,1,14,4.6335716,41,63,0,31.666666,38.166668,19
689,2011,8,19,2.7142856,6,1,7,9.001429,32,22,0,30.666666,36,16
689,2011,9,16,2.6666667,5,1,6,8.146667,19,41,0,22.333334,32.166668,33
689,2011,10,33,3.6666667,6,1,9,7.2377777,16,32,0,22.666666,27.166666,42
689,2011,11,42,3.2307692,10,1,13,7.977692,33,19,0,30.333334,30.5,7
693,2011,1,1,1,1,1,1,7.95,3,0,0,2,2,6
693,2011,2,6,6,6,6,1,7.95,1,0,0,3.3333333,3.3333333,1
693,2011,3,1,1,1,1,1,7.95,6,3,0,2.6666667,2.75,2
693,2011,4,2,1,1,1,2,11.87,1,1,0,3,2.6,3
693,2011,5,3,1.5,2,1,2,11.87,2,6,0,2,2.6666667,4
693,2011,6,4,4,4,4,1,7.95,3,1,0,3,2.8333333,6
693,2011,7,6,1.5,3,1,4,11.87,4,2,0,4.3333335,3.6666667,3
693,2011,8,3,1.5,2,1,2,7.95,6,3,0,4.3333335,3.1666667,5
693,2011,9,5,1,1,1,5,14.222,3,4,0,4.6666665,3.8333333,14
693,2011,10,14,2.8,6,1,5,9.118,5,6,0,7.3333335,5.8333335,22
693,2011,11,22,2,4,1,11,10.800909,14,3,0,13.666667,9,3
722,2011,1,562,26.761906,120,2,21,1.5751587,121,0,0,341.5,341.5,499
722,2011,2,499,27.722221,144,1,18,1.6339908,562,0,0,394,394,623
722,2011,3,623,34.61111,122,2,18,1.473426,499,121,0,561.3333,451.25,282
722,2011,4,282,17.625,36,1,16,1.6739062,623,562,0,468,417.4,451
722,2011,5,451,20.5,120,1,22,1.5613636,282,499,0,452,423,755
722,2011,6,755,34.31818,108,2,22,1.3901515,451,623,0,496,528.6667,296
722,2011,7,296,21.142857,108,1,14,1.6128571,755,282,0,500.66666,484.33334,493
722,2011,8,493,20.541666,96,1,24,1.489389,296,451,0,514.6667,483.33334,583
722,2011,9,583,26.5,134,2,22,1.5821364,493,755,0,457.33334,476.66666,386
722,2011,10,386,19.3,48,1,20,1.681625,583,296,0,487.33334,494,438
722,2011,11,438,20.857143,140,1,21,2.1008573,386,493,0,469,491.83334,39
723,2011,1,391,18.619047,100,1,21,1.6373016,155,0,0,273,273,620
723,2011,2,620,34.444443,137,1,18,1.4904299,391,0,0,388.66666,388.66666,613
723,2011,3,613,26.652174,120,1,23,1.5758696,620,155,0,541.3333,444.75,461
723,2011,4,461,27.117647,97,4,17,1.6618627,613,391,0,564.6667,448,377
723,2011,5,377,20.944445,100,1,18,1.4336112,461,620,0,483.66666,436.16666,433
723,2011,6,433,19.681818,60,1,22,1.6209091,377,613,0,423.66666,482.5,277
723,2011,7,277,19.785715,108,2,14,1.4329762,433,461,0,362.33334,463.5,483
723,2011,8,483,23,110,2,21,1.4509841,277,377,0,397.66666,440.66666,671
723,2011,9,671,31.952381,122,7,21,1.6528572,483,433,0,477,450.33334,324
723,2011,10,324,14.727273,48,1,22,1.7272727,671,277,0,492.66666,427.5,437
723,2011,11,437,21.85,102,2,20,1.721,324,483,0,477.33334,437.5,43
724,2011,1,314,18.470589,44,2,17,1.6334313,336,0,0,325,325,362
724,2011,2,362,19.052631,126,1,19,1.6553684,314,0,0,337.33334,337.33334,445
724,2011,3,445,22.25,102,2,20,1.46575,362,336,0,373.66666,364.25,285
724,2011,4,285,17.8125,42,2,16,1.748125,445,314,0,364,348.4,293
724,2011,5,293,20.928572,101,1,14,1.4883333,285,362,0,341,339.16666,441
724,2011,6,441,20.045454,48,2,22,1.5513636,293,445,0,339.66666,356.66666,194
724,2011,7,194,11.411765,39,2,17,2.03,441,285,0,309.33334,336.66666,320
724,2011,8,320,16,33,2,20,1.7294,194,293,0,318.33334,329.66666,546
724,2011,9,546,27.3,128,2,20,1.6836667,320,441,0,353.33334,346.5,284
724,2011,10,284,12.909091,36,1,22,1.9239393,546,194,0,383.33334,346.33334,527
724,2011,11,527,27.736841,216,1,19,1.6401755,284,320,0,452.33334,385.33334,23
725,2011,1,306,18,58,8,17,1.4649411,339,0,0,322.5,322.5,561
725,2011,2,561,29.526316,128,1,19,1.7611842,306,0,0,402,402,254
725,2011,3,254,16.933332,32,2,15,1.7415556,561,339,0,373.66666,365,525
725,2011,4,525,27.631578,126,1,19,1.4742982,254,306,0,446.66666,397,269
725,2011,5,269,14.944445,60,2,18,1.5616666,525,561,0,349.33334,375.66666,287
725,2011,6,287,17.9375,38,1,16,1.5475,269,254,0,360.33334,367,295
725,2011,7,295,15.526316,96,1,19,1.8971052,287,525,0,283.66666,365.16666,432
725,2011,8,432,20.571428,96,2,21,1.5647619,295,269,0,338,343.66666,367
725,2011,9,367,18.35,96,2,20,1.819,432,287,0,364.66666,362.5,259
725,2011,10,259,14.388889,31,1,18,1.8737777,367,295,0,352.66666,318.16666,404
725,2011,11,404,21.263159,96,1,19,2.0754035,259,432,0,343.33334,340.66666,123
726,2011,1,341,20.058823,58,1,17,1.5451176,369,0,0,355,355,755
726,2011,2,755,37.75,132,2,20,1.7048833,341,0,0,488.33334,488.33334,367
726,2011,3,367,19.31579,108,1,19,1.5177193,755,369,0,487.66666,458,325
726,2011,4,325,21.666666,84,1,15,1.6026666,367,341,0,482.33334,431.4,485
726,2011,5,485,26.944445,100,1,18,1.3475,325,755,0,392.33334,440.33334,563
726,2011,6,563,28.15,144,5,20,1.5835,485,367,0,457.66666,472.66666,165
726,2011,7,165,9.705882,36,1,17,1.8004901,563,325,0,404.33334,443.33334,512
726,2011,8,512,23.272728,96,2,22,1.5027652,165,485,0,413.33334,402.83334,554
726,2011,9,554,25.181818,108,2,22,1.6534091,512,563,0,410.33334,434,308
726,2011,10,308,14.666667,33,1,21,1.8826984,554,165,0,458,431.16666,212
726,2011,11,212,13.25,48,1,16,1.9291667,308,512,0,358,385.66666,66
727,2011,1,349,16.619047,42,1,21,1.7199365,452,0,0,400.5,400.5,489
727,2011,2,489,32.6,132,1,15,1.5730555,349,0,0,430,430,337
727,2011,3,337,18.722221,120,2,18,1.6231482,489,452,0,391.66666,406.75,216
727,2011,4,216,15.428572,42,1,14,1.7933333,337,349,0,347.33334,368.6,452
727,2011,5,452,26.588236,105,2,17,1.6435294,216,489,0,335,382.5,665
727,2011,6,665,27.708334,120,6,24,1.3935764,452,337,0,444.33334,418,198
727,2011,7,198,15.230769,96,2,13,1.6423076,665,216,0,438.33334,392.83334,136
727,2011,8,136,12.363636,33,2,11,1.5271212,198,452,0,333,334,399
727,2011,9,399,22.166666,96,2,18,1.6797222,136,665,0,244.33333,344.33334,406
727,2011,10,406,17.652174,96,1,23,1.827971,399,198,0,313.66666,376,268
727,2011,11,268,16.75,36,3,16,1.91,406,136,0,357.66666,345.33334,28
730,2011,1,146,8.111111,26,1,18,0.84444445,100,0,0,123,123,63
730,2011,2,63,12.6,38,1,5,1.058,146,0,0,103,103,55
730,2011,3,55,9.166667,12,1,6,0.85,63,100,0,88,91,48
730,2011,4,48,9.6,12,6,5,0.85,55,146,0,55.333332,82.4,12
730,2011,5,12,6,6,6,2,0.85,48,63,0,38.333332,70.666664,72
730,2011,6,72,10.285714,12,6,7,0.85,12,55,0,44,66,27
730,2011,7,27,5.4,12,1,5,1.318,72,48,0,37,46.166668,36
730,2011,8,36,12,18,6,3,0.85,27,12,0,45,41.666668,63
730,2011,9,63,9,24,1,7,1.3514286,36,72,0,42,43,82
730,2011,10,82,11.714286,36,1,7,1.1657143,63,27,0,60.333332,48.666668,119
730,2011,11,119,9.916667,36,1,12,1.0883334,82,36,0,88,66.5,12
732,2011,1,155,22.142857,54,6,7,0.9614286,77,0,0,116,116,41
732,2011,2,41,6.8333335,14,1,6,1.11,155,0,0,91,91,92
732,2011,3,92,9.2,24,1,10,0.928,41,77,0,96,91.25,21
732,2011,4,21,5.25,12,1,4,1.24,92,155,0,51.333332,77.2,75
732,2011,5,75,9.375,29,1,8,1.19125,21,41,0,62.666668,76.833336,131
732,2011,6,131,11.909091,48,1,11,1.0627273,75,92,0,75.666664,85.833336,72
732,2011,7,72,18,36,12,4,0.85,131,21,0,92.666664,72,28
732,2011,8,28,4.6666665,12,1,6,1.435,72,75,0,77,69.833336,110
732,2011,9,110,13.75,36,1,8,1.045,28,131,0,70,72.833336,149
732,2011,10,149,16.555555,51,1,9,1.2207408,110,72,0,95.666664,94.166664,155
732,2011,11,155,11.071428,48,1,14,1.2771429,149,28,0,138,107.5,34
733,2011,1,73,14.6,36,1,5,1.012,107,0,0,90,90,28
733,2011,2,28,9.333333,12,4,3,0.85,73,0,0,69.333336,69.333336,18
733,2011,3,18,9,15,3,2,1.5,28,107,0,39.666668,56.5,41
733,2011,4,41,6.8333335,12,1,6,1.24,18,73,0,29,53.4,56
733,2011,5,56,14,48,1,4,1.045,41,28,0,38.333332,53.833332,23
733,2011,6,23,4.6,13,1,5,1.24,56,18,0,40,39.833332,26
733,2011,7,26,6.5,12,1,4,1.24,23,41,0,35,32,46
733,2011,8,46,7.6666665,12,2,6,1.11,26,56,0,31.666666,35,231
733,2011,9,231,28.875,144,1,8,1.09375,46,23,0,101,70.5,75
733,2011,10,75,9.375,24,1,8,0.99625,231,26,0,117.333336,76.166664,103
733,2011,11,103,7.923077,26,1,13,1.48,75,46,0,136.33333,84,41
735,2011,1,8,2,4,1,4,7.455,24,0,0,16,16,11
735,2011,2,11,2.75,4,1,4,6.2025,8,0,0,14.333333,14.333333,24
735,2011,3,24,4,4,4,6,4.95,11,24,0,14.333333,16.75,5
735,2011,4,5,2.5,4,1,2,4.95,24,8,0,13.333333,14.4,4
735,2011,5,4,4,4,4,1,4.95,5,11,0,11,12.666667,18
735,2011,6,18,3.6,4,2,5,4.95,4,24,0,9,11.666667,8
735,2011,7,8,4,4,4,2,4.95,18,5,0,10,11.666667,6
735,2011,8,6,2,2,2,3,4.95,8,4,0,10.666667,10.833333,8
735,2011,9,8,1.6,4,1,5,7.956,6,18,0,7.3333335,8.166667,49
735,2011,10,49,6.125,16,1,8,4.95,8,8,0,21,15.5,16
735,2011,11,16,2.2857144,4,1,7,4.95,49,6,0,24.333334,17.5,1
736,2011,1,21,5.25,12,1,4,2.95,38,0,0,29.5,29.5,9
736,2011,2,9,3,6,1,3,2.95,21,0,0,22.666666,22.666666,21
736,2011,3,21,4.2,6,1,5,3.518,9,38,0,17,22.25,23
736,2011,4,23,7.6666665,12,2,3,2.95,21,21,0,17.666666,22.4,12
736,2011,5,12,6,6,6,2,2.95,23,9,0,18.666666,20.666666,3
736,2011,6,3,1.5,2,1,2,4.37,12,21,0,12.666667,14.833333,31
736,2011,7,31,5.1666665,12,1,6,3.4233334,3,23,0,15.333333,16.5,31
736,2011,8,31,5.1666665,12,2,6,3.4233334,31,12,0,21.666666,20.166666,38
736,2011,9,38,6.3333335,18,1,6,3.66,31,3,0,33.333332,23,67
736,2011,10,67,7.4444447,30,1,9,3.5811112,38,31,0,45.333332,30.333334,10
736,2011,11,10,3.3333333,4,3,3,2.95,67,31,0,38.333332,30,6
737,2011,1,24,12,12,12,2,0.85,87,0,0,55.5,55.5,362
737,2011,2,362,181,360,2,2,0.745,24,0,0,157.66667,157.66667,4
737,2011,3,4,2,2,2,2,0.85,362,87,0,130,119.25,6
737,2011,4,6,2,2,2,3,0.85,4,24,0,124,96.6,12
737,2011,5,12,12,12,12,1,0.85,6,362,0,7.3333335,82.5,49
737,2011,6,49,16.333334,36,1,3,1.3866667,12,4,0,22.333334,76.166664,12
737,2011,7,12,12,12,12,1,0.85,49,6,0,24.333334,74.166664,115
737,2011,8,115,38.333332,108,2,3,1.3866667,12,12,0,58.666668,33,17
737,2011,9,17,3.4,12,1,5,1.494,115,49,0,48,35.166668,32
737,2011,10,32,6.4,12,1,5,1.172,17,12,0,54.666668,39.5,50
737,2011,11,50,6.25,13,1,8,1.353125,32,115,0,33,45.833332,13
743,2011,1,1,1,1,1,1,5.79,52,0,0,26.5,26.5,11
743,2011,2,11,5.5,8,3,2,2.95,1,0,0,21.333334,21.333334,31
743,2011,3,31,10.333333,18,1,3,3.8966668,11,52,0,14.333333,23.75,44
743,2011,4,44,14.666667,26,6,3,3.4233334,31,1,0,28.666666,27.8,36
743,2011,5,36,7.2,12,6,5,2.95,44,11,0,37,29.166666,18
743,2011,6,18,9,12,6,2,2.95,36,31,0,32.666668,23.5,6
743,2011,7,6,6,6,6,1,2.95,18,44,0,20,24.333334,11
743,2011,8,11,5.5,9,2,2,4.37,6,36,0,11.666667,24.333334,26
743,2011,9,26,6.5,12,2,4,3.66,11,18,0,14.333333,23.5,79
743,2011,10,79,11.285714,36,6,7,2.95,26,6,0,38.666668,29.333334,46
743,2011,11,46,7.6666665,12,6,6,3.1866667,79,11,0,50.333332,31,12
745,2011,1,12,4,6,2,3,3.8966668,12,0,0,12,12,9
745,2011,2,9,4.5,6,3,2,2.95,12,0,0,11,11,43
745,2011,3,43,8.6,18,1,5,3.518,9,12,0,21.333334,19,30
745,2011,4,30,10,12,6,3,2.95,43,12,0,27.333334,21.2,6
745,2011,5,6,6,6,6,1,2.95,30,9,0,26.333334,18.666666,6
745,2011,6,6,6,6,6,1,2.95,6,43,0,14,17.666666,6
745,2011,7,6,6,6,6,1,2.95,6,30,0,6,16.666666,31
745,2011,8,31,7.75,18,1,4,3.66,6,6,0,14.333333,20.333334,12
745,2011,9,12,6,6,6,2,2.95,31,6,0,16.333334,15.166667,67
745,2011,10,67,9.571428,36,1,7,3.3557143,12,6,0,36.666668,21.333334,55
745,2011,11,55,7.857143,24,1,7,3.3557143,67,31,0,44.666668,29.5,1
748,2011,1,82,9.111111,25,1,9,5.5544443,245,0,0,163.5,163.5,262
748,2011,2,262,15.411765,72,1,17,3.3883529,82,0,0,196.33333,196.33333,189
748,2011,3,189,12.6,39,1,15,3.9996,262,245,0,177.66667,194.5,143
748,2011,4,143,17.875,72,1,8,4.105,189,82,0,198,184.2,186
748,2011,5,186,13.285714,48,1,14,4.392857,143,262,0,172.66667,184.5,204
748,2011,6,204,13.6,60,3,15,2.0657778,186,189,0,177.66667,177.66667,168
748,2011,7,168,15.272727,48,3,11,1.1270455,204,143,0,186,192,198
748,2011,8,198,18,54,6,11,1.1390909,168,186,0,190,181.33333,6
748,2011,9,6,6,6,6,1,0.85,198,204,0,124,150.83333,27
748,2011,10,27,13.5,15,12,2,0.85,6,168,0,77,131.5,2
748,2011,11,2,1,1,1,2,0.85,27,198,0,11.666667,100.833336,14
749,2011,1,149,14.9,72,1,10,0.463,382,0,0,265.5,265.5,330
749,2011,2,330,33,192,1,10,0.461,149,0,0,287,287,388
749,2011,3,388,29.846153,100,1,13,0.44230768,330,382,0,289,312.25,1151
749,2011,4,1151,88.53846,564,12,13,0.43576923,388,149,0,623,480,563
749,2011,5,563,33.117645,132,3,17,0.45617646,1151,330,0,700.6667,493.83334,624
749,2011,6,624,48,384,1,13,0.44346154,563,388,0,779.3333,534.1667,1357
749,2011,7,1357,79.82353,869,1,17,0.46382353,624,1151,0,848,735.5,503
749,2011,8,503,50.3,212,5,10,0.418,1357,563,0,828,764.3333,1624
749,2011,9,1624,101.5,870,1,16,0.48791668,503,624,0,1161.3334,970.3333,466
749,2011,10,466,27.411764,100,1,17,0.51931375,1624,1357,0,864.3333,856.1667,1711
749,2011,11,1711,77.77273,877,2,22,0.55291665,466,503,0,1267,1047.5,142
750,2011,1,127,18.142857,84,1,7,0.8407143,416,0,0,271.5,271.5,329
750,2011,2,329,82.25,231,2,4,0.83916664,127,0,0,290.66666,290.66666,351
750,2011,3,351,58.5,144,12,6,0.8175,329,416,0,269,305.75,653
750,2011,4,653,72.55556,504,1,9,1.0016667,351,127,0,444.33334,375.2,452
750,2011,5,452,45.2,216,1,10,0.89875,653,329,0,485.33334,388,158
750,2011,6,158,19.75,90,1,8,1.0883334,452,351,0,421,345,558
750,2011,7,558,62,216,2,9,0.89574075,158,653,0,389.33334,416.83334,305
750,2011,8,305,43.57143,99,1,7,0.81904763,558,452,0,340.33334,412.83334,408
750,2011,9,408,25.5,73,6,16,0.8540625,305,158,0,423.66666,422.33334,569
750,2011,10,569,31.61111,192,2,18,0.95111114,408,558,0,427.33334,408.33334,744
750,2011,11,744,29.76,144,1,25,1.10142,569,305,0,573.6667,457,74
751,2011,1,29,5.8,12,1,5,1.65,36,0,0,32.5,32.5,28
751,2011,2,28,4.6666665,12,2,6,1.65,29,0,0,31,31,17
751,2011,3,17,4.25,6,2,4,1.65,28,36,0,24.666666,27.5,25
751,2011,4,25,25,25,25,1,1.65,17,29,0,23.333334,27,49
751,2011,5,49,8.166667,13,2,6,1.7866666,25,28,0,30.333334,30.666666,46
751,2011,6,46,9.2,24,2,5,1.65,49,17,0,40,32.333332,13
751,2011,7,13,6.5,12,1,2,2.47,46,25,0,36,29.666666,94
751,2011,8,94,11.75,51,1,8,1.8425,13,49,0,51,40.666668,52
751,2011,9,52,8.666667,25,1,6,1.9233333,94,46,0,53,46.5,94
751,2011,10,94,9.4,24,1,10,2.0326667,52,13,0,80,58,142
751,2011,11,142,7.888889,25,1,18,2.302963,94,94,0,96,73.5,834
752,2011,1,72,4.5,9,1,16,4.203125,19,0,0,45.5,45.5,9
752,2011,2,9,3,4,1,3,4.95,72,0,0,33.333332,33.333332,16
752,2011,3,16,4,5,2,4,6.2025,9,19,0,32.333332,29,1
752,2011,4,1,1,1,1,1,4.95,16,72,0,8.666667,23.4,15
752,2011,5,15,3.75,5,2,4,4.95,1,9,0,10.666667,22,40
752,2011,6,40,5.714286,16,1,7,4.475714,15,16,0,18.666666,25.5,48
752,2011,7,48,2.8235295,10,1,17,4.219412,40,1,0,34.333332,21.5,39
752,2011,8,39,3.9,9,1,10,5.451,48,15,0,42.333332,26.5,35
752,2011,9,35,5.8333335,9,2,6,5.785,39,40,0,40.666668,29.666666,26
752,2011,10,26,3.25,12,1,8,5.48875,35,48,0,33.333332,33.833332,18
752,2011,11,18,2.5714285,8,1,7,5.5657144,26,39,0,26.333334,34.333332,9
758,2011,1,14,3.5,8,1,4,2.1,16,0,0,15,15,40
758,2011,2,40,6.6666665,11,1,6,2.1,14,0,0,23.333334,23.333334,140
758,2011,3,140,15.555555,96,1,9,2.5233333,40,16,0,64.666664,52.5,104
758,2011,4,104,6.5,12,3,16,2.1845834,140,14,0,94.666664,62.8,181
758,2011,5,181,8.619047,20,1,21,2.3255556,104,40,0,141.66667,82.5,138
758,2011,6,138,9.857142,16,5,14,2.3416667,181,140,0,141,102.833336,84
758,2011,7,84,9.333333,32,2,9,2.5887036,138,104,0,134.33333,114.5,18
758,2011,8,18,4.5,10,1,4,4.13,84,181,0,80,110.833336,24
758,2011,9,24,4.8,9,1,5,3.724,18,138,0,42,91.5,11
758,2011,10,11,1.8333334,5,1,6,2.7766666,24,84,0,17.666666,76,21
758,2011,11,21,3,4,1,7,2.535,11,18,0,18.666666,49.333332,4
759,2011,1,54,7.714286,18,2,7,1.4228572,8,0,0,31,31,47
759,2011,2,47,5.2222223,12,1,9,1.7877778,54,0,0,36.333332,36.333332,139
759,2011,3,139,10.692307,34,2,13,1.6067948,47,8,0,80,62,260
759,2011,4,260,18.571428,48,6,14,1.4370561,139,54,0,148.66667,101.6,334
759,2011,5,334,16.7,104,3,20,1.5383834,260,47,0,244.33333,140.33333,243
759,2011,6,243,14.294118,40,1,17,1.7489215,334,139,0,279,179.5,245
759,2011,7,245,13.611111,65,1,18,2.1570833,243,260,0,274,211.33333,143
759,2011,8,143,17.875,50,1,8,2.6589584,245,334,0,210.33333,227.33333,50
759,2011,9,50,16.666666,32,6,3,2.61,143,243,0,146,212.5,39
759,2011,10,39,6.5,12,1,6,2.95,50,245,0,77.333336,175.66667,54
759,2011,11,54,4.909091,12,1,11,2.7304544,39,143,0,47.666668,129,41
760,2011,1,182,22.75,66,1,8,3.1779168,21,0,0,101.5,101.5,110
760,2011,2,110,12.222222,64,2,9,3.1694446,182,0,0,104.333336,104.333336,162
760,2011,3,162,10.8,34,1,15,2.9216666,110,21,0,151.33333,118.75,174
760,2011,4,174,12.428572,48,2,14,3.1417856,162,182,0,148.66667,129.8,240
760,2011,5,240,12,61,1,20,3.1496,174,110,0,192,148.16667,110
760,2011,6,110,6.470588,22,1,17,3.309951,240,162,0,174.66667,163,124
760,2011,7,124,6.5263157,14,1,19,2.7817984,110,174,0,158,153.33333,81
760,2011,8,81,6.75,42,1,12,3.7425,124,240,0,105,148.5,36
760,2011,9,36,4,10,1,9,3.755,81,110,0,80.333336,127.5,30
760,2011,10,30,4.285714,8,1,7,3.4107144,36,124,0,49,103.5,56
760,2011,11,56,4.6666665,32,1,12,3.7175,30,81,0,40.666668,72.833336,4
761,2011,1,169,28.166666,80,1,6,2.8766668,42,0,0,105.5,105.5,63
761,2011,2,63,7,17,2,9,2.907037,169,0,0,91.333336,91.333336,142
761,2011,3,142,10.923077,34,1,13,3.3959615,63,42,0,124.666664,104,152
761,2011,4,152,12.666667,40,1,12,3.3379304,142,169,0,119,113.6,285
761,2011,5,285,15.833333,55,1,18,3.0725186,152,63,0,193,142.16667,197
761,2011,6,197,10.944445,40,1,18,3.5840926,285,142,0,211.33333,168,134
761,2011,7,134,6.7,17,1,20,2.924875,197,152,0,205.33333,162.16667,116
761,2011,8,116,10.545455,74,1,11,3.625,134,285,0,149,171,14
761,2011,9,14,4.6666665,8,2,3,4.1566668,116,197,0,88,149.66667,17
761,2011,10,17,2.8333333,8,1,6,3.3533332,14,134,0,49,127.166664,101
761,2011,11,101,6.733333,41,1,15,4.2505555,17,116,0,44,96.5,9
763,2011,1,106,13.25,48,1,8,1.628125,18,0,0,62,62,72
763,2011,2,72,8,21,1,9,1.7877778,106,0,0,65.333336,65.333336,70
763,2011,3,70,5.8333335,21,1,12,1.6029167,72,18,0,82.666664,66.5,340
763,2011,4,340,22.666666,88,1,15,1.4678,70,106,0,160.66667,121.2,358
763,2011,5,358,16.272728,73,1,22,1.5295833,340,72,0,256,160.66667,159
763,2011,6,159,9.9375,34,1,16,1.8197083,358,70,0,285.66666,184.16667,109
763,2011,7,109,6.4117646,30,1,17,1.8312745,159,340,0,208.66667,184.66667,156
763,2011,8,156,11.142858,63,1,14,1.7541667,109,358,0,141.33333,198.66667,15
763,2011,9,15,3.75,12,1,4,1.5525,156,159,0,93.333336,189.5,23
763,2011,10,23,3.8333333,16,1,6,1.855,15,109,0,64.666664,136.66667,48
763,2011,11,48,3.4285715,24,1,14,1.9846429,23,156,0,28.666666,85,20
764,2011,1,29,7.25,12,3,4,0.95125,45,0,0,37,37,26
764,2011,2,26,6.5,12,1,4,1.045,29,0,0,33.333332,33.333332,19
764,2011,3,19,4.75,11,1,4,1.24,26,45,0,24.666666,29.75,27
764,2011,4,27,9,12,3,3,0.85,19,29,0,24,29.2,24
764,2011,5,24,12,12,12,2,0.85,27,26,0,23.333334,28.333334,69
764,2011,6,69,17.25,50,1,4,1.03,24,19,0,40,32.333332,7
764,2011,7,7,1.4,2,1,5,0.802,69,27,0,33.333332,28.666666,24
764,2011,8,24,12,12,12,2,0.85,7,24,0,33.333332,28.333334,39
764,2011,9,39,7.8,12,1,5,1.162,24,69,0,23.333334,31.666666,4
764,2011,10,4,1.3333334,2,1,3,1.63,39,7,0,22.333334,27.833334,28
764,2011,11,28,5.6,13,1,5,0.928,4,24,0,23.666666,28.5,4
768,2011,1,59,8.428572,20,2,7,0.9657143,43,0,0,51,51,17
768,2011,2,17,4.25,6,2,4,1.1425,59,0,0,39.666668,39.666668,81
768,2011,3,81,20.25,50,2,4,0.85,17,43,0,52.333332,50,11
768,2011,4,11,5.5,6,5,2,0.85,81,59,0,36.333332,42.2,102
768,2011,5,102,20.4,50,4,5,0.85,11,17,0,64.666664,52.166668,29
768,2011,6,29,7.25,14,4,4,0.835,102,81,0,47.333332,49.833332,21
768,2011,7,21,3,12,1,7,0.7985714,29,11,0,50.666668,43.5,1
768,2011,8,1,1,1,1,1,1.63,21,102,0,17,40.833332,1
768,2011,9,1,1,1,1,1,1.63,1,29,0,7.6666665,27.5,13
768,2011,10,13,6.5,12,1,2,1.24,1,21,0,5,27.833334,21
768,2011,11,21,2.625,12,1,8,1.24,13,1,0,11.666667,14.333333,2
769,2011,1,34,4.857143,12,2,7,0.85,46,0,0,40,40,13
769,2011,2,13,4.3333335,6,1,3,1.11,34,0,0,31,31,52
769,2011,3,52,10.4,24,1,5,1.006,13,46,0,33,36.25,20
769,2011,4,20,4,12,1,5,1.006,52,34,0,28.333334,33,24
769,2011,5,24,8,12,2,3,0.85,20,13,0,32,31.5,28
769,2011,6,28,4,6,1,7,0.9442857,24,52,0,24,28.5,39
769,2011,7,39,4.3333335,24,1,9,0.89666665,28,20,0,30.333334,29.333334,24
769,2011,8,24,6,12,2,4,0.85,39,24,0,30.333334,31.166666,15
769,2011,9,15,5,12,1,3,0.85,24,28,0,26,25,17
769,2011,10,17,5.6666665,12,1,3,1.11,15,39,0,18.666666,24.5,93
769,2011,11,93,11.625,64,1,8,0.85,17,24,0,41.666668,36,3
772,2011,1,9,2.25,4,1,4,6.2025,213,0,0,111,111,10
772,2011,2,10,3.3333333,6,1,3,4.7166667,9,0,0,77.333336,77.333336,19
772,2011,3,19,2.7142856,6,1,7,5.6657143,10,213,0,12.666667,62.75,53
772,2011,4,53,4.818182,18,1,11,4.8863635,19,9,0,27.333334,60.8,28
772,2011,5,28,4,6,1,7,5.6657143,53,10,0,33.333332,55.333332,9
772,2011,6,9,4.5,6,3,2,4.95,28,19,0,30,21.333334,21
772,2011,7,21,4.2,12,1,5,4.81,9,53,0,19.333334,23.333334,11
772,2011,8,11,3.6666667,6,2,3,4.95,21,28,0,13.666667,23.5,32
772,2011,9,32,6.4,18,1,5,4.81,11,9,0,21.333334,25.666666,15
772,2011,10,15,3,4,2,5,5.952,32,21,0,19.333334,19.333334,84
772,2011,11,84,7,24,1,12,6.0745835,15,11,0,43.666668,28.666666,14
773,2011,1,799,38.04762,324,2,21,2.5065608,1821,0,0,1310,1310,995
773,2011,2,995,47.38095,288,2,21,2.3704762,799,0,0,1205,1205,539
773,2011,3,539,20.73077,44,1,26,2.3378718,995,1821,0,777.6667,1038.5,458
773,2011,4,458,25.444445,144,1,18,2.515185,539,799,0,664,922.4,1124
773,2011,5,1124,56.2,196,2,20,2.412952,458,995,0,707,956,727
773,2011,6,727,33.045456,156,1,22,2.1492727,1124,539,0,769.6667,773.6667,521
773,2011,7,521,24.809525,91,1,21,2.5968707,727,458,0,790.6667,727.3333,2338
773,2011,8,2338,116.9,624,2,20,2.0743334,521,1124,0,1195.3334,951.1667,1350
773,2011,9,1350,58.695652,372,1,23,2.2520704,2338,727,0,1403,1086.3334,970
773,2011,10,970,37.307693,288,1,26,2.1563334,1350,521,0,1552.6666,1171.6666,1882
773,2011,11,1882,72.38461,268,1,26,2.2047691,970,2338,0,1400.6666,1298,485
774,2011,1,1590,69.13043,906,6,23,3.0365384,732,0,0,1161,1161,348
774,2011,2,348,23.2,54,2,15,3.3707778,1590,0,0,890,890,286
774,2011,3,286,13,38,2,22,3.1686969,348,732,0,741.3333,739,182
774,2011,4,182,12.133333,44,1,15,3.257111,286,1590,0,272,627.6,747
774,2011,5,747,39.31579,272,2,19,2.933465,182,348,0,405,647.5,115
774,2011,6,115,7.1875,17,1,16,3.03875,747,286,0,348,544.6667,759
774,2011,7,759,37.95,355,1,20,3.1404,115,182,0,540.3333,406.16666,198
774,2011,8,198,9.9,40,1,20,3.6466668,759,747,0,357.33334,381.16666,625
774,2011,9,625,27.173914,346,1,23,3.2484844,198,115,0,527.3333,437.66666,481
774,2011,10,481,19.24,71,1,25,3.0932,625,759,0,434.66666,487.5,1548
774,2011,11,1548,59.53846,544,4,26,3.118566,481,198,0,884.6667,621,271
780,2011,1,5,1.25,2,1,4,5.95,7,0,0,6,6,12
780,2011,2,12,3,6,2,4,5.95,5,0,0,8,8,3
780,2011,3,3,1,1,1,3,5.95,12,7,0,6.6666665,6.75,6
780,2011,4,6,1.5,3,1,4,5.95,3,5,0,7,6.6,10
780,2011,5,10,2,4,1,5,5.95,6,12,0,6.3333335,7.1666665,8
780,2011,6,8,1.3333334,2,1,6,5.95,10,3,0,8,7.3333335,8
780,2011,7,8,1.6,2,1,5,5.95,8,6,0,8.666667,7.8333335,6
780,2011,8,6,1.5,2,1,4,5.95,8,10,0,7.3333335,6.8333335,22
780,2011,9,22,3.6666667,10,1,6,7.035,6,8,0,12,10,20
780,2011,10,20,2.5,8,1,8,5.95,22,8,0,16,12.333333,68
780,2011,11,68,4.5333333,15,1,15,5.95,20,6,0,36.666668,22,20
783,2011,1,25,4.1666665,8,1,6,3.75,37,0,0,31,31,57
783,2011,2,57,6.3333335,19,3,9,3.75,25,0,0,39.666668,39.666668,79
783,2011,3,79,4.388889,24,1,18,4.1283336,57,37,0,53.666668,49.5,49
783,2011,4,49,4.9,12,1,10,3.75,79,25,0,61.666668,49.4,96
783,2011,5,96,7.3846154,19,1,13,3.75,49,57,0,74.666664,57.166668,95
783,2011,6,95,7.3076925,24,2,13,3.896923,96,79,0,80,66.833336,40
783,2011,7,40,4,8,1,10,3.75,95,49,0,77,69.333336,77
783,2011,8,77,5.923077,24,1,13,4.0715384,40,96,0,70.666664,72.666664,133
783,2011,9,133,8.866667,32,1,15,4.0147557,77,95,0,83.333336,81.666664,97
783,2011,10,97,6.4666667,26,1,15,4.196,133,40,0,102.333336,89.666664,97
783,2011,11,97,7.4615383,25,1,13,3.7084615,97,77,0,109,89.833336,56
788,2011,1,306,12.75,40,1,24,7.248341,308,0,0,307,307,271
788,2011,2,271,12.318182,29,1,22,6.391136,306,0,0,295,295,271
788,2011,3,271,10.423077,33,1,26,6.3824816,271,308,0,282.66666,289,176
788,2011,4,176,8.8,32,1,20,6.597708,271,306,0,239.33333,266.4,314
788,2011,5,314,12.56,48,2,25,6.2764,176,271,0,253.66667,274.33334,186
788,2011,6,186,7.75,26,1,24,6.115972,314,271,0,225.33333,254,136
788,2011,7,136,5.9130435,17,1,23,6.4796376,186,176,0,212,225.66667,162
788,2011,8,162,8.1,27,1,20,6.383567,136,314,0,161.33333,207.5,199
788,2011,9,199,9.045455,30,1,22,6.480947,162,186,0,165.66667,195.5,157
788,2011,10,157,6.826087,29,1,23,6.5304346,199,136,0,172.66667,192.33333,236
788,2011,11,236,9.44,32,1,25,6.7032533,157,162,0,197.33333,179.33333,58
789,2011,1,333,14.478261,40,2,23,6.460772,142,0,0,237.5,237.5,201
789,2011,2,201,9.571428,33,2,21,6.809492,333,0,0,225.33333,225.33333,124
789,2011,3,124,6.2,26,1,20,6.9140835,201,142,0,219.33333,200,140
789,2011,4,140,8.235294,21,1,17,6.6561623,124,333,0,155,188,203
789,2011,5,203,9.227273,33,1,22,6.557689,140,201,0,155.66667,190.5,189
789,2011,6,189,7.875,21,1,24,6.3593054,203,124,0,177.33333,198.33333,78
789,2011,7,78,4.3333335,12,1,18,7.169722,189,140,0,156.66667,155.83333,124
789,2011,8,124,5.3913045,24,1,23,6.679493,78,203,0,130.33333,143,174
789,2011,9,174,7.5652175,27,1,23,7.2566957,124,189,0,125.333336,151.33333,112
789,2011,10,112,4.869565,28,1,23,6.2365217,174,78,0,136.66667,146.66667,180
789,2011,11,180,7.826087,28,1,23,7.022319,112,124,0,155.33333,142.83333,34
790,2011,1,95,5.2777777,21,1,18,6.3016667,77,0,0,86,86,76
790,2011,2,76,5.0666666,19,1,15,6.816889,95,0,0,82.666664,82.666664,115
790,2011,3,115,6.7647057,24,1,17,7.09,76,77,0,95.333336,90.75,64
790,2011,4,64,5.3333335,12,3,12,6.1866665,115,95,0,85,85.4,89
790,2011,5,89,4.45,11,1,20,6.092,64,76,0,89.333336,86,76
790,2011,6,76,4.2222223,18,1,18,6.2377777,89,115,0,76.333336,85.833336,37
790,2011,7,37,2.642857,5,1,14,7.708095,76,64,0,67.333336,76.166664,30
790,2011,8,30,3.3333333,6,1,9,6.2655554,37,89,0,47.666668,68.5,38
790,2011,9,38,2.9230769,6,1,13,6.4453845,30,76,0,35,55.666668,39
790,2011,10,39,4.875,8,2,8,6.25,38,37,0,35.666668,51.5,63
790,2011,11,63,3.5,14,1,18,7.296111,39,30,0,46.666668,47.166668,24
797,2011,1,540,30,294,1,18,1.3839444,167,0,0,353.5,353.5,45
797,2011,2,45,5,13,1,9,2.0566666,540,0,0,250.66667,250.66667,40
797,2011,3,40,3.0769231,15,1,13,1.9946154,45,167,0,208.33333,198,20
797,2011,4,20,3.3333333,12,1,6,1.9558333,40,540,0,35,162.4,51
797,2011,5,51,5.1,12,1,10,1.734,20,45,0,37,143.83333,39
797,2011,6,39,3.9,13,1,10,2.097,51,40,0,36.666668,122.5,28
797,2011,7,28,4.6666665,12,1,6,2.0566666,39,20,0,39.333332,37.166668,14
797,2011,8,14,4.6666665,9,1,3,2.0566666,28,51,0,27,32,20
797,2011,9,20,5,12,1,4,2.1575,14,39,0,20.666666,28.666666,57
797,2011,10,57,6.3333335,24,1,9,1.855,20,28,0,30.333334,34.833332,142
797,2011,11,142,10.142858,97,1,14,1.805,57,14,0,73,50,7
798,2011,1,432,24,292,1,18,1.5139815,130,0,0,281,281,9
798,2011,2,9,1.2857143,2,1,7,2.2871428,432,0,0,190.33333,190.33333,55
798,2011,3,55,4.5833335,14,1,12,1.9390278,9,130,0,165.33333,156.5,79
798,2011,4,79,8.777778,36,1,9,1.7205555,55,432,0,47.666668,141,13
798,2011,5,13,2.6,6,1,5,2.097,79,9,0,49,119.666664,15
798,2011,6,15,1.875,5,1,8,2.30875,13,55,0,35.666668,100.5,17
798,2011,7,17,3.4,12,1,5,2.218,15,79,0,15,31.333334,16
798,2011,8,16,4,8,1,4,1.855,17,13,0,16,32.5,135
798,2011,9,135,11.25,72,1,12,1.7354167,16,15,0,56,45.833332,124
798,2011,10,124,9.538462,96,1,13,2.0265384,135,17,0,91.666664,53.333332,59
798,2011,11,59,3.9333334,12,1,15,2.0432222,124,16,0,106,61,11
799,2011,1,196,10.888889,55,1,18,1.5066667,22,0,0,109,109,24
799,2011,2,24,2,12,1,12,2.2583334,196,0,0,80.666664,80.666664,13
799,2011,3,13,1.3,3,1,10,2.218,24,22,0,77.666664,63.75,29
799,2011,4,29,4.8333335,12,1,6,1.4516667,13,196,0,22,56.8,44
799,2011,5,44,11,24,3,4,1.40125,29,24,0,28.666666,54.666668,37
799,2011,6,37,4.625,12,1,8,1.9054166,44,13,0,36.666668,57.166668,7
799,2011,7,7,1.4,2,1,5,2.46,37,29,0,29.333334,25.666666,10
799,2011,8,10,2.5,5,1,4,2.1575,7,44,0,18,23.333334,31
799,2011,9,31,3.1,12,1,10,2.097,10,37,0,16,26.333334,52
799,2011,10,52,5.7777777,24,1,9,1.855,31,7,0,31,30.166666,46
799,2011,11,46,3.5384614,13,1,13,1.7153846,52,10,0,43,30.5,4
804,2011,1,204,15.692307,29,2,13,0.6094872,412,0,0,308,308,8
804,2011,2,8,2.6666667,4,1,3,0.68,204,0,0,208,208,113
804,2011,3,113,10.272727,48,1,11,0.7054545,8,412,0,108.333336,184.25,65
804,2011,4,65,9.285714,24,2,7,0.59,113,204,0,62,160.4,172
804,2011,5,172,15.636364,54,1,11,0.56,65,8,0,116.666664,162.33333,200
804,2011,6,200,11.764706,147,1,17,0.71843135,172,113,0,145.66667,127,78
804,2011,7,78,7.090909,25,1,11,0.6562121,200,65,0,150,106,81
804,2011,8,81,9,48,1,9,0.62222224,78,172,0,119.666664,118.166664,286
804,2011,9,286,23.833334,144,1,12,0.6075,81,200,0,148.33333,147,80
804,2011,10,80,5.714286,35,1,14,0.71309525,286,78,0,149,149.5,159
804,2011,11,159,7.571429,26,1,21,0.70626986,80,81,0,175,147.33333,82
805,2011,1,299,24.916666,144,1,12,1.0333333,155,0,0,227,227,7
805,2011,2,7,2.3333333,5,1,3,1.1966667,299,0,0,153.66667,153.66667,122
805,2011,3,122,20.333334,48,1,6,1.11,7,155,0,142.66667,145.75,126
805,2011,4,126,15.75,48,1,8,1.06875,122,299,0,85,141.8,216
805,2011,5,216,18,55,1,12,0.9475,126,7,0,154.66667,154.16667,674
805,2011,6,674,42.125,192,1,16,1.008125,216,122,0,338.66666,240.66667,277
805,2011,7,277,17.3125,51,1,16,0.988125,674,126,0,389,237,737
805,2011,8,737,52.642857,192,1,14,0.9539286,277,216,0,562.6667,358.66666,2456
805,2011,9,2456,129.26315,1815,2,19,0.9934211,737,674,0,1156.6666,747.6667,919
805,2011,10,919,61.266666,720,1,15,1.0402222,2456,277,0,1370.6666,879.8333,1641
805,2011,11,1641,78.14286,744,1,21,1.1002858,919,737,0,1672,1117.3334,1249
806,2011,1,51,12.75,24,1,4,1.045,53,0,0,52,52,149
806,2011,2,149,74.5,144,5,2,0.75,51,0,0,84.333336,84.333336,174
806,2011,3,174,43.5,144,1,4,1.19,149,53,0,124.666664,106.75,3
806,2011,4,3,3,3,3,1,0.85,174,51,0,108.666664,86,50
806,2011,5,50,16.666666,24,2,3,0.85,3,149,0,75.666664,80,115
806,2011,6,115,14.375,48,2,8,0.835,50,174,0,56,90.333336,133
806,2011,7,133,13.3,72,1,10,0.811,115,3,0,99.333336,104,157
806,2011,8,157,19.625,50,3,8,0.85,133,50,0,135,105.333336,104
806,2011,9,104,8.666667,24,1,12,0.915,157,115,0,131.33333,93.666664,215
806,2011,10,215,30.714285,144,2,7,0.8214286,104,133,0,158.66667,129,45
806,2011,11,45,4.5,27,1,10,1.045,215,157,0,121.333336,128.16667,48
807,2011,1,50,16.666666,24,2,3,0.85,81,0,0,65.5,65.5,15
807,2011,2,15,5,6,4,3,1.37,50,0,0,48.666668,48.666668,30
807,2011,3,30,10,24,1,3,1.11,15,81,0,31.666666,44,5
807,2011,4,5,5,5,5,1,0.85,30,50,0,16.666666,36.2,50
807,2011,5,50,16.666666,24,2,3,0.85,5,15,0,28.333334,38.5,149
807,2011,6,149,16.555555,48,1,9,0.83666664,50,30,0,68,49.833332,101
807,2011,7,101,9.181818,48,1,11,0.8036364,149,5,0,100,58.333332,136
807,2011,8,136,15.111111,50,1,9,0.93666667,101,50,0,128.66667,78.5,147
807,2011,9,147,9.8,26,1,15,1.006,136,149,0,128,98,94
807,2011,10,94,18.8,52,2,5,0.83666664,147,101,0,125.666664,112.833336,45
807,2011,11,45,4.090909,24,1,11,0.94454545,94,136,0,95.333336,112,25
808,2011,1,423,24.882353,144,1,17,1.1360294,945,0,0,684,684,390
808,2011,2,390,21.666666,172,1,18,1.045,423,0,0,586,586,768
808,2011,3,768,30.72,113,1,25,0.9595048,390,945,0,527,631.5,1026
808,2011,4,1026,48.857143,265,1,21,0.9206746,768,423,0,728,710.4,820
808,2011,5,820,34.166668,195,1,24,0.9776528,1026,390,0,871.3333,728.6667,786
808,2011,6,786,37.42857,290,1,21,1.0510317,820,768,0,877.3333,702.1667,1178
808,2011,7,1178,45.307693,289,1,26,1.076141,786,1026,0,928,828,773
808,2011,8,773,30.92,231,1,25,0.96826285,1178,820,0,912.3333,891.8333,2422
808,2011,9,2422,93.15385,384,2,26,0.9386688,773,786,0,1457.6666,1167.5,1590
808,2011,10,1590,61.153847,255,2,26,0.9667035,2422,1178,0,1595,1261.5,2739
808,2011,11,2739,105.34615,385,13,26,1.035394,1590,773,0,2250.3333,1581.3334,668
809,2011,1,383,25.533333,144,1,15,1.6574445,1168,0,0,775.5,775.5,298
809,2011,2,298,19.866667,73,1,15,1.5663333,383,0,0,616.3333,616.3333,371
809,2011,3,371,18.55,98,1,20,1.40125,298,1168,0,350.66666,555,350
809,2011,4,350,19.444445,98,1,18,1.5875555,371,383,0,339.66666,514,382
809,2011,5,382,22.470589,144,1,17,1.357451,350,298,0,367.66666,492,355
809,2011,6,355,18.68421,84,1,19,1.4360527,382,371,0,362.33334,356.5,209
809,2011,7,209,10.45,37,1,20,1.492,355,350,0,315.33334,327.5,1094
809,2011,8,1094,52.095238,361,1,21,1.3819841,209,382,0,552.6667,460.16666,697
809,2011,9,697,30.304348,228,1,23,1.4510435,1094,355,0,666.6667,514.5,680
809,2011,10,680,27.2,114,1,25,1.39866,697,209,0,823.6667,569.5,1509
809,2011,11,1509,58.03846,319,3,26,1.5675298,680,1094,0,962,757.3333,393
811,2011,1,1,1,1,1,1,6.75,1,0,0,1,1,5
811,2011,2,5,5,5,5,1,6.75,1,0,0,2.3333333,2.3333333,18
811,2011,3,18,9,16,2,2,6.35,5,1,0,8,6.25,3
811,2011,4,3,1.5,2,1,2,3.95,18,1,0,8.666667,5.6,42
811,2011,5,42,6,10,2,7,3.95,3,5,0,21,11.666667,57
811,2011,6,57,5.7,10,1,10,3.95,42,18,0,34,21,19
811,2011,7,19,3.1666667,6,1,6,3.95,57,3,0,39.333332,24,47
811,2011,8,47,5.2222223,16,1,9,4.34,19,42,0,41,31,14
811,2011,9,14,4.6666665,11,1,3,3.95,47,57,0,26.666666,30.333334,51
811,2011,10,51,10.2,40,1,5,5.354,14,19,0,37.333332,38.333332,45
811,2011,11,45,4.5,16,1,10,5.12,51,47,0,36.666668,38.833332,1
822,2011,1,9,4.5,6,3,2,4.95,44,0,0,26.5,26.5,10
822,2011,2,10,2.5,6,1,4,8.08125,9,0,0,21,21,10
822,2011,3,10,2.5,6,1,4,6.2025,10,44,0,9.666667,18.25,6
822,2011,4,6,1.5,3,1,4,8.7075,10,9,0,8.666667,15.8,1
822,2011,5,1,1,1,1,1,9.96,6,10,0,5.6666665,13.333333,7
822,2011,6,7,3.5,6,1,2,7.455,1,10,0,4.6666665,7.1666665,1
822,2011,7,1,1,1,1,1,4.95,7,6,0,3,5.8333335,7
822,2011,8,7,3.5,6,1,2,7.455,1,1,0,5,5.3333335,37
822,2011,9,37,4.625,11,1,8,4.95375,7,7,0,15,9.833333,112
822,2011,10,112,8,28,2,14,3.6830952,37,1,0,52,27.5,136
822,2011,11,136,7.5555553,39,1,18,4.099352,112,7,0,95,50,14
837,2011,1,27,4.5,10,1,6,1.25,8,0,0,17.5,17.5,25
837,2011,2,25,8.333333,12,1,3,1.25,27,0,0,20,20,37
837,2011,3,37,7.4,20,1,5,1.25,25,8,0,29.666666,24.25,3
837,2011,4,3,1.5,2,1,2,1.855,37,27,0,21.666666,20,26
837,2011,5,26,6.5,12,1,4,1.25,3,25,0,22,21,16
837,2011,6,16,4,6,3,4,1.25,26,37,0,15,22.333334,21
837,2011,7,21,5.25,12,1,4,1.5525,16,3,0,21,21.333334,2
837,2011,8,2,1,1,1,2,1.25,21,26,0,13,17.5,8
837,2011,9,8,1.6,4,1,5,1.492,2,16,0,10.333333,12.666667,52
837,2011,10,52,4.7272725,14,1,11,1.47,8,21,0,20.666666,20.833334,86
837,2011,11,86,7.818182,27,1,11,1.3875,52,2,0,48.666668,30.833334,22
840,2011,1,56,5.090909,14,1,11,2.8490908,180,0,0,118,118,75
840,2011,2,75,12.5,50,1,6,2.1966667,56,0,0,103.666664,103.666664,63
840,2011,3,63,6.3,13,1,10,2.1146667,75,180,0,64.666664,93.5,39
840,2011,4,39,9.75,24,1,4,2.06,63,56,0,59,82.6,40
840,2011,5,40,5.714286,12,1,7,2.0014286,39,75,0,47.333332,75.5,75
840,2011,6,75,9.375,19,1,8,1.9575,40,63,0,51.333332,58,37
840,2011,7,37,6.1666665,12,1,6,1.9233333,75,39,0,50.666668,54.833332,55
840,2011,8,55,6.875,27,1,8,2.265,37,40,0,55.666668,51.5,77
840,2011,9,77,8.555555,28,1,9,2.47,55,75,0,56.333332,53.833332,77
840,2011,10,77,8.555555,24,1,9,2.1966667,77,37,0,69.666664,60.166668,173
840,2011,11,173,8.238095,27,1,21,2.5220635,77,55,0,109,82.333336,13
841,2011,1,13,4.3333335,6,1,3,2.2466667,405,0,0,209,209,101
841,2011,2,101,20.2,36,8,5,2.01,13,0,0,173,173,168
841,2011,3,168,18.666666,42,6,9,1.69,101,405,0,94,171.75,126
841,2011,4,126,31.5,66,12,4,1.69,168,13,0,131.66667,162.6,99
841,2011,5,99,19.8,36,1,5,2.01,126,101,0,131,152,296
841,2011,6,296,26.90909,144,2,11,1.6718181,99,168,0,173.66667,133.83333,17
841,2011,7,17,5.6666665,12,1,3,1.69,296,126,0,137.33333,134.5,192
841,2011,8,192,48,144,6,4,1.64,17,99,0,168.33333,149.66667,468
841,2011,9,468,39,204,1,12,1.6816666,192,296,0,225.66667,199.66667,379
841,2011,10,379,29.153847,168,1,13,2.3002565,468,17,0,346.33334,241.83333,378
841,2011,11,378,18,65,1,21,2.3401587,379,192,0,408.33334,288.33334,84
845,2011,1,100,4.5454545,13,1,22,12.295576,200,0,0,150,150,117
845,2011,2,117,5.571429,29,1,21,13.061523,100,0,0,139,139,158
845,2011,3,158,6.5833335,39,1,24,12.446389,117,200,0,125,143.75,95
845,2011,4,95,5.2777777,24,1,18,11.6866665,158,100,0,123.333336,134,118
845,2011,5,118,6.9411764,31,1,17,12.257176,95,117,0,123.666664,131.33333,98
845,2011,6,98,5.1578946,28,1,19,12.917719,118,158,0,103.666664,114.333336,262
845,2011,7,262,14.555555,223,1,18,13.573704,98,95,0,159.33333,141.33333,137
845,2011,8,137,7.611111,30,1,18,12.6866665,262,118,0,165.66667,144.66667,99
845,2011,9,99,5.2105265,26,1,19,11.405965,137,98,0,166,134.83333,103
845,2011,10,103,6.0588236,25,1,17,13.042941,99,262,0,113,136.16667,438
845,2011,11,438,19.043478,149,1,23,13.20913,103,137,0,213.33333,189.5,88
846,2011,1,109,6.4117646,18,1,17,3.3711765,225,0,0,167,167,144
846,2011,2,144,13.090909,84,1,11,3.060909,109,0,0,159.33333,159.33333,147
846,2011,3,147,10.5,48,1,14,3.3128572,144,225,0,133.33333,156.25,134
846,2011,4,134,13.4,72,2,10,2.91,147,109,0,141.66667,151.8,115
846,2011,5,115,9.583333,24,1,12,3.4233334,134,144,0,132,145.66667,74
846,2011,6,74,14.8,36,2,5,2.95,115,147,0,107.666664,120.5,264
846,2011,7,264,33,144,1,8,3.6875,74,134,0,151,146.33333,121
846,2011,8,121,12.1,36,2,10,3.114,264,115,0,153,142.5,69
846,2011,9,69,11.5,36,2,6,2.95,121,74,0,151.33333,129.5,332
846,2011,10,332,41.5,252,4,8,3.0275,69,264,0,174,162.5,112
846,2011,11,112,7.4666667,24,1,15,3.302,332,121,0,171,162,2
852,2011,1,55,11,36,4,5,1.63,25,0,0,40,40,3
852,2011,2,3,1,1,1,3,4.13,55,0,0,27.666666,27.666666,8
852,2011,3,8,1.6,4,1,5,4.212,3,25,0,22,22.75,3
852,2011,4,3,1,1,1,3,4.403333,8,55,0,4.6666665,18.8,1
852,2011,5,1,1,1,1,1,4.13,3,3,0,4,15.833333,7
852,2011,6,7,2.3333333,4,1,3,3.29,1,8,0,3.6666667,12.833333,22
852,2011,7,22,3.6666667,7,1,6,2.875,7,3,0,10,7.3333335,1
852,2011,8,1,1,1,1,1,4.95,22,1,0,10,7,5
852,2011,9,5,2.5,3,2,2,6.62,1,7,0,9.333333,6.5,5
852,2011,10,5,1.6666666,3,1,3,6.0633335,5,22,0,3.6666667,6.8333335,5
852,2011,11,5,1,1,1,5,7.622,5,1,0,5,7.5,1
853,2011,1,50,5,14,1,10,3.3718333,204,0,0,127,127,102
853,2011,2,102,9.272727,49,1,11,3.1025758,50,0,0,118.666664,118.666664,22
853,2011,3,22,5.5,12,1,4,2.86125,102,204,0,58,94.5,36
853,2011,4,36,4,12,1,9,2.731111,22,50,0,53.333332,82.8,86
853,2011,5,86,6.6153846,31,1,13,2.568359,36,102,0,48,83.333336,58
853,2011,6,58,4.4615383,14,1,13,3.0867949,86,22,0,60,59,58
853,2011,7,58,4.142857,17,1,14,2.2069046,58,36,0,67.333336,60.333332,28
853,2011,8,28,3.5,19,1,8,2.226875,58,86,0,48,48,13
853,2011,9,13,2.6,6,1,5,3.318,28,58,0,33,46.5,86
853,2011,10,86,10.75,72,1,8,3.0304167,13,58,0,42.333332,54.833332,26
853,2011,11,26,1.8571428,6,1,14,3.0425,86,28,0,41.666668,44.833332,60
854,2011,1,14,2.3333333,4,1,6,2.1,30,0,0,22,22,30
854,2011,2,30,5,10,1,6,2.4383333,14,0,0,24.666666,24.666666,20
854,2011,3,20,5,12,1,4,3.115,30,30,0,21.333334,23.5,21
854,2011,4,21,3,6,1,7,2.6214285,20,14,0,23.666666,23,43
854,2011,5,43,3.909091,18,1,11,2.469091,21,30,0,28,26.333334,36
854,2011,6,36,4.5,15,1,8,2.429375,43,20,0,33.333332,27.333334,29
854,2011,7,29,2.4166667,10,1,12,1.6975,36,21,0,36,29.833334,12
854,2011,8,12,2.4,6,1,5,2.912,29,43,0,25.666666,26.833334,5
854,2011,9,5,2.5,3,2,2,3.115,12,36,0,15.333333,24.333334,5
854,2011,10,5,1,1,1,5,2.912,5,29,0,7.3333335,21.666666,23
854,2011,11,23,2.090909,6,1,11,2.6536365,5,12,0,11,18.333334,6
855,2011,1,35,3.1818182,7,1,11,2.2086363,81,0,0,58,58,88
855,2011,2,88,8.8,24,2,10,2.27,35,0,0,68,68,119
855,2011,3,119,7.9333334,33,1,15,2.192,88,81,0,80.666664,80.75,44
855,2011,4,44,5.5,14,1,8,1.82375,119,35,0,83.666664,73.4,57
855,2011,5,57,3.8,15,1,15,2.0703492,44,88,0,73.333336,70.666664,68
855,2011,6,68,5.6666665,33,1,12,2.3059723,57,119,0,56.333332,68.5,55
855,2011,7,55,3.9285715,11,1,14,1.2421429,68,44,0,60,71.833336,19
855,2011,8,19,3.1666667,10,1,6,1.25,55,57,0,47.333332,60.333332,48
855,2011,9,48,6.857143,22,1,7,1.7973809,19,68,0,40.666668,48.5,46
855,2011,10,46,4.181818,16,1,11,1.58,48,55,0,37.666668,48.833332,65
855,2011,11,65,4.3333335,27,1,15,1.4785556,46,19,0,53,50.166668,25
856,2011,1,12,3,6,1,4,1.25,40,0,0,26,26,42
856,2011,2,42,6,15,1,7,1.4228572,12,0,0,31.333334,31.333334,37
856,2011,3,37,4.625,12,1,8,1.70375,42,40,0,30.333334,32.75,34
856,2011,4,34,4.25,18,1,8,1.584375,37,12,0,37.666668,33,16
856,2011,5,16,2.6666667,5,1,6,1.5525,34,42,0,29,30.166666,38
856,2011,6,38,4.75,13,1,8,1.779375,16,37,0,29.333334,29.833334,53
856,2011,7,53,3.7857144,22,1,14,1.2992858,38,34,0,35.666668,36.666668,11
856,2011,8,11,2.2,4,1,5,1.734,53,16,0,34,31.5,5
856,2011,9,5,1.6666666,2,1,3,2.0566666,11,38,0,23,26.166666,20
856,2011,10,20,2.5,10,1,8,1.5525,5,53,0,12,23.833334,33
856,2011,11,33,2.5384614,15,1,13,1.9015385,20,11,0,19.333334,26.666666,12
857,2011,1,236,14.75,38,1,16,1.6984375,308,0,0,272,272,323
857,2011,2,323,19,84,1,17,1.4732352,236,0,0,289,289,281
857,2011,3,281,14.05,72,1,20,1.3765,323,308,0,280,287,215
857,2011,4,215,15.357142,38,1,14,1.4685714,281,236,0,273,272.6,279
857,2011,5,279,13.285714,36,1,21,1.4604762,215,323,0,258.33334,273.66666,354
857,2011,6,354,19.666666,92,1,18,1.5806031,279,281,0,282.66666,281.33334,328
857,2011,7,328,25.23077,84,1,13,1.3996154,354,215,0,320.33334,296.66666,2
857,2011,8,2,2,2,2,1,3.29,328,279,0,228,243.16667,9
857,2011,9,9,1.8,3,1,5,3.29,2,354,0,113,197.83333,2
857,2011,10,2,2,2,2,1,3.29,9,328,0,4.3333335,162.33333,137
857,2011,11,137,8.058824,31,1,17,2.5343137,2,2,0,49.333332,138.66667,5
859,2011,1,95,8.636364,13,2,11,1.7136364,322,0,0,208.5,208.5,294
859,2011,2,294,21,153,1,14,1.7046429,95,0,0,237,237,155
859,2011,3,155,9.117647,44,1,17,2.07,294,322,0,181.33333,216.5,333
859,2011,4,333,19.588236,132,2,17,1.4944117,155,95,0,260.66666,239.8,329
859,2011,5,329,19.352942,156,1,17,1.2924118,333,294,0,272.33334,254.66667,875
859,2011,6,875,51.47059,576,2,17,1.3748529,329,155,0,512.3333,346.83334,251
859,2011,7,251,16.733334,144,1,15,1.9173334,875,333,0,485,372.83334,1009
859,2011,8,1009,63.0625,824,1,16,1.525,251,329,0,711.6667,492,695
859,2011,9,695,46.333332,505,1,15,1.9535333,1009,875,0,651.6667,582,217
859,2011,10,217,14.466666,48,1,15,2.0624444,695,251,0,640.3333,562.6667,747
859,2011,11,747,32.47826,433,1,23,2.0098405,217,1009,0,553,632.3333,132
860,2011,1,16,2.6666667,6,1,6,1.4258333,57,0,0,36.5,36.5,41
860,2011,2,41,5.125,24,1,8,1.76,16,0,0,38,38,14
860,2011,3,14,4.6666665,12,1,3,1.93,41,57,0,23.666666,32,88
860,2011,4,88,9.777778,12,2,9,1.25,14,16,0,47.666668,43.2,59
860,2011,5,59,7.375,12,1,8,1.3775,88,41,0,53.666668,45.833332,93
860,2011,6,93,15.5,72,1,6,1.5583333,59,14,0,80,51.833332,19
860,2011,7,19,3.8,12,1,5,1.862,93,88,0,57,52.333332,50
860,2011,8,50,7.142857,12,1,7,1.5414286,19,59,0,54,53.833332,153
860,2011,9,153,9.5625,72,1,16,1.684375,50,93,0,74,77,161
860,2011,10,161,14.636364,60,1,11,1.595,153,19,0,121.333336,89.166664,496
860,2011,11,496,29.17647,432,1,17,1.8235294,161,50,0,270,162,49
861,2011,1,225,16.071428,109,1,14,1.3717858,325,0,0,275,275,106
861,2011,2,106,13.25,72,1,8,1.73625,225,0,0,218.66667,218.66667,88
861,2011,3,88,22,73,1,4,1.73625,106,325,0,139.66667,186,34
861,2011,4,34,5.6666665,12,1,6,1.25,88,225,0,76,155.6,35
861,2011,5,35,7,13,2,5,1.454,34,106,0,52.333332,135.5,37
861,2011,6,37,9.25,12,1,4,1.25,35,88,0,35.333332,87.5,20
861,2011,7,20,4,12,1,5,1.658,37,34,0,30.666666,53.333332,4
861,2011,8,4,1.3333334,2,1,3,1.25,20,35,0,20.333334,36.333332,678
861,2011,9,678,67.8,624,1,10,1.477,4,37,0,234,134.66667,24
861,2011,10,24,2.6666667,12,1,9,1.7033334,678,20,0,235.33333,133,33
861,2011,11,33,3.3,16,1,10,2.304,24,4,0,245,132.66667,12
862,2011,1,104,7.428571,24,1,14,1.6871428,233,0,0,168.5,168.5,90
862,2011,2,90,8.181818,24,1,11,1.7136364,104,0,0,142.33333,142.33333,137
862,2011,3,137,9.133333,36,1,15,1.9073334,90,233,0,110.333336,141,157
862,2011,4,157,13.083333,36,1,12,1.42,137,104,0,128,144.2,156
862,2011,5,156,9.75,24,1,16,1.44125,157,90,0,150,146.16667,185
862,2011,6,185,18.5,96,1,10,1.9545,156,137,0,166,138.16667,100
862,2011,7,100,8.333333,25,1,12,1.6466666,185,157,0,147,137.5,92
862,2011,8,92,8.363636,24,1,11,1.6827272,100,156,0,125.666664,137.83333,919
862,2011,9,919,91.9,774,1,10,2.1288333,92,185,0,370.33334,268.16666,65
862,2011,10,65,4.642857,13,1,14,2.352857,919,100,0,358.66666,252.83333,661
862,2011,11,661,27.541666,433,1,24,2.2020833,65,92,0,548.3333,337,82
863,2011,1,133,13.3,72,1,10,1.843,93,0,0,113,113,127
863,2011,2,127,12.7,72,1,10,1.435,133,0,0,117.666664,117.666664,97
863,2011,3,97,9.7,24,1,10,1.556,127,93,0,119,112.5,53
863,2011,4,53,4.4166665,12,1,12,1.505,97,133,0,92.333336,100.6,32
863,2011,5,32,6.4,12,1,5,1.658,53,127,0,60.666668,89.166664,586
863,2011,6,586,117.2,576,1,5,1.416,32,97,0,223.66667,171.33333,12
863,2011,7,12,2.4,7,1,5,1.862,586,53,0,210,151.16667,632
863,2011,8,632,63.2,576,1,10,1.435,12,32,0,410,235.33333,42
863,2011,9,42,4.2,12,1,10,1.964,632,586,0,228.66667,226.16667,67
863,2011,10,67,6.7,38,1,10,1.9916667,42,12,0,247,228.5,108
863,2011,11,108,9,38,1,12,1.9530555,67,632,0,72.333336,241.16667,73
864,2011,1,490,35,146,1,14,1.3194643,735,0,0,612.5,612.5,165
864,2011,2,165,11,36,1,15,1.6253333,490,0,0,463.33334,463.33334,539
864,2011,3,539,44.916668,432,1,12,1.7791667,165,735,0,398,482.25,256
864,2011,4,256,16,144,1,16,1.583125,539,490,0,320,437,130
864,2011,5,130,13,38,1,10,1.556,256,165,0,308.33334,385.83334,84
864,2011,6,84,5.6,18,1,15,2.0206666,130,539,0,156.66667,277.33334,67
864,2011,7,67,5.5833335,12,1,12,1.76,84,256,0,93.666664,206.83333,75
864,2011,8,75,9.375,25,1,8,2.3975,67,130,0,75.333336,191.83333,736
864,2011,9,736,43.294117,624,1,17,2.307451,75,84,0,292.66666,224.66667,182
864,2011,10,182,9.578947,38,1,19,2.1914036,736,67,0,331,212.33333,245
864,2011,11,245,10.652174,37,1,23,2.519913,182,75,0,387.66666,231.5,92
865,2011,1,225,14.0625,48,1,16,1.5709375,221,0,0,223,223,242
865,2011,2,242,17.285715,144,1,14,1.455,225,0,0,229.33333,229.33333,393
865,2011,3,393,20.68421,156,1,19,1.4597368,242,221,0,286.66666,270.25,168
865,2011,4,168,10.5,36,2,16,1.35625,393,225,0,267.66666,249.8,328
865,2011,5,328,27.333334,144,1,12,1.4041667,168,242,0,296.33334,262.83334,1427
865,2011,6,1427,79.27778,1092,1,18,1.5671296,328,393,0,641,463.83334,164
865,2011,7,164,9.111111,24,1,18,1.7033334,1427,168,0,639.6667,453.66666,231
865,2011,8,231,14.4375,51,1,16,1.59,164,328,0,607.3333,451.83334,1333
865,2011,9,1333,70.1579,624,1,19,1.9522808,231,1427,0,576,608.5,230
865,2011,10,230,13.529411,49,1,17,2.1377256,1333,164,0,598,618.8333,379
865,2011,11,379,18.047619,126,1,21,2.2345715,230,231,0,647.3333,627.3333,77
866,2011,1,33,3.6666667,12,1,9,1.3733333,8,0,0,20.5,20.5,336
866,2011,2,336,30.545454,96,3,11,0.94454545,33,0,0,125.666664,125.666664,400
866,2011,3,400,22.222221,122,1,18,0.96555555,336,8,0,256.33334,194.25,395
866,2011,4,395,21.944445,48,3,18,0.9980556,400,33,0,377,234.4,533
866,2011,5,533,31.352942,200,1,17,1.1597059,395,336,0,442.66666,284.16666,297
866,2011,6,297,22.846153,73,1,13,1.08,533,400,0,408.33334,332.33334,344
866,2011,7,344,24.571428,201,1,14,1.1796429,297,395,0,391.33334,384.16666,102
866,2011,8,102,10.2,24,1,10,1.045,344,533,0,247.66667,345.16666,17
866,2011,9,17,2.8333333,10,1,6,1.1,102,297,0,154.33333,281.33334,12
866,2011,10,12,4,6,1,3,1.11,17,344,0,43.666668,217.5,41
866,2011,11,41,3.7272727,14,1,11,1.2045455,12,102,0,23.333334,135.5,6
867,2011,1,628,36.941177,121,3,17,0.42378432,386,0,0,507,507,14
867,2011,2,14,14,14,14,1,1.14,628,0,0,342.66666,342.66666,4
867,2011,3,4,4,4,4,1,0.65,14,386,0,215.33333,258,24
867,2011,4,24,12,12,12,2,0.65,4,628,0,14,211.2,3
867,2011,5,3,1,1,1,3,1.3033333,24,14,0,10.333333,176.5,17
867,2011,6,17,8.5,12,5,2,1.14,3,4,0,14.666667,115,15
867,2011,7,15,5,12,1,3,0.81333333,17,24,0,11.666667,12.833333,3
867,2011,8,3,3,3,3,1,0.65,15,3,0,11.666667,11,12
867,2011,9,12,12,12,12,1,0.65,3,17,0,10,12.333333,50
867,2011,10,50,6.25,13,1,8,0.7725,12,15,0,21.666666,16.666666,7
867,2011,11,7,3.5,6,1,2,1.14,50,3,0,23,17.333334,15
868,2011,1,496,27.555555,72,1,18,0.4039352,316,0,0,406,406,111
868,2011,2,111,12.333333,73,1,9,0.4838889,496,0,0,307.66666,307.66666,88
868,2011,3,88,7.3333335,28,1,12,0.48708335,111,316,0,231.66667,252.75,79
868,2011,4,79,7.9,21,1,10,0.5235,88,496,0,92.666664,218,58
868,2011,5,58,5.8,12,1,10,0.4775,79,111,0,75,191.33333,60
868,2011,6,60,4.6153846,13,1,13,0.49961537,58,88,0,65.666664,148.66667,72
868,2011,7,72,5.5384617,24,1,13,0.44653845,60,79,0,63.333332,78,75
868,2011,8,75,6.818182,24,1,11,0.5140909,72,58,0,69,72,165
868,2011,9,165,12.692307,46,1,13,0.50846153,75,60,0,104,84.833336,242
868,2011,10,242,12.1,31,1,20,0.5215833,165,72,0,160.66667,112,124
868,2011,11,124,8.266666,26,1,15,0.48133335,242,75,0,177,123,17
869,2011,1,351,20.647058,58,2,17,0.4217647,236,0,0,293.5,293.5,1
869,2011,2,1,1,1,1,1,1.63,351,0,0,196,196,12
869,2011,3,12,12,12,12,1,0.65,1,236,0,121.333336,150,26
869,2011,4,26,6.5,12,1,4,0.895,12,351,0,13,125.2,301
869,2011,5,301,100.333336,288,1,3,0.49666667,26,1,0,113,154.5,26
869,2011,6,26,6.5,12,1,4,0.895,301,12,0,117.666664,119.5,38
869,2011,7,38,12.666667,24,1,3,0.81333333,26,26,0,121.666664,67.333336,12
869,2011,8,12,12,12,12,1,0.65,38,301,0,25.333334,69.166664,24
869,2011,9,24,12,12,12,2,0.65,12,26,0,24.666666,71.166664,28
869,2011,10,28,5.6,12,1,5,1.238,24,38,0,21.333334,71.5,32
869,2011,11,32,4.571429,13,1,7,0.93,28,12,0,28,26.666666,15
871,2011,1,780,41.05263,225,1,19,0.4593609,314,0,0,547,547,13
871,2011,2,13,6.5,12,1,2,1.14,780,0,0,369,369,36
871,2011,3,36,12,12,12,3,0.65,13,314,0,276.33334,285.75,81
871,2011,4,81,13.5,24,3,6,0.65,36,780,0,43.333332,244.8,27
871,2011,5,27,5.4,12,1,5,1.042,81,13,0,48,208.5,36
871,2011,6,36,12,12,12,3,0.65,27,36,0,48,162.16667,25
871,2011,7,25,12.5,24,1,2,0.65,36,81,0,29.333334,36.333332,18
871,2011,8,18,6,12,3,3,0.65,25,27,0,26.333334,37.166668,99
871,2011,9,99,12.375,14,12,8,0.7725,18,36,0,47.333332,47.666668,113
871,2011,10,113,8.071428,14,1,14,0.79,99,25,0,76.666664,53,97
871,2011,11,97,12.125,26,1,8,0.81333333,113,18,0,103,64.666664,14
872,2011,1,341,21.3125,72,2,16,0.403375,283,0,0,312,312,13
872,2011,2,13,6.5,12,1,2,1.14,341,0,0,212.33333,212.33333,16
872,2011,3,16,5.3333335,12,1,3,1.3033333,13,283,0,123.333336,163.25,29
872,2011,4,29,5.8,12,1,5,1.042,16,341,0,19.333334,136.4,305
872,2011,5,305,50.833332,288,1,6,1.2266667,29,13,0,116.666664,164.5,17
872,2011,6,17,4.25,12,1,4,0.895,305,16,0,117,120.166664,61
872,2011,7,61,12.2,24,1,5,0.65,17,29,0,127.666664,73.5,5
872,2011,8,5,2.5,4,1,2,1.385,61,305,0,27.666666,72.166664,48
872,2011,9,48,24,36,12,2,0.65,5,17,0,38,77.5,7
872,2011,10,7,1.4,3,1,5,1.042,48,61,0,20,73.833336,28
872,2011,11,28,4.6666665,12,1,6,1.14,7,5,0,27.666666,27.666666,13
873,2011,1,20,2.5,6,1,8,4.465625,141,0,0,80.5,80.5,44
873,2011,2,44,4.888889,24,1,9,5.124074,20,0,0,68.333336,68.333336,108
873,2011,3,108,7.714286,36,1,14,4.475119,44,141,0,57.333332,78.25,76
873,2011,4,76,6.3333335,30,1,12,4.832083,108,20,0,76,77.8,233
873,2011,5,233,13.705882,151,1,17,4.508529,76,44,0,139,103.666664,45
873,2011,6,45,3.4615386,9,1,13,4.8915386,233,108,0,118,87.666664,118
873,2011,7,118,5.9,36,1,20,4.5049167,45,76,0,132,104,57
873,2011,8,57,4.071429,8,1,14,4.633333,118,233,0,73.333336,106.166664,362
873,2011,9,362,17.238094,144,1,21,3.9598413,57,45,0,179,148.5,175
873,2011,10,175,9.722222,24,2,18,4.141611,362,118,0,198,165,308
873,2011,11,308,12.833333,43,1,24,4.9185452,175,57,0,281.66666,177.5,3
874,2011,1,247,19,144,1,13,1.4903846,616,0,0,431.5,431.5,103
874,2011,2,103,6.4375,26,1,16,1.6814584,247,0,0,322,322,467
874,2011,3,467,31.133333,216,1,15,1.3276,103,616,0,272.33334,358.25,209
874,2011,4,209,16.076923,41,2,13,1.5465385,467,247,0,259.66666,328.4,438
874,2011,5,438,29.2,300,1,15,1.6556667,209,103,0,371.33334,346.66666,105
874,2011,6,105,8.076923,18,1,13,1.5465385,438,467,0,250.66667,261.5,270
874,2011,7,270,14.210526,43,1,19,1.6764035,105,209,0,271,265.33334,328
874,2011,8,328,19.294117,117,1,17,1.502353,270,438,0,234.33333,302.83334,878
874,2011,9,878,41.809525,228,2,21,1.5974524,328,105,0,492,371.33334,961
874,2011,10,961,41.782608,168,1,23,1.4403547,878,270,0,722.3333,496.66666,1472
874,2011,11,1472,56.615383,230,14,26,1.5012393,961,328,0,1103.6666,669,308
875,2011,1,37,4.111111,6,2,9,3.4233334,80,0,0,58.5,58.5,62
875,2011,2,62,7.75,18,1,8,3.4825,37,0,0,59.666668,59.666668,33
875,2011,3,33,4.714286,7,1,7,3.152857,62,80,0,44,53,75
875,2011,4,75,9.375,24,1,8,3.5675,33,37,0,56.666668,57.4,89
875,2011,5,89,6.357143,13,1,14,3.6279762,75,62,0,65.666664,62.666668,238
875,2011,6,238,21.636364,100,1,11,3.16,89,33,0,134,89,146
875,2011,7,146,13.272727,100,1,11,3.5448484,238,75,0,157.66667,107.166664,9
875,2011,8,9,3,6,1,3,3.9966667,146,89,0,131,98.333336,92
875,2011,9,92,6.571429,17,1,14,4.0059524,9,238,0,82.333336,108.166664,105
875,2011,10,105,6.1764708,15,1,17,3.6359804,92,146,0,68.666664,113.166664,153
875,2011,11,153,7.65,26,1,20,4.2025,105,9,0,116.666664,123.833336,33
876,2011,1,259,25.9,146,2,10,1.3413334,179,0,0,219,219,176
876,2011,2,176,11.733334,25,1,15,1.5861111,259,0,0,204.66667,204.66667,809
876,2011,3,809,44.944443,588,1,18,1.3791667,176,179,0,414.66666,355.75,681
876,2011,4,681,40.058823,312,1,17,1.4830393,809,259,0,555.3333,420.8,825
876,2011,5,825,45.833332,291,1,18,1.6337222,681,176,0,771.6667,488.16666,399
876,2011,6,399,30.692308,288,1,13,1.59,825,809,0,635,524.8333,707
876,2011,7,707,64.27273,588,1,11,1.6140909,399,681,0,643.6667,599.5,561
876,2011,8,561,40.07143,432,1,14,1.6521429,707,825,0,555.6667,663.6667,734
876,2011,9,734,36.7,289,1,20,1.541,561,399,0,667.3333,651.1667,820
876,2011,10,820,39.04762,473,2,21,1.511746,734,707,0,705,674.3333,1425
876,2011,11,1425,57,738,1,25,1.7012547,820,561,0,993,774.3333,570
877,2011,1,83,5.1875,19,1,16,1.7934375,242,0,0,162.5,162.5,107
877,2011,2,107,9.727273,24,1,11,1.525,83,0,0,144,144,91
877,2011,3,91,15.166667,36,2,6,1.3172222,107,242,0,93.666664,130.75,194
877,2011,4,194,19.4,84,1,10,1.492,91,83,0,130.66667,143.4,373
877,2011,5,373,23.3125,144,1,16,1.540625,194,107,0,219.33333,181.66667,201
877,2011,6,201,14.357142,52,1,14,1.4876785,373,91,0,256,174.83333,297
877,2011,7,297,14.85,48,1,20,1.492,201,194,0,290.33334,210.5,139
877,2011,8,139,10.692307,36,2,13,1.5292307,297,373,0,212.33333,215.83333,230
877,2011,9,230,10.952381,29,1,21,1.5669048,139,201,0,222,239,413
877,2011,10,413,17.956522,72,1,23,1.4209783,230,297,0,260.66666,275.5,615
877,2011,11,615,24.6,150,1,25,1.65708,413,139,0,419.33334,315.83334,211
878,2011,1,57,7.125,12,1,8,1.476875,42,0,0,49.5,49.5,44
878,2011,2,44,8.8,12,3,5,1.25,57,0,0,47.666668,47.666668,75
878,2011,3,75,8.333333,20,1,9,1.6533333,44,42,0,58.666668,54.5,46
878,2011,4,46,15.333333,24,10,3,1.25,75,57,0,55,52.8,100
878,2011,5,100,14.285714,25,1,7,1.7685714,46,44,0,73.666664,60.666668,33
878,2011,6,33,6.6,12,1,5,1.855,100,75,0,59.666668,59.166668,15
878,2011,7,15,1.6666666,3,1,9,1.855,33,46,0,49.333332,52.166668,41
878,2011,8,41,8.2,24,1,5,1.734,15,100,0,29.666666,51.666668,34
878,2011,9,34,4.857143,12,1,7,1.9414285,41,33,0,30,44.833332,35
878,2011,10,35,3.5,8,1,10,1.976,34,15,0,36.666668,43,70
878,2011,11,70,4.375,15,1,16,2.0566666,35,41,0,46.333332,38,5
880,2011,1,39,3.9,7,1,10,2.506,17,0,0,28,28,35
880,2011,2,35,4.375,6,1,8,2.1,39,0,0,30.333334,30.333334,489
880,2011,3,489,37.615383,433,1,13,2.3197436,35,17,0,187.66667,145,230
880,2011,4,230,28.75,150,1,8,2.2425,489,39,0,251.33333,162,82
880,2011,5,82,5.857143,12,1,14,2.1725,230,35,0,267,148.66667,17
880,2011,6,17,3.4,7,1,5,2.709,82,489,0,109.666664,148.66667,25
880,2011,7,25,3.5714285,12,1,7,2.39,17,230,0,41.333332,146.33333,10
880,2011,8,10,3.3333333,6,1,3,2.1,25,82,0,17.333334,142.16667,8
880,2011,9,8,2.6666667,6,1,3,2.1,10,17,0,14.333333,62,4
880,2011,10,4,1.3333334,2,1,3,3.4533334,8,25,0,7.3333335,24.333334,25
880,2011,11,25,3.125,13,1,8,2.1,4,10,0,12.333333,14.833333,2
883,2011,1,165,15,56,1,11,0.7390909,113,0,0,139,139,121
883,2011,2,121,12.1,27,1,10,0.748,165,0,0,133,133,215
883,2011,3,215,17.916666,51,3,12,0.7316667,121,113,0,167,153.5,230
883,2011,4,230,17.692308,54,1,13,0.76097435,215,165,0,188.66667,168.8,855
883,2011,5,855,65.76923,576,1,13,0.8292308,230,121,0,433.33334,283.16666,159
883,2011,6,159,9.3529415,48,1,17,1.0150981,855,215,0,414.66666,290.83334,220
883,2011,7,220,12.941176,48,1,17,0.76529413,159,230,0,411.33334,300,111
883,2011,8,111,7.928571,24,1,14,0.825,220,855,0,163.33333,298.33334,177
883,2011,9,177,11.8,38,2,15,0.7915556,111,159,0,169.33333,292,115
883,2011,10,115,7.1875,28,1,16,0.8388542,177,220,0,134.33333,272.83334,129
883,2011,11,129,6.142857,36,1,21,1.0116667,115,111,0,140.33333,151.83333,74
884,2011,1,213,13.3125,54,1,16,0.9590625,142,0,0,177.5,177.5,148
884,2011,2,148,12.333333,48,1,12,0.8541667,213,0,0,167.66667,167.66667,159
884,2011,3,159,9.9375,42,1,16,0.91541666,148,142,0,173.33333,165.5,289
884,2011,4,289,19.266666,54,1,15,0.77666664,159,213,0,198.66667,190.2,987
884,2011,5,987,65.8,607,1,15,0.91477776,289,148,0,478.33334,323,178
884,2011,6,178,8.476191,48,1,21,1.0194445,987,159,0,484.66666,329,302
884,2011,7,302,14.380953,48,1,21,0.8288889,178,289,0,489,343.83334,175
884,2011,8,175,10.9375,26,1,16,0.90520835,302,987,0,218.33333,348.33334,242
884,2011,9,242,14.235294,50,1,17,0.83735293,175,178,0,239.66667,362.16666,143
884,2011,10,143,8.9375,28,1,16,0.9817708,242,302,0,186.66667,337.83334,173
884,2011,11,173,7.521739,39,1,23,1.115145,143,175,0,186,202.16667,83
885,2011,1,89,8.090909,26,1,11,0.785,125,0,0,107,107,120
885,2011,2,120,15,26,2,8,0.79291666,89,0,0,111.333336,111.333336,155
885,2011,3,155,9.6875,32,1,16,0.7725,120,125,0,121.333336,122.25,238
885,2011,4,238,18.307692,52,1,13,0.7471538,155,89,0,171,145.4,188
885,2011,5,188,14.461538,49,1,13,0.85102564,238,120,0,193.66667,152.5,161
885,2011,6,161,10.0625,49,1,16,0.925625,188,155,0,195.66667,158.5,183
885,2011,7,183,10.764706,48,1,17,0.9382353,161,238,0,177.33333,174.16667,91
885,2011,8,91,7.5833335,25,1,12,0.895,183,188,0,145,169.33333,181
885,2011,9,181,10.6470585,32,1,17,0.7989216,91,161,0,151.66667,173.66667,106
885,2011,10,106,6.625,29,1,16,0.80516666,181,183,0,126,151.66667,130
885,2011,11,130,5.652174,27,1,23,0.958913,106,91,0,139,142,65
886,2011,1,71,11.833333,24,1,6,0.8183333,86,0,0,78.5,78.5,98
886,2011,2,98,14,30,2,7,0.65,71,0,0,85,85,115
886,2011,3,115,10.454545,31,1,11,0.8578788,98,86,0,94.666664,92.5,137
886,2011,4,137,13.7,48,1,10,0.7686667,115,71,0,116.666664,101.4,688
886,2011,5,688,52.923077,576,1,13,0.8292308,137,98,0,313.33334,199.16667,96
886,2011,6,96,7.3846154,25,1,13,0.95153844,688,115,0,307,200.83333,99
886,2011,7,99,8.25,26,1,12,0.8541667,96,137,0,294.33334,205.5,143
886,2011,8,143,11.916667,41,1,12,0.7997222,99,688,0,112.666664,213,155
886,2011,9,155,10.333333,33,1,15,0.846,143,96,0,132.33333,219.66667,91
886,2011,10,91,7.5833335,24,1,12,0.83375,155,99,0,129.66667,212,157
886,2011,11,157,7.4761906,28,1,21,0.9338889,91,143,0,134.33333,123.5,39
887,2011,1,55,6.111111,13,2,9,2.2461112,111,0,0,83,83,83
887,2011,2,83,9.222222,48,1,9,2.297778,55,0,0,83,83,155
887,2011,3,155,10.333333,48,1,15,2.2863333,83,111,0,97.666664,101,42
887,2011,4,42,6,14,1,7,2.1,155,55,0,93.333336,89.2,68
887,2011,5,68,5.6666665,12,1,12,2.2691667,42,83,0,88.333336,85.666664,182
887,2011,6,182,22.75,144,1,8,2.3225,68,155,0,97.333336,97.5,103
887,2011,7,103,9.363636,14,1,11,2.1,182,42,0,117.666664,105.5,68
887,2011,8,68,5.6666665,19,1,12,2.2691667,103,68,0,117.666664,103,91
887,2011,9,91,7.5833335,24,1,12,2.5866666,68,182,0,87.333336,92.333336,40
887,2011,10,40,4,15,1,10,3.0135,91,103,0,66.333336,92,103
887,2011,11,103,9.363636,24,1,11,2.7151515,40,68,0,78,97.833336,61
889,2011,1,8,2,4,1,4,2.1,21,0,0,14.5,14.5,32
889,2011,2,32,4,18,1,8,2.035,8,0,0,20.333334,20.333334,26
889,2011,3,26,2.6,8,1,10,1.8415,32,21,0,22,21.75,15
889,2011,4,15,2.5,7,1,6,1.865,26,8,0,24.333334,20.4,20
889,2011,5,20,2,6,1,10,1.959,15,32,0,20.333334,20.333334,26
889,2011,6,26,3.7142856,12,1,7,1.7978572,20,26,0,20.333334,21.166666,146
889,2011,7,146,7.3,60,1,20,1.15875,26,15,0,64,44.166668,133
889,2011,8,133,12.090909,61,1,11,1.0572727,146,20,0,101.666664,61,83
889,2011,9,83,7.5454545,24,1,11,1.0190909,133,26,0,120.666664,70.5,67
889,2011,10,67,4.4666667,26,1,15,1.154,83,146,0,94.333336,79.166664,110
889,2011,11,110,6.470588,24,1,17,0.92176473,67,133,0,86.666664,94.166664,74
890,2011,1,171,15.545455,115,1,11,9.827727,40,0,0,105.5,105.5,17
890,2011,2,17,1.7,5,1,10,9.366,171,0,0,76,76,32
890,2011,3,32,4.571429,19,1,7,8.49,17,40,0,73.333336,65,23
890,2011,4,23,2.090909,6,1,11,9.722727,32,171,0,24,56.6,20
890,2011,5,20,2.2222223,6,1,9,7.84,23,17,0,25,50.5,26
890,2011,6,26,2.6,8,1,10,9.366,20,32,0,23,48.166668,64
890,2011,7,64,6.4,32,1,10,10.594,26,23,0,36.666668,30.333334,21
890,2011,8,21,2.3333333,8,1,9,8.93,64,20,0,37,31,120
890,2011,9,120,9.230769,64,1,13,9.508462,21,26,0,68.333336,45.666668,22
890,2011,10,22,2,5,1,11,10.218182,120,64,0,54.333332,45.5,18
890,2011,11,18,2,4,1,9,8.93,22,21,0,53.333332,45.166668,7
891,2011,1,43,3.3076923,12,1,13,2.3403847,101,0,0,72,72,149
891,2011,2,149,8.764706,26,1,17,2.184804,43,0,0,97.666664,97.666664,212
891,2011,3,212,10.095238,48,1,21,2.3861508,149,101,0,134.66667,126.25,209
891,2011,4,209,12.294118,27,1,17,2.115147,212,43,0,190,142.8,273
891,2011,5,273,14.368421,62,1,19,2.1890352,209,149,0,231.33333,164.5,315
891,2011,6,315,15,50,1,21,2.142381,273,212,0,265.66666,200.16667,316
891,2011,7,316,19.75,72,1,16,2.21125,315,209,0,301.33334,245.66667,298
891,2011,8,298,15.684211,44,2,19,2.4205263,316,273,0,309.66666,270.5,165
891,2011,9,165,11.785714,36,1,14,2.3175,298,315,0,259.66666,262.66666,121
891,2011,10,121,8.066667,24,1,15,2.3481112,165,316,0,194.66667,248,94
891,2011,11,94,5.875,16,1,16,2.3326042,121,298,0,126.666664,218.16667,77
892,2011,1,188,10.444445,60,1,18,2.7013888,281,0,0,234.5,234.5,233
892,2011,2,233,12.944445,49,1,18,2.2575927,188,0,0,234,234,210
892,2011,3,210,9.545455,36,1,22,2.5229166,233,281,0,210.33333,228,289
892,2011,4,289,17,147,1,17,2.3066666,210,188,0,244,240.2,259
892,2011,5,259,11.26087,57,1,23,2.427355,289,233,0,252.66667,243.33333,370
892,2011,6,370,17.619047,145,1,21,2.533254,259,210,0,306,258.16666,166
892,2011,7,166,10.375,25,1,16,2.5785418,370,289,0,265,254.5,316
892,2011,8,316,15.047619,72,1,21,2.4101985,166,259,0,284,268.33334,258
892,2011,9,258,11.727273,37,1,22,2.4095833,316,370,0,246.66667,276.33334,725
892,2011,10,725,31.52174,384,1,23,2.645239,258,166,0,433,349,248
892,2011,11,248,10.782609,49,1,23,2.6783333,725,316,0,410.33334,347.16666,230
895,2011,1,47,2.9375,8,1,16,5.3771353,124,0,0,85.5,85.5,68
895,2011,2,68,4.5333333,24,1,15,5.3576665,47,0,0,79.666664,79.666664,94
895,2011,3,94,6.266667,13,1,15,4.5579557,68,124,0,69.666664,83.25,96
895,2011,4,96,6.4,42,1,15,4.863,94,47,0,86,85.8,109
895,2011,5,109,4.9545455,15,1,22,5.18903,96,68,0,99.666664,89.666664,114
895,2011,6,114,9.5,74,1,12,5.2644444,109,94,0,106.333336,88,297
895,2011,7,297,16.5,144,1,18,4.861111,114,96,0,173.33333,129.66667,126
895,2011,8,126,9.692307,44,1,13,4.616795,297,109,0,179,139.33333,108
895,2011,9,108,6,12,2,18,4.5744443,126,114,0,177,141.66667,138
895,2011,10,138,7.263158,32,1,19,4.391114,108,297,0,124,148.66667,177
895,2011,11,177,8.428572,25,1,21,5.189833,138,126,0,141,160,292
896,2011,1,28,2.3333333,6,1,12,3.39,40,0,0,34,34,8
896,2011,2,8,2,4,1,4,4.6775,28,0,0,25.333334,25.333334,29
896,2011,3,29,3.625,8,1,8,3.981875,8,40,0,21.666666,26.25,25
896,2011,4,25,3.125,4,1,8,4.6775,29,28,0,20.666666,26,76
896,2011,5,76,6.3333335,24,1,12,4.18375,25,8,0,43.333332,34.333332,25
896,2011,6,25,3.125,7,1,8,3.635,76,29,0,42,31.833334,52
896,2011,7,52,4,14,1,13,3.924487,25,25,0,51,35.833332,15
896,2011,8,15,3,4,1,5,4.9866667,52,76,0,30.666666,37,19
896,2011,9,19,2.7142856,12,1,7,5.34,15,25,0,28.666666,35.333332,50
896,2011,10,50,7.142857,35,1,7,4.015,19,52,0,28,39.5,25
896,2011,11,25,1.9230769,4,1,13,4.8915386,50,15,0,31.333334,31,6
897,2011,1,426,28.4,252,2,15,1.2856667,618,0,0,522,522,164
897,2011,2,164,16.4,26,1,10,1.371,426,0,0,402.66666,402.66666,703
897,2011,3,703,50.214287,240,3,14,1.394881,164,618,0,431,477.75,229
897,2011,4,229,20.818182,84,1,11,1.415,703,426,0,365.33334,428,652
897,2011,5,652,34.31579,276,3,19,1.2997369,229,164,0,528,465.33334,336
897,2011,6,336,22.4,60,1,15,1.4382222,652,703,0,405.66666,418.33334,438
897,2011,7,438,27.375,109,3,16,1.2878125,336,229,0,475.33334,420.33334,483
897,2011,8,483,32.2,240,1,15,1.3852222,438,652,0,419,473.5,820
897,2011,9,820,34.166668,110,1,24,1.4197361,483,336,0,580.3333,493,868
897,2011,10,868,37.739132,121,1,23,1.3880979,820,438,0,723.6667,599.5,1664
897,2011,11,1664,64,255,1,26,1.4661598,868,483,0,1117.3334,768.1667,478
898,2011,1,618,29.428572,252,1,21,1.4207143,2230,0,0,1424,1424,696
898,2011,2,696,40.941177,422,1,17,1.3393137,618,0,0,1181.3334,1181.3334,1392
898,2011,3,1392,66.28571,304,2,21,1.3507143,696,2230,0,902,1234,1265
898,2011,4,1265,79.0625,572,1,16,1.3229375,1392,618,0,1117.6666,1240.2,989
898,2011,5,989,47.095238,280,12,21,1.2716825,1265,696,0,1215.3334,1198.3334,920
898,2011,6,920,43.809525,264,1,21,1.464127,989,1392,0,1058,980,764
898,2011,7,764,31.833334,133,1,24,1.422257,920,1265,0,891,1004.3333,1953
898,2011,8,1953,102.789474,701,1,19,1.3394474,764,989,0,1212.3334,1213.8334,3020
898,2011,9,3020,116.15385,852,3,26,1.3351712,1953,920,0,1912.3334,1485.1666,3320
898,2011,10,3320,132.8,1566,12,25,1.3731594,3020,764,0,2764.3333,1827.6666,3644
898,2011,11,3644,202.44444,2158,1,18,1.8049874,3320,1953,0,3328,2270.1667,1122
899,2011,1,179,16.272728,96,1,11,0.6490909,159,0,0,169,169,369
899,2011,2,369,28.384615,60,1,13,0.48076922,179,0,0,235.66667,235.66667,1027
899,2011,3,1027,51.35,604,1,20,0.47305,369,159,0,525,433.5,105
899,2011,4,105,8.75,26,1,12,0.485,1027,179,0,500.33334,367.8,603
899,2011,5,603,37.6875,337,1,16,0.5571875,105,369,0,578.3333,407,279
899,2011,6,279,17.4375,72,1,16,0.47645834,603,1027,0,329,427,331
899,2011,7,331,16.55,48,1,20,0.52975,279,105,0,404.33334,452.33334,274
899,2011,8,274,15.222222,62,1,18,0.51592594,331,603,0,294.66666,436.5,576
899,2011,9,576,30.31579,336,1,19,0.5569737,274,279,0,393.66666,361.33334,373
899,2011,10,373,20.722221,49,1,18,0.5726852,576,331,0,407.66666,406,231
899,2011,11,231,10.5,50,1,22,0.5519015,373,274,0,393.33334,344,94
900,2011,1,474,47.4,288,1,10,0.4775,70,0,0,272,272,390
900,2011,2,390,65,291,1,6,0.61333334,474,0,0,311.33334,311.33334,284
900,2011,3,284,25.818182,72,1,11,0.43863636,390,70,0,382.66666,304.5,188
900,2011,4,188,23.5,48,7,8,0.47125,284,474,0,287.33334,281.2,343
900,2011,5,343,24.5,50,1,14,0.5127381,188,390,0,271.66666,291.5,342
900,2011,6,342,28.5,144,1,12,0.5134722,343,284,0,291,336.83334,483
900,2011,7,483,37.153847,337,1,13,0.47782052,342,188,0,389.33334,338.33334,98
900,2011,8,98,10.888889,24,1,9,0.5566667,483,343,0,307.66666,289.66666,647
900,2011,9,647,40.4375,312,1,16,0.4821875,98,342,0,409.33334,350.16666,558
900,2011,10,558,39.857143,312,1,14,0.44714287,647,483,0,434.33334,411.83334,216
900,2011,11,216,12,34,1,18,0.49592593,558,98,0,473.66666,390.66666,63
901,2011,1,448,40.727272,288,3,11,0.46666667,277,0,0,362.5,362.5,307
901,2011,2,307,30.7,144,1,10,0.6005,448,0,0,344,344,1259
901,2011,3,1259,69.94444,591,1,18,0.44,307,277,0,671.3333,572.75,245
901,2011,4,245,18.846153,48,1,13,0.4673077,1259,448,0,603.6667,507.2,751
901,2011,5,751,39.526318,298,1,19,0.5126491,245,307,0,751.6667,547.8333,1216
901,2011,6,1216,86.85714,578,1,14,0.5472024,751,1259,0,737.3333,704.3333,865
901,2011,7,865,50.882355,339,1,17,0.53137255,1216,245,0,944,773.8333,554
901,2011,8,554,34.625,241,1,16,0.5225,865,751,0,878.3333,815,392
901,2011,9,392,26.133333,99,4,15,0.43822223,554,1216,0,603.6667,670.5,366
901,2011,10,366,21.529411,72,1,17,0.44862744,392,865,0,437.33334,690.6667,425
901,2011,11,425,17,55,1,25,0.54957336,366,554,0,394.33334,636.3333,95
902,2011,1,6,2,3,1,3,7.95,10,0,0,8,8,37
902,2011,2,37,3.7,12,1,10,9.152,6,0,0,17.666666,17.666666,42
902,2011,3,42,4.6666665,12,1,9,8.692223,37,10,0,28.333334,23.75,177
902,2011,4,177,10.411765,55,1,17,8.565735,42,6,0,85.333336,54.4,297
902,2011,5,297,14.85,86,1,20,8.302,177,37,0,172,94.833336,131
902,2011,6,131,6.55,28,1,20,8.078167,297,42,0,201.66667,115,78
902,2011,7,78,5.571429,13,1,14,10.525714,131,177,0,168.66667,127,78
902,2011,8,78,6,13,1,13,8.4253845,78,297,0,95.666664,133.83333,11
902,2011,9,11,1.2222222,2,1,9,7.95,78,131,0,55.666668,128.66667,17
902,2011,10,17,2.4285715,6,1,7,11.67,11,78,0,35.333332,102,7
902,2011,11,7,1.4,2,1,5,11.422,17,78,0,11.666667,53.666668,8
903,2011,1,4,2,2,2,2,1.25,12,0,0,8,8,57
903,2011,2,57,9.5,12,2,6,1.25,4,0,0,24.333334,24.333334,46
903,2011,3,46,7.6666665,12,1,6,1.25,57,12,0,35.666668,29.75,57
903,2011,4,57,8.142858,34,1,7,1.25,46,4,0,53.333332,35.2,44
903,2011,5,44,6.285714,24,1,7,1.25,57,57,0,49,36.666668,69
903,2011,6,69,11.5,25,2,6,1.25,44,46,0,56.666668,46.166668,35
903,2011,7,35,8.75,12,1,4,1.25,69,57,0,49.333332,51.333332,37
903,2011,8,37,4.625,16,2,8,1.25,35,44,0,47,48,28
903,2011,9,28,9.333333,14,2,3,1.25,37,69,0,33.333332,45,9
903,2011,10,9,2.25,4,1,4,1.25,28,35,0,24.666666,37,1
903,2011,11,1,1,1,1,1,1.25,9,37,0,12.666667,29.833334,4
905,2011,1,21,5.25,12,2,4,1.25,24,0,0,22.5,22.5,75
905,2011,2,75,10.714286,24,1,7,1.25,21,0,0,40,40,12
905,2011,3,12,12,12,12,1,1.25,75,24,0,36,33,29
905,2011,4,29,7.25,24,1,4,1.25,12,21,0,38.666668,32.2,74
905,2011,5,74,6.7272725,17,3,11,1.25,29,75,0,38.333332,39.166668,85
905,2011,6,85,10.625,30,2,8,1.25,74,12,0,62.666668,49.333332,58
905,2011,7,58,5.2727275,12,1,11,1.25,85,29,0,72.333336,55.5,75
905,2011,8,75,6.818182,16,1,11,1.25,58,74,0,72.666664,55.5,87
905,2011,9,87,7.25,40,1,12,1.2341666,75,85,0,73.333336,68,33
905,2011,10,33,4.125,12,1,8,1.25,87,58,0,65,68.666664,39
905,2011,11,39,3.9,16,1,10,1.25,33,75,0,53,62.833332,11
906,2011,1,633,33.31579,116,1,19,2.6642857,751,0,0,692,692,721
906,2011,2,721,34.333332,202,2,21,2.5392063,633,0,0,701.6667,701.6667,1616
906,2011,3,1616,73.454544,534,1,22,2.5446692,721,751,0,990,930.25,635
906,2011,4,635,31.75,212,1,20,2.4392655,1616,633,0,990.6667,871.2,977
906,2011,5,977,44.409092,133,3,22,2.6314871,635,721,0,1076,888.8333,785
906,2011,6,785,39.25,130,2,20,2.3518333,977,1616,0,799,894.5,553
906,2011,7,553,24.043478,103,1,23,2.5594566,785,635,0,771.6667,881.1667,1087
906,2011,8,1087,45.291668,227,2,24,2.607882,553,977,0,808.3333,942.1667,1065
906,2011,9,1065,42.6,222,1,25,2.5213933,1087,785,0,901.6667,850.3333,583
906,2011,10,583,24.291666,144,1,24,2.679261,1065,553,0,911.6667,841.6667,765
906,2011,11,765,30.6,142,2,25,2.6702085,583,1087,0,804.3333,806.3333,302
907,2011,1,867,43.35,220,1,20,3.1424334,549,0,0,708,708,680
907,2011,2,680,30.90909,111,1,22,2.8833637,867,0,0,698.6667,698.6667,1963
907,2011,3,1963,78.52,435,1,25,2.5870466,680,549,0,1170,1014.75,483
907,2011,4,483,25.421053,123,1,19,2.6000314,1963,867,0,1042,908.4,1041
907,2011,5,1041,52.05,210,1,20,2.458961,483,680,0,1162.3334,930.5,942
907,2011,6,942,37.68,166,1,25,2.809307,1041,1963,0,822,996,942
907,2011,7,942,39.25,301,1,24,2.7275941,942,483,0,975,1008.5,1065
907,2011,8,1065,42.6,217,1,25,2.2323067,942,1041,0,983,1072.6666,822
907,2011,9,822,32.88,211,1,25,2.526573,1065,942,0,943,882.5,741
907,2011,10,741,32.217392,340,1,23,2.612678,822,942,0,876,925.5,717
907,2011,11,717,29.875,140,1,24,2.6990576,741,1065,0,760,871.5,195
908,2011,1,336,16.8,59,1,20,3.0952916,472,0,0,404,404,424
908,2011,2,424,21.2,109,2,20,2.6132917,336,0,0,410.66666,410.66666,599
908,2011,3,599,27.227272,172,1,22,2.304053,424,472,0,453,457.75,150
908,2011,4,150,10,33,1,15,2.765492,599,336,0,391,396.2,410
908,2011,5,410,19.52381,110,1,21,2.604864,150,424,0,386.33334,398.5,708
908,2011,6,708,35.4,210,2,20,2.8906107,410,599,0,422.66666,437.83334,450
908,2011,7,450,22.5,121,2,20,3.0213761,708,150,0,522.6667,456.83334,507
908,2011,8,507,23.045454,102,2,22,2.684356,450,410,0,555,470.66666,1181
908,2011,9,1181,51.347828,132,2,23,2.4961593,507,708,0,712.6667,567.6667,286
908,2011,10,286,13,41,2,22,2.6142423,1181,450,0,658,590.3333,629
908,2011,11,629,24.192308,110,1,26,2.6668658,286,507,0,698.6667,626.8333,298
909,2011,1,988,44.909092,175,1,22,2.9082532,585,0,0,786.5,786.5,1054
909,2011,2,1054,50.190475,205,1,21,2.649304,988,0,0,875.6667,875.6667,1282
909,2011,3,1282,55.739132,211,2,23,2.560236,1054,585,0,1108,977.25,626
909,2011,4,626,32.94737,108,6,19,2.4385996,1282,988,0,987.3333,907,1201
909,2011,5,1201,48.04,186,2,25,2.6412163,626,1054,0,1036.3334,956,1080
909,2011,6,1080,45,230,4,24,2.7651143,1201,1282,0,969,1038.5,1083
909,2011,7,1083,43.32,178,1,25,2.7699828,1080,626,0,1121.3334,1054.3334,1644
909,2011,8,1644,63.23077,157,2,26,2.3455193,1083,1201,0,1269,1152.6666,1293
909,2011,9,1293,49.73077,173,3,26,2.5356677,1644,1080,0,1340,1154.5,1278
909,2011,10,1278,49.153847,249,1,26,2.6373284,1293,1083,0,1405,1263.1666,1177
909,2011,11,1177,45.26923,226,7,26,2.430722,1278,1644,0,1249.3334,1259.1666,363
910,2011,1,62,12.4,50,1,5,4.006,13,0,0,37.5,37.5,19
910,2011,2,19,3.8,10,1,5,3.518,62,0,0,31.333334,31.333334,86
910,2011,3,86,6.6153846,15,1,13,3.1684616,19,13,0,55.666668,45,149
910,2011,4,149,8.764706,36,1,17,2.8683825,86,62,0,84.666664,65.8,740
910,2011,5,740,30.833334,201,1,24,1.8230644,149,19,0,325,178.16667,519
910,2011,6,519,24.714285,98,1,21,1.9170779,740,86,0,469.33334,262.5,387
910,2011,7,387,16.826086,60,2,23,1.8579503,519,149,0,548.6667,316.66666,311
910,2011,8,311,15.55,40,1,20,1.92275,387,740,0,405.66666,365.33334,101
910,2011,9,101,5.611111,13,1,18,1.92375,311,519,0,266.33334,367.83334,102
910,2011,10,102,4.6363635,17,1,22,1.9721591,101,387,0,171.33333,360,184
910,2011,11,184,8.363636,30,1,22,1.99425,102,311,0,129,267.33334,51
911,2011,1,57,14.25,50,1,4,3.56,44,0,0,50.5,50.5,33
911,2011,2,33,5.5,10,1,6,2.95,57,0,0,44.666668,44.666668,42
911,2011,3,42,3.8181818,5,1,11,2.95,33,44,0,44,44,149
911,2011,4,149,11.461538,56,1,13,2.5996153,42,57,0,74.666664,65,835
911,2011,5,835,34.791668,226,2,24,1.9150739,149,33,0,342,193.33333,547
911,2011,6,547,22.791666,102,1,24,1.876808,835,42,0,510.33334,277.16666,353
911,2011,7,353,16.045454,60,1,22,1.9208604,547,149,0,578.3333,326.5,251
911,2011,8,251,13.944445,32,1,18,1.9381944,353,835,0,383.66666,362.83334,96
911,2011,9,96,6,12,1,16,1.970625,251,547,0,233.33333,371.83334,84
911,2011,10,84,5.25,21,1,16,2.0634375,96,353,0,143.66667,361,132
911,2011,11,132,7.3333335,15,1,18,2.0175,84,251,0,104,243.83333,53
912,2011,1,192,10.666667,29,1,18,2.0818427,137,0,0,164.5,164.5,114
912,2011,2,114,8.142858,36,1,14,2.7042856,192,0,0,147.66667,147.66667,125
912,2011,3,125,9.615385,20,1,13,2.3753846,114,137,0,143.66667,142,124
912,2011,4,124,9.538462,40,1,13,2.4447691,125,192,0,121,138.4,121
912,2011,5,121,8.066667,26,1,15,2.624889,124,114,0,123.333336,135.5,283
912,2011,6,283,17.6875,106,1,16,2.256875,121,125,0,176,159.83333,250
912,2011,7,250,13.157895,34,1,19,1.9575438,283,124,0,218,169.5,108
912,2011,8,108,9,22,1,12,2.1941667,250,121,0,213.66667,168.5,172
912,2011,9,172,8.6,36,1,20,1.6644167,108,283,0,176.66667,176.33333,200
912,2011,10,200,9.523809,24,1,21,1.8885397,172,250,0,160,189,492
912,2011,11,492,20.5,120,2,24,1.8981687,200,108,0,288,250.83333,103
913,2011,1,405,18.40909,102,1,22,1.9033333,278,0,0,341.5,341.5,91
913,2011,2,91,5.352941,22,1,17,2.357451,405,0,0,258,258,153
913,2011,3,153,9.5625,30,1,16,2.384875,91,278,0,216.33333,231.75,94
913,2011,4,94,7.230769,20,1,13,2.3694873,153,405,0,112.666664,204.2,323
913,2011,5,323,21.533333,130,1,15,2.7261198,94,91,0,190,224,259
913,2011,6,259,11.772727,53,1,22,2.5803638,323,153,0,225.33333,220.83333,336
913,2011,7,336,16,59,1,21,2.1560953,259,94,0,306,209.33333,164
913,2011,8,164,9.111111,34,1,18,2.5866666,336,323,0,253,221.5,270
913,2011,9,270,13.5,36,1,20,2.067,164,259,0,256.66666,241,302
913,2011,10,302,15.1,54,2,20,1.9615,270,336,0,245.33333,275.66666,546
913,2011,11,546,21.84,60,1,25,1.9565829,302,164,0,372.66666,312.83334,172
914,2011,1,149,8.764706,51,1,17,4.372353,24,0,0,86.5,86.5,193
914,2011,2,193,12.866667,50,1,15,3.086,149,0,0,122,122,366
914,2011,3,366,17.428572,103,1,21,3.6087618,193,24,0,236,183,511
914,2011,4,511,25.55,70,5,20,3.2974286,366,149,0,356.66666,248.6,1211
914,2011,5,1211,50.458332,283,2,24,3.4486141,511,193,0,696,409,453
914,2011,6,453,20.59091,111,1,22,3.6621213,1211,366,0,725,480.5,431
914,2011,7,431,18.73913,139,1,23,3.5054493,453,511,0,698.3333,527.5,335
914,2011,8,335,18.61111,66,2,18,4.061926,431,1211,0,406.33334,551.1667,138
914,2011,9,138,10.615385,65,1,13,3.704359,335,453,0,301.33334,513.1667,93
914,2011,10,93,6.642857,51,1,14,3.8485715,138,431,0,188.66667,443.5,45
914,2011,11,45,3.4615386,10,1,13,4.042308,93,335,0,92,249.16667,38
921,2011,1,234,13,48,1,18,1.3558333,61,0,0,147.5,147.5,188
921,2011,2,188,15.666667,121,1,12,1.9983333,234,0,0,161,161,50
921,2011,3,50,8.333333,25,1,6,1.6197222,188,61,0,157.33333,133.25,30
921,2011,4,30,6,24,1,5,1.734,50,234,0,89.333336,112.6,64
921,2011,5,64,8,25,1,8,1.779375,30,188,0,48,104.5,23
921,2011,6,23,3.8333333,16,1,6,1.9558333,64,50,0,39,98.166664,5
921,2011,7,5,1.25,2,1,4,1.855,23,30,0,30.666666,60,1
921,2011,8,1,1,1,1,1,1.25,5,64,0,9.666667,28.833334,33
921,2011,9,33,5.5,12,1,6,1.855,1,23,0,13,26,56
921,2011,10,56,5.6,12,1,10,1.855,33,5,0,30,30.333334,61
921,2011,11,61,4.0666666,12,1,15,1.7071111,56,1,0,50,29.833334,7
922,2011,1,240,12.631579,78,1,19,1.5847895,57,0,0,148.5,148.5,27
922,2011,2,27,3.857143,12,1,7,1.8838096,240,0,0,108,108,64
922,2011,3,64,10.666667,36,1,6,1.4516667,27,57,0,110.333336,97,8
922,2011,4,8,1.6,3,1,5,1.734,64,240,0,33,79.2,29
922,2011,5,29,3.625,12,1,8,1.855,8,27,0,33.666668,70.833336,59
922,2011,6,59,6.5555553,37,1,9,1.7877778,29,64,0,32,71.166664,19
922,2011,7,19,3.1666667,12,1,6,1.855,59,8,0,35.666668,34.333332,22
922,2011,8,22,4.4,14,1,5,1.855,19,29,0,33.333332,33.5,18
922,2011,9,18,2.5714285,6,1,7,2.46,22,59,0,19.666666,25.833334,44
922,2011,10,44,4.4,12,1,10,2.0365,18,19,0,28,31.833334,49
922,2011,11,49,3.5,18,1,14,1.8838096,44,22,0,37,35.166668,5
923,2011,1,108,7.2,48,1,15,1.3695556,198,0,0,153,153,166
923,2011,2,166,20.75,120,1,8,1.5791667,108,0,0,157.33333,157.33333,45
923,2011,3,45,7.5,24,1,6,1.3172222,166,198,0,106.333336,129.25,7
923,2011,4,7,7,7,7,1,2.0566666,45,108,0,72.666664,104.8,38
923,2011,5,38,7.6,12,2,5,1.734,7,166,0,30,93.666664,56
923,2011,6,56,8,37,1,7,1.9414285,38,45,0,33.666668,70,44
923,2011,7,44,7.3333335,24,1,6,2.0566666,56,7,0,46,59.333332,2
923,2011,8,2,1,1,1,2,2.46,44,38,0,34,32,4
923,2011,9,4,1,1,1,4,2.46,2,56,0,16.666666,25.166666,71
923,2011,10,71,7.1,14,1,10,1.7138333,4,44,0,25.666666,35.833332,52
923,2011,11,52,4,14,1,13,1.8627564,71,2,0,42.333332,38.166668,10
924,2011,1,68,4,13,1,17,8.896667,59,0,0,63.5,63.5,62
924,2011,2,62,3.6470587,12,1,17,10.116765,68,0,0,63,63,58
924,2011,3,58,3.625,14,1,16,9.767187,62,59,0,62.666668,61.75,45
924,2011,4,45,3.75,15,1,12,7.825,58,68,0,55,58.4,138
924,2011,5,138,11.5,100,1,12,7.895,45,62,0,80.333336,71.666664,528
924,2011,6,528,48,303,1,11,8.104697,138,58,0,237,149.83333,44
924,2011,7,44,7.3333335,15,2,6,7.9591665,528,45,0,236.66667,145.83333,39
924,2011,8,39,3.25,20,1,12,10.137777,44,138,0,203.66667,142,117
924,2011,9,117,16.714285,101,1,7,10.064285,39,528,0,66.666664,151.83333,30
924,2011,10,30,3,10,1,10,8.6475,117,44,0,62,149.33333,28
924,2011,11,28,2.8,15,1,10,9.998,30,39,0,58.333332,131,14
925,2011,1,454,30.266666,144,1,15,0.37444445,337,0,0,395.5,395.5,116
925,2011,2,116,16.571428,29,1,7,0.40571427,454,0,0,302.33334,302.33334,2445
925,2011,3,2445,203.75,2184,6,12,0.28833333,116,337,0,1005,838,156
925,2011,4,156,22.285715,48,12,7,0.29,2445,454,0,905.6667,701.6,140
925,2011,5,140,20,51,2,7,0.36714286,156,116,0,913.6667,608,163
925,2011,6,163,20.375,48,1,8,0.3575,140,2445,0,153,579,268
925,2011,7,268,19.142857,49,1,14,0.32857144,163,156,0,190.33333,548,171
925,2011,8,171,17.1,64,1,10,0.398,268,140,0,200.66667,557.1667,304
925,2011,9,304,19,75,1,16,0.469375,171,163,0,247.66667,200.33333,404
925,2011,10,404,28.857143,125,1,14,0.5954762,304,268,0,293,241.66667,278
925,2011,11,278,15.444445,60,1,18,0.56681484,404,171,0,328.66666,264.66666,39
926,2011,1,53,13.25,36,1,4,1.8175,15,0,0,34,34,1
926,2011,2,1,1,1,1,1,2.46,53,0,0,23,23,57
926,2011,3,57,8.142858,18,1,7,1.7385714,1,15,0,37,31.5,18
926,2011,4,18,4.5,12,1,4,1.7025,57,53,0,25.333334,28.8,16
926,2011,5,16,5.3333335,12,2,3,1.6183333,18,1,0,30.333334,26.666666,36
926,2011,6,36,9,12,2,4,1.425,16,57,0,23.333334,30.166666,31
926,2011,7,31,3.4444444,12,1,9,1.2722223,36,18,0,27.666666,26.5,19
926,2011,8,19,6.3333335,13,1,3,1.7866666,31,16,0,28.666666,29.5,17
926,2011,9,17,5.6666665,12,1,3,1.45,19,36,0,22.333334,22.833334,14
926,2011,10,14,4.6666665,12,1,3,1.7866666,17,31,0,16.666666,22.166666,57
926,2011,11,57,8.142858,24,1,7,1.87,14,19,0,29.333334,29,1
928,2011,1,131,6.55,16,1,20,2.13325,72,0,0,101.5,101.5,124
928,2011,2,124,7.2941175,36,1,17,2.2794118,131,0,0,109,109,225
928,2011,3,225,12.5,29,1,18,2.0704167,124,72,0,160,138,173
928,2011,4,173,10.8125,24,1,16,1.869375,225,131,0,174,145,52
928,2011,5,52,4,12,1,13,2.4796154,173,124,0,150,129.5,262
928,2011,6,262,16.375,146,1,16,2.2401042,52,225,0,162.33333,161.16667,161
928,2011,7,161,8.473684,36,1,19,2.0391579,262,173,0,158.33333,166.16667,153
928,2011,8,153,10.2,36,1,15,2.062,161,52,0,192,171,339
928,2011,9,339,16.95,60,1,20,1.8912083,153,262,0,217.66667,190,193
928,2011,10,193,10.722222,36,1,18,1.7564815,339,161,0,228.33333,193.33333,276
928,2011,11,276,15.333333,52,1,18,2.0690556,193,153,0,269.33334,230.66667,58
929,2011,1,440,24.444445,57,1,18,0.5897222,738,0,0,589,589,736
929,2011,2,736,36.8,125,2,20,0.60670835,440,0,0,638,638,1202
929,2011,3,1202,50.083332,312,2,24,0.55430555,736,738,0,792.6667,779,1030
929,2011,4,1030,64.375,745,2,16,0.5578125,1202,440,0,989.3333,829.2,772
929,2011,5,772,36.761906,278,2,21,0.61419046,1030,736,0,1001.3333,819.6667,1249
929,2011,6,1249,56.772728,240,2,22,0.59708333,772,1202,0,1017,904.8333,1411
929,2011,7,1411,78.388885,721,1,18,0.62685186,1249,1030,0,1144,1066.6666,1523
929,2011,8,1523,69.22727,744,1,22,0.6348485,1411,772,0,1394.3334,1197.8334,1898
929,2011,9,1898,86.27273,607,2,22,0.5636829,1523,1249,0,1610.6666,1313.8334,474
929,2011,10,474,21.545454,100,1,22,0.7393182,1898,1411,0,1298.3334,1221.1666,761
929,2011,11,761,30.44,145,1,25,0.71473336,474,1523,0,1044.3334,1219.3334,106
930,2011,1,621,41.4,268,1,15,0.8476667,284,0,0,452.5,452.5,343
930,2011,2,343,24.5,157,1,14,0.9899524,621,0,0,416,416,594
930,2011,3,594,29.7,268,1,20,0.9201667,343,284,0,519.3333,460.5,266
930,2011,4,266,15.6470585,31,1,17,0.757451,594,621,0,401,421.6,317
930,2011,5,317,19.8125,75,1,16,0.7943229,266,343,0,392.33334,404.16666,819
930,2011,6,819,39,266,1,21,0.8265476,317,594,0,467.33334,493.33334,151
930,2011,7,151,7.9473686,48,1,19,0.98692983,819,266,0,429,415,680
930,2011,8,680,34,264,1,20,0.83716667,151,317,0,550,471.16666,401
930,2011,9,401,22.277779,74,1,18,0.6662037,680,819,0,410.66666,439,390
930,2011,10,390,19.5,96,1,20,0.68416667,401,151,0,490.33334,459.66666,272
930,2011,11,272,12.952381,52,1,21,0.8048413,390,680,0,354.33334,452.16666,92
931,2011,1,758,37.9,174,1,20,0.813275,1724,0,0,1241,1241,1540
931,2011,2,1540,77,504,3,20,0.76145834,758,0,0,1340.6666,1340.6666,2697
931,2011,3,2697,107.88,528,1,25,0.7549019,1540,1724,0,1665,1679.75,2545
931,2011,4,2545,121.190475,1046,1,21,0.66562414,2697,758,0,2260.6667,1852.8,4055
931,2011,5,4055,184.31818,2724,2,22,0.7823703,2545,1540,0,3099,2219.8333,1505
931,2011,6,1505,62.708332,444,1,24,0.80501044,4055,2697,0,2701.6667,2183.3333,2405
931,2011,7,2405,100.208336,624,1,24,0.6415972,1505,2545,0,2655,2457.8333,2283
931,2011,8,2283,108.71429,792,4,21,0.61280954,2405,4055,0,2064.3333,2581.6667,2261
931,2011,9,2261,94.208336,700,1,24,0.61918813,2283,1505,0,2316.3333,2509,1418
931,2011,10,1418,59.083332,674,1,24,0.661875,2261,2405,0,1987.3334,2321.1667,1428
931,2011,11,1428,54.923077,243,2,26,0.7153386,1418,2283,0,1702.3334,1883.3334,235
932,2011,1,479,34.214287,144,1,14,0.40285715,293,0,0,386,386,983
932,2011,2,983,61.4375,456,2,16,0.3675,479,0,0,585,585,350
932,2011,3,350,26.923077,62,2,13,0.4051282,983,293,0,604,526.25,639
932,2011,4,639,42.6,108,1,15,0.30666667,350,479,0,657.3333,548.8,1027
932,2011,5,1027,57.055557,480,2,18,0.31925926,639,983,0,672,628.5,212
932,2011,6,212,23.555555,72,4,9,0.38,1027,350,0,626,615,560
932,2011,7,560,40,121,1,14,0.35428572,212,639,0,599.6667,628.5,188
932,2011,8,188,15.666667,36,1,12,0.38,560,1027,0,320,496,671
932,2011,9,671,37.27778,96,1,18,0.4412963,188,212,0,473,549.5,869
932,2011,10,869,57.933334,432,12,15,0.41466665,671,560,0,576,587.8333,326
932,2011,11,326,17.157894,55,1,19,0.5150526,869,188,0,622,471,90
933,2011,1,422,38.363636,144,2,11,0.31454545,403,0,0,412.5,412.5,572
933,2011,2,572,63.555557,456,1,9,0.28611112,422,0,0,465.66666,465.66666,1210
933,2011,3,1210,86.42857,482,1,14,0.4247619,572,403,0,734.6667,651.75,420
933,2011,4,420,30,96,1,14,0.345,1210,422,0,734,605.4,726
933,2011,5,726,60.5,433,1,12,0.43458334,420,572,0,785.3333,625.5,40
933,2011,6,40,8,24,1,5,0.614,726,1210,0,395.33334,565,299
933,2011,7,299,29.9,63,1,10,0.3935,40,420,0,355,544.5,334
933,2011,8,334,27.833334,60,1,12,0.35,299,726,0,224.33333,504.83334,524
933,2011,9,524,27.578947,72,1,19,0.48982456,334,40,0,385.66666,390.5,212
933,2011,10,212,15.142858,53,1,14,0.5385714,524,299,0,356.66666,355.83334,252
933,2011,11,252,11.454545,54,1,22,0.6015152,212,334,0,329.33334,276.83334,68
934,2011,1,386,29.692308,144,1,13,0.5192308,587,0,0,486.5,486.5,1450
934,2011,2,1450,181.25,1296,1,8,0.364375,386,0,0,807.6667,807.6667,405
934,2011,3,405,23.82353,98,1,17,0.385,1450,587,0,747,707,1299
934,2011,4,1299,99.92308,888,2,13,0.28230768,405,386,0,1051.3334,825.4,833
934,2011,5,833,55.533333,456,5,15,0.28866667,1299,1450,0,845.6667,826.6667,226
934,2011,6,226,15.066667,48,1,15,0.47,833,405,0,786,766.5,270
934,2011,7,270,19.285715,60,1,14,0.44428572,226,1299,0,443,747.1667,381
934,2011,8,381,21.166666,48,1,18,0.3575,270,833,0,292.33334,569,402
934,2011,9,402,20.1,84,1,20,0.5185,381,226,0,351,568.5,330
934,2011,10,330,20.625,84,1,16,0.5449167,402,270,0,371,407,925
934,2011,11,925,38.541668,458,1,24,0.5808542,330,381,0,552.3333,422.33334,118
935,2011,1,176,25.142857,144,1,7,0.60142857,220,0,0,198,198,122
935,2011,2,122,20.333334,48,3,6,0.56,176,0,0,172.66667,172.66667,164
935,2011,3,164,20.5,48,2,8,0.29,122,220,0,154,170.5,161
935,2011,4,161,23,48,4,7,0.32857144,164,176,0,149,168.6,118
935,2011,5,118,13.111111,25,1,9,0.44,161,122,0,147.66667,160.16667,114
935,2011,6,114,12.666667,36,1,9,0.46555555,118,164,0,131,142.5,273
935,2011,7,273,27.3,124,1,10,0.317,114,161,0,168.33333,158.66667,177
935,2011,8,177,16.09091,24,1,11,0.29,273,118,0,188,167.83333,184
935,2011,9,184,26.285715,96,1,7,0.4242857,177,114,0,211.33333,171.16667,359
935,2011,10,359,29.916666,144,1,12,0.47333333,184,273,0,240,204.16667,177
935,2011,11,177,11.0625,37,1,16,0.50458336,359,177,0,240,214,56
936,2011,1,53,5.888889,24,1,9,0.6255556,242,0,0,147.5,147.5,642
936,2011,2,642,80.25,456,10,8,0.4225,53,0,0,312.33334,312.33334,570
936,2011,3,570,57,432,1,10,0.34,642,242,0,421.66666,376.75,135
936,2011,4,135,16.875,24,1,8,0.3575,570,53,0,449,328.4,171
936,2011,5,171,19,48,1,9,0.47,135,642,0,292,302.16666,191
936,2011,6,191,19.1,48,1,10,0.398,171,570,0,165.66667,293.66666,294
936,2011,7,294,24.5,101,1,12,0.38,191,135,0,218.66667,333.83334,230
936,2011,8,230,16.428572,48,2,14,0.3092857,294,171,0,238.33333,265.16666,507
936,2011,9,507,28.166666,96,1,18,0.42666668,230,191,0,343.66666,254.66667,255
936,2011,10,255,15,37,1,17,0.48058823,507,294,0,330.66666,274.66666,142
936,2011,11,142,6.7619047,26,1,21,0.6134921,255,230,0,301.33334,269.83334,41
937,2011,1,1404,61.04348,192,6,23,0.35228986,319,0,0,861.5,861.5,1825
937,2011,2,1825,114.0625,1308,1,16,0.353625,1404,0,0,1182.6666,1182.6666,436
937,2011,3,436,24.222221,49,3,18,0.375,1825,319,0,1221.6666,996,441
937,2011,4,441,33.923077,180,7,13,0.37205127,436,1404,0,900.6667,885,387
937,2011,5,387,21.5,60,1,18,0.41814816,441,1825,0,421.33334,802,767
937,2011,6,767,59,430,2,13,0.34923077,387,436,0,531.6667,876.6667,410
937,2011,7,410,24.117647,74,1,17,0.40117648,767,441,0,521.3333,711,802
937,2011,8,802,38.190475,251,1,21,0.3873016,410,387,0,659.6667,540.5,952
937,2011,9,952,52.88889,528,1,18,0.4372222,802,767,0,721.3333,626.5,467
937,2011,10,467,23.35,72,5,20,0.48166665,952,410,0,740.3333,630.8333,500
937,2011,11,500,22.727272,60,1,22,0.47,467,802,0,639.6667,649.6667,93
938,2011,1,212,30.285715,72,2,7,0.29,114,0,0,163,163,1469
938,2011,2,1469,133.54546,1296,1,11,0.28363636,212,0,0,598.3333,598.3333,200
938,2011,3,200,25,48,12,8,0.3575,1469,114,0,627,498.75,377
938,2011,4,377,26.928572,72,1,14,0.29,200,212,0,682,474.4,163
938,2011,5,163,16.3,25,1,10,0.398,377,1469,0,246.66667,422.5,149
938,2011,6,149,14.9,26,1,10,0.416,163,200,0,229.66667,428.33334,170
938,2011,7,170,24.285715,48,1,7,0.29,149,377,0,160.66667,421.33334,478
938,2011,8,478,31.866667,222,1,15,0.39533332,170,163,0,265.66666,256.16666,263
938,2011,9,263,17.533333,48,1,15,0.44955555,478,149,0,303.66666,266.66666,294
938,2011,10,294,26.727272,146,2,11,0.49666667,263,170,0,345,252.83333,144
938,2011,11,144,11.076923,36,1,13,0.53589743,294,478,0,233.66667,249.66667,34
939,2011,1,99,14.142858,36,2,7,0.65,59,0,0,79,79,378
939,2011,2,378,27,240,1,14,0.78571427,99,0,0,178.66667,178.66667,67
939,2011,3,67,8.375,14,1,8,0.65,378,59,0,181.33333,150.75,51
939,2011,4,51,7.285714,12,1,7,0.79,67,99,0,165.33333,130.8,292
939,2011,5,292,24.333334,216,1,12,0.80333334,51,378,0,136.66667,157.66667,241
939,2011,6,241,16.066668,122,1,15,0.7371111,292,67,0,194.66667,188,69
939,2011,7,69,9.857142,24,2,7,0.79,241,51,0,200.66667,183,135
939,2011,8,135,12.272727,24,3,11,0.7836364,69,292,0,148.33333,142.5,165
939,2011,9,165,10.3125,40,1,16,0.864375,135,241,0,123,158.83333,160
939,2011,10,160,10,24,1,16,0.8745833,165,69,0,153.33333,177,381
939,2011,11,381,29.307692,228,1,13,0.7207692,160,135,0,235.33333,191.83333,16
940,2011,1,298,33.11111,192,1,9,0.91333336,42,0,0,170,170,325
940,2011,2,325,23.214285,192,1,14,1.0021429,298,0,0,221.66667,221.66667,78
940,2011,3,78,9.75,24,2,8,0.85,325,42,0,233.66667,185.75,31
940,2011,4,31,6.2,12,1,5,1.162,78,298,0,144.66667,154.8,178
940,2011,5,178,11.866667,48,2,15,0.9626667,31,325,0,95.666664,158.66667,417
940,2011,6,417,26.0625,99,2,16,1.043125,178,78,0,208.66667,221.16667,174
940,2011,7,174,15.818182,96,2,11,1.02,417,31,0,256.33334,200.5,134
940,2011,8,134,14.888889,36,7,9,0.98,174,178,0,241.66667,168.66667,136
940,2011,9,136,8.5,24,1,16,1.06125,134,417,0,148,178.33333,156
940,2011,10,156,9.75,24,1,16,1.053125,136,174,0,142,199.16667,337
940,2011,11,337,30.636364,204,1,11,0.98227274,156,134,0,209.66667,225.66667,15
941,2011,1,153,9,40,1,17,1.1491176,155,0,0,154,154,349
941,2011,2,349,20.529411,192,1,17,1.1061765,153,0,0,219,219,247
941,2011,3,247,16.466667,96,1,15,1.1273333,349,155,0,249.66667,226,75
941,2011,4,75,8.333333,16,1,9,1.1533333,247,153,0,223.66667,195.8,105
941,2011,5,105,6.1764708,14,1,17,1.117647,75,349,0,142.33333,180.66667,387
941,2011,6,387,18.428572,108,1,21,1.1601429,105,247,0,189,219.33333,198
941,2011,7,198,11,29,1,18,1.174037,387,75,0,230,226.83333,185
941,2011,8,185,13.214286,24,2,14,0.9892857,198,105,0,256.66666,199.5,170
941,2011,9,170,8.5,30,1,20,1.006,185,387,0,184.33333,186.66667,169
941,2011,10,169,8.45,24,1,20,1.097,170,198,0,174.66667,202.33333,193
941,2011,11,193,10.157895,26,1,19,1.1373684,169,185,0,177.33333,217,26
942,2011,1,77,4.8125,10,1,16,2.536875,65,0,0,71,71,13
942,2011,2,13,1.625,3,1,8,2.551875,77,0,0,51.666668,51.666668,21
942,2011,3,21,2.3333333,4,1,9,2.4872222,13,65,0,37,44,23
942,2011,4,23,3.2857144,6,1,7,2.6,21,77,0,19,39.8,32
942,2011,5,32,2.6666667,8,1,12,2.596111,23,13,0,25.333334,38.5,285
942,2011,6,285,19,79,1,15,1.7503333,32,21,0,113.333336,75.166664,243
942,2011,7,243,10.125,27,1,24,1.8087847,285,23,0,186.66667,102.833336,68
942,2011,8,68,5.6666665,13,1,12,2.0314584,243,32,0,198.66667,112,159
942,2011,9,159,7.95,29,1,20,1.7440833,68,285,0,156.66667,135,252
942,2011,10,252,12,53,1,21,1.7781746,159,243,0,159.66667,173.16667,346
942,2011,11,346,13.84,34,2,25,1.7526686,252,68,0,252.33333,225.5,95
943,2011,1,46,3.0666666,10,1,15,2.4897778,24,0,0,35,35,6
943,2011,2,6,1.5,2,1,4,2.46,46,0,0,25.333334,25.333334,14
943,2011,3,14,1.75,3,1,8,2.52125,6,24,0,22,22.5,10
943,2011,4,10,1.6666666,5,1,6,2.5008333,14,46,0,10,20,18
943,2011,5,18,3.6,8,2,5,2.656,10,6,0,14,19.666666,69
943,2011,6,69,6.2727275,13,1,11,1.745,18,14,0,32.333332,27.166666,95
943,2011,7,95,5,14,1,19,1.8868421,69,10,0,60.666668,35.333332,91
943,2011,8,91,8.272727,17,1,11,1.635,95,18,0,85,49.5,56
943,2011,9,56,4,12,1,14,1.8117857,91,69,0,80.666664,56.5,44
943,2011,10,44,4,17,1,11,1.9833333,56,95,0,63.666668,62.166668,126
943,2011,11,126,5.7272725,22,1,22,1.6918334,44,91,0,75.333336,80.166664,36
945,2011,1,94,5.875,26,1,16,2.509375,68,0,0,81,81,28
945,2011,2,28,2.3333333,6,1,12,2.6233332,94,0,0,63.333332,63.333332,41
945,2011,3,41,2.9285715,7,1,14,2.6,28,68,0,54.333332,57.75,28
945,2011,4,28,3.5,7,1,8,2.64375,41,94,0,32.333332,51.8,55
945,2011,5,55,3.4375,14,1,16,2.613125,28,28,0,41.333332,52.333332,233
945,2011,6,233,12.944445,65,1,18,1.8830093,55,41,0,105.333336,79.833336,281
945,2011,7,281,12.217391,48,2,23,1.8637681,233,28,0,189.66667,111,144
945,2011,8,144,8.470589,33,1,17,1.8613876,281,55,0,219.33333,130.33333,204
945,2011,9,204,9.714286,28,1,21,1.7061508,144,233,0,209.66667,157.5,195
945,2011,10,195,8.863636,38,1,22,1.81375,204,281,0,181,185.33333,438
945,2011,11,438,16.846153,56,2,26,1.6906749,195,144,0,279,249.16667,134
948,2011,1,53,6.625,13,1,8,0.656875,104,0,0,78.5,78.5,143
948,2011,2,143,11.916667,36,1,12,0.6363889,53,0,0,100,100,149
948,2011,3,149,13.545455,24,1,11,0.55045456,143,104,0,115,112.25,87
948,2011,4,87,10.875,24,1,8,0.5225,149,53,0,126.333336,107.2,105
948,2011,5,105,9.545455,24,2,11,0.58772725,87,143,0,113.666664,106.833336,78
948,2011,6,78,9.75,36,1,8,0.625,105,149,0,90,102.5,100
948,2011,7,100,10,36,1,10,0.584,78,87,0,94.333336,110.333336,111
948,2011,8,111,15.857142,36,1,7,0.5371429,100,105,0,96.333336,105,103
948,2011,9,103,11.444445,24,2,9,0.57944447,111,78,0,104.666664,97.333336,41
948,2011,10,41,6.8333335,13,1,6,0.6591667,103,100,0,85,89.666664,129
948,2011,11,129,10.75,36,1,12,0.61930555,41,111,0,91,93.666664,15
949,2011,1,364,20.222221,85,1,18,0.57964814,164,0,0,264,264,328
949,2011,2,328,32.8,85,1,10,0.51533335,364,0,0,285.33334,285.33334,205
949,2011,3,205,34.166668,144,12,6,0.44416666,328,164,0,299,265.25,145
949,2011,4,145,12.083333,36,1,12,0.5566667,205,364,0,226,241.2,160
949,2011,5,160,22.857143,84,2,7,0.5328571,145,328,0,170,227.66667,167
949,2011,6,167,11.133333,36,1,15,0.5931111,160,205,0,157.33333,228.16667,136
949,2011,7,136,11.333333,37,1,12,0.6363889,167,145,0,154.33333,190.16667,110
949,2011,8,110,13.75,25,1,8,0.48833334,136,160,0,137.66667,153.83333,250
949,2011,9,250,15.625,37,1,16,0.59510416,110,167,0,165.33333,161.33333,163
949,2011,10,163,18.11111,52,2,9,0.5187037,250,136,0,174.33333,164.33333,203
949,2011,11,203,11.277778,96,1,18,0.69222224,163,110,0,205.33333,171.5,35
950,2011,1,244,30.5,86,2,8,0.4875,90,0,0,167,167,162
950,2011,2,162,20.25,72,1,8,0.591875,244,0,0,165.33333,165.33333,75
950,2011,3,75,12.5,24,1,6,0.5908333,162,90,0,160.33333,142.75,149
950,2011,4,149,12.416667,24,1,12,0.5225,75,244,0,128.66667,144,122
950,2011,5,122,12.2,36,1,10,0.502,149,162,0,115.333336,140.33333,325
950,2011,6,325,32.5,144,1,10,0.452,122,75,0,198.66667,179.5,139
950,2011,7,139,11.583333,24,1,12,0.5566667,325,149,0,195.33333,162,88
950,2011,8,88,11,24,1,8,0.548125,139,122,0,184,149.66667,69
950,2011,9,69,8.625,12,1,8,0.57375,88,325,0,98.666664,148.66667,257
950,2011,10,257,51.4,156,12,5,0.44133332,69,139,0,138,166.66667,109
950,2011,11,109,9.083333,48,1,12,0.6990278,257,88,0,145,164.5,18
951,2011,1,76,9.5,24,1,8,0.57875,52,0,0,64,64,174
951,2011,2,174,19.333334,73,1,9,0.5988889,76,0,0,100.666664,100.666664,56
951,2011,3,56,6.2222223,13,1,9,0.6933333,174,52,0,102,89.5,153
951,2011,4,153,11.769231,37,1,13,0.5619231,56,76,0,127.666664,102.2,249
951,2011,5,249,19.153847,108,1,13,0.53410256,153,174,0,152.66667,126.666664,112
951,2011,6,112,12.444445,36,1,9,0.57944447,249,56,0,171.33333,136.66667,175
951,2011,7,175,15.909091,37,1,11,0.5690909,112,153,0,178.66667,153.16667,182
951,2011,8,182,16.545454,73,1,11,0.4731818,175,249,0,156.33333,154.5,156
951,2011,9,156,15.6,36,12,10,0.42,182,112,0,171,171.16667,108
951,2011,10,108,8.307693,24,1,13,0.60923076,156,175,0,148.66667,163.66667,143
951,2011,11,143,10.214286,24,1,14,0.5957143,108,182,0,135.66667,146,20
952,2011,1,376,22.117647,75,1,17,0.5566667,103,0,0,239.5,239.5,302
952,2011,2,302,17.764706,49,2,17,0.53656864,376,0,0,260.33334,260.33334,486
952,2011,3,486,23.142857,156,1,21,0.5340476,302,103,0,388,316.75,303
952,2011,4,303,20.2,61,1,15,0.49744445,486,376,0,363.66666,314,465
952,2011,5,465,21.136364,120,1,22,0.494,303,302,0,418,339.16666,224
952,2011,6,224,14.933333,37,1,15,0.52477777,465,486,0,330.66666,359.33334,421
952,2011,7,421,18.304348,96,1,23,0.532029,224,303,0,370,366.83334,232
952,2011,8,232,21.09091,84,1,11,0.51045454,421,465,0,292.33334,355.16666,511
952,2011,9,511,28.38889,156,1,18,0.5189352,232,224,0,388,359.33334,392
952,2011,10,392,30.153847,144,12,13,0.46269232,511,421,0,378.33334,374.16666,477
952,2011,11,477,23.85,149,1,20,0.626575,392,232,0,460,376.16666,100
953,2011,1,223,18.583334,84,1,12,0.53194445,175,0,0,199,199,48
953,2011,2,48,24,24,24,2,0.42,223,0,0,148.66667,148.66667,172
953,2011,3,172,21.5,72,12,8,0.46375,48,175,0,147.66667,154.5,285
953,2011,4,285,21.923077,84,1,13,0.52282053,172,223,0,168.33333,180.6,246
953,2011,5,246,13.666667,36,1,18,0.5225,285,48,0,234.33333,191.5,434
953,2011,6,434,24.11111,72,1,18,0.5096759,246,172,0,321.66666,234.66667,215
953,2011,7,215,14.333333,48,1,15,0.6113333,434,285,0,298.33334,233.33333,306
953,2011,8,306,19.125,72,1,16,0.51875,215,246,0,318.33334,276.33334,331
953,2011,9,331,17.421053,48,1,19,0.4955263,306,434,0,284,302.83334,172
953,2011,10,172,15.636364,72,1,11,0.55045456,331,215,0,269.66666,284,406
953,2011,11,406,21.368422,72,1,19,0.5750877,172,306,0,303,310.66666,41
954,2011,1,718,37.789474,181,1,19,0.5763596,361,0,0,539.5,539.5,848
954,2011,2,848,47.11111,157,12,18,0.47675925,718,0,0,642.3333,642.3333,730
954,2011,3,730,38.42105,276,1,19,0.49957895,848,361,0,765.3333,664.25,534
954,2011,4,534,33.375,228,1,16,0.520625,730,718,0,704,638.2,726
954,2011,5,726,36.3,156,2,20,0.46011665,534,848,0,663.3333,652.8333,529
954,2011,6,529,24.045454,84,1,22,0.48113635,726,730,0,596.3333,680.8333,519
954,2011,7,519,21.625,48,5,24,0.53275,529,534,0,591.3333,647.6667,526
954,2011,8,526,29.222221,96,1,18,0.48981482,519,726,0,524.6667,594,817
954,2011,9,817,37.136364,144,4,22,0.49511364,526,529,0,620.6667,608.5,837
954,2011,10,837,39.857143,336,2,21,0.47734126,817,519,0,726.6667,659,676
954,2011,11,676,28.166666,99,1,24,0.5550278,837,526,0,776.6667,650.6667,364
956,2011,1,123,7.6875,24,1,16,0.424375,24,0,0,73.5,73.5,13
956,2011,2,13,6.5,12,1,2,0.625,123,0,0,53.333332,53.333332,39
956,2011,3,39,9.75,12,3,4,0.5225,13,24,0,58.333332,49.75,15
956,2011,4,15,15,15,15,1,0.7275,39,123,0,22.333334,42.8,26
956,2011,5,26,6.5,12,1,4,0.625,15,13,0,26.666666,40,33
956,2011,6,33,5.5,12,1,6,0.5566667,26,39,0,24.666666,41.5,80
956,2011,7,80,8,26,1,10,0.461,33,15,0,46.333332,34.333332,36
956,2011,8,36,12,12,12,3,0.42,80,26,0,49.666668,38.166668,26
956,2011,9,26,8.666667,12,2,3,0.5566667,36,33,0,47.333332,36,12
956,2011,10,12,12,12,12,1,0.42,26,80,0,24.666666,35.5,51
956,2011,11,51,6.375,12,1,8,0.67625,12,36,0,29.666666,39.666668,26
961,2011,1,306,16.105263,48,1,19,0.56473684,120,0,0,213,213,200
961,2011,2,200,13.333333,26,1,15,0.502,306,0,0,208.66667,208.66667,182
961,2011,3,182,26,72,1,7,0.5371429,200,120,0,229.33333,202,235
961,2011,4,235,21.363636,63,1,11,0.5535606,182,306,0,205.66667,208.6,500
961,2011,5,500,31.25,96,1,16,0.49161458,235,200,0,305.66666,257.16666,465
961,2011,6,465,21.136364,50,1,22,0.49982575,500,182,0,400,314.66666,372
961,2011,7,372,18.6,48,1,20,0.5600833,465,235,0,445.66666,325.66666,220
961,2011,8,220,20,96,1,11,0.49272728,372,500,0,352.33334,329,537
961,2011,9,537,25.571428,84,2,21,0.51013494,220,465,0,376.33334,388.16666,217
961,2011,10,217,19.727272,48,1,11,0.45727274,537,372,0,324.66666,385.16666,322
961,2011,11,322,18.941177,49,2,17,0.55747056,217,220,0,358.66666,355.5,301
965,2011,1,205,17.083334,61,1,12,3.5983334,495,0,0,350,350,462
965,2011,2,462,27.17647,98,2,17,3.6803725,205,0,0,387.33334,387.33334,261
965,2011,3,261,16.3125,55,1,16,3.5041146,462,495,0,309.33334,355.75,241
965,2011,4,241,26.777779,66,4,9,3.1337223,261,205,0,321.33334,332.8,290
965,2011,5,290,18.125,96,1,16,3.6642485,241,462,0,264,325.66666,434
965,2011,6,434,33.384617,146,1,13,3.8694415,290,261,0,321.66666,315.5,227
965,2011,7,227,16.214285,58,1,14,3.4539285,434,241,0,317,319.16666,222
965,2011,8,222,13.875,48,1,16,3.4644792,227,290,0,294.33334,279.16666,431
965,2011,9,431,19.59091,78,1,22,3.9131818,222,434,0,293.33334,307.5,405
965,2011,10,405,20.25,114,1,20,3.78525,431,227,0,352.66666,334.83334,644
965,2011,11,644,33.894737,186,3,19,3.2803948,405,222,0,493.33334,393.83334,57
969,2011,1,350,29.166666,75,25,12,0.42,175,0,0,262.5,262.5,350
969,2011,2,350,43.75,75,25,8,0.42,350,0,0,291.66666,291.66666,825
969,2011,3,825,58.92857,225,25,14,0.41714287,350,175,0,508.33334,425,302
969,2011,4,302,30.2,50,2,10,0.42,825,350,0,492.33334,400.4,450
969,2011,5,450,30,75,25,15,0.42,302,350,0,525.6667,408.66666,575
969,2011,6,575,38.333332,100,25,15,0.42,450,825,0,442.33334,475.33334,650
969,2011,7,650,50,225,25,13,0.41692308,575,302,0,558.3333,525.3333,275
969,2011,8,275,34.375,75,25,8,0.42,650,450,0,500,512.8333,550
969,2011,9,550,50,75,25,11,0.42,275,575,0,491.66666,467,1025
969,2011,10,1025,85.416664,450,25,12,0.41833332,550,650,0,616.6667,587.5,875
969,2011,11,875,54.6875,200,25,16,0.41625,1025,275,0,816.6667,658.3333,150
970,2011,1,175,35,75,25,5,0.42,25,0,0,100,100,175
970,2011,2,175,35,75,25,5,0.42,175,0,0,125,125,325
970,2011,3,325,81.25,225,25,4,0.41,175,25,0,225,175,100
970,2011,4,100,25,25,25,4,0.42,325,175,0,200,160,150
970,2011,5,150,30,50,25,5,0.42,100,175,0,191.66667,158.33333,200
970,2011,6,200,28.571428,50,25,7,0.42,150,325,0,150,187.5,175
970,2011,7,175,29.166666,50,25,6,0.42,200,100,0,175,187.5,200
970,2011,8,200,28.571428,50,25,7,0.42,175,150,0,191.66667,191.66667,200
970,2011,9,200,25,25,25,8,0.42,200,200,0,191.66667,170.83333,175
970,2011,10,175,35,75,25,5,0.42,200,175,0,191.66667,183.33333,275
970,2011,11,275,68.75,150,25,4,0.42,175,200,0,216.66667,204.16667,75
971,2011,1,225,32.142857,75,25,7,0.42,125,0,0,175,175,225
971,2011,2,225,32.142857,50,25,7,0.42,225,0,0,191.66667,191.66667,200
971,2011,3,200,28.571428,50,25,7,0.42,225,125,0,216.66667,193.75,475
971,2011,4,475,59.375,200,25,8,0.41,200,225,0,300,250,75
971,2011,5,75,25,25,25,3,0.42,475,225,0,250,220.83333,200
971,2011,6,200,33.333332,75,25,6,0.42,75,200,0,250,233.33333,375
971,2011,7,375,34.090908,50,25,11,0.42,200,475,0,216.66667,258.33334,375
971,2011,8,375,62.5,200,25,6,0.40666667,375,75,0,316.66666,283.33334,275
971,2011,9,275,34.375,50,25,8,0.42,375,200,0,341.66666,295.83334,325
971,2011,10,325,54.166668,150,25,6,0.42,275,375,0,325,270.83334,500
971,2011,11,500,45.454544,200,25,11,0.41454545,325,375,0,366.66666,341.66666,50
974,2011,1,50,25,25,25,2,0.42,75,0,0,62.5,62.5,25
974,2011,2,25,25,25,25,1,0.42,50,0,0,50,50,125
974,2011,3,125,41.666668,75,25,3,0.42,25,75,0,66.666664,68.75,50
974,2011,4,50,25,25,25,2,0.42,125,50,0,66.666664,65,50
974,2011,5,50,25,25,25,2,0.42,50,25,0,75,62.5,275
974,2011,6,275,91.666664,225,25,3,0.40666667,50,125,0,125,95.833336,150
974,2011,7,150,25,25,25,6,0.42,275,50,0,158.33333,112.5,100
974,2011,8,100,33.333332,50,25,3,0.42,150,50,0,175,125,100
974,2011,9,100,33.333332,50,25,3,0.42,100,275,0,116.666664,120.833336,150
974,2011,10,150,25,25,25,6,0.42,100,150,0,116.666664,137.5,50
974,2011,11,50,25,25,25,2,0.42,150,100,0,100,137.5,25
978,2011,1,86,6.6153846,32,1,13,2.4626923,73,0,0,79.5,79.5,76
978,2011,2,76,5.428571,14,1,14,2.4211905,86,0,0,78.333336,78.333336,231
978,2011,3,231,16.5,104,1,14,1.9309524,76,73,0,131,116.5,94
978,2011,4,94,9.4,25,3,10,2.0326667,231,86,0,133.66667,112,133
978,2011,5,133,8.3125,18,1,16,2.3589582,94,76,0,152.66667,115.5,92
978,2011,6,92,6.133333,19,1,15,2.5793333,133,231,0,106.333336,118.666664,55
978,2011,7,55,3.6666667,8,1,15,2.4335556,92,94,0,93.333336,113.5,23
978,2011,8,23,4.6,8,1,5,2.306,55,133,0,56.666668,104.666664,131
978,2011,9,131,18.714285,96,1,7,1.6214286,23,92,0,69.666664,88,31
978,2011,10,31,6.2,21,1,5,1.65,131,55,0,61.666668,77.5,82
978,2011,11,82,6.8333335,16,1,12,1.65,31,23,0,81.333336,69,270
979,2011,1,20,6.6666665,12,4,3,1.49,40,0,0,30,30,50
979,2011,2,50,8.333333,20,1,6,1.79,20,0,0,36.666668,36.666668,42
979,2011,3,42,8.4,24,1,5,1.49,50,40,0,37.333332,38,5
979,2011,4,5,2.5,4,1,2,2.39,42,20,0,32.333332,31.4,32
979,2011,5,32,6.4,16,2,5,1.85,5,50,0,26.333334,31.5,34
979,2011,6,34,11.333333,21,1,3,1.41,32,42,0,23.666666,30.5,68
979,2011,7,68,22.666666,60,4,3,1.41,34,5,0,44.666668,38.5,6
979,2011,8,6,3,4,2,2,2.39,68,32,0,36,31.166666,4
979,2011,9,4,4,4,4,1,1.49,6,34,0,26,24.833334,40
979,2011,10,40,20,36,4,2,1.49,4,68,0,16.666666,30.666666,67
979,2011,11,67,7.4444447,13,2,9,1.49,40,6,0,37,36.5,176
980,2011,1,130,13,48,3,10,1.556,218,0,0,174,174,160
980,2011,2,160,14.545455,96,1,11,1.959091,130,0,0,169.33333,169.33333,146
980,2011,3,146,10.428572,24,1,14,1.7471429,160,218,0,145.33333,163.5,130
980,2011,4,130,10,39,1,13,1.8361539,146,130,0,145.33333,156.8,117
980,2011,5,117,11.7,36,2,10,1.67,130,160,0,131,150.16667,83
980,2011,6,83,10.375,48,2,8,1.685,117,146,0,110,127.666664,52
980,2011,7,52,5.7777777,24,1,9,2.19,83,130,0,84,114.666664,47
980,2011,8,47,9.4,18,2,5,1.49,52,117,0,60.666668,95.833336,18
980,2011,9,18,4.5,12,1,4,1.94,47,83,0,39,74.5,44
980,2011,10,44,6.285714,12,1,7,2.0042858,18,52,0,36.333332,60.166668,139
980,2011,11,139,9.928572,48,1,14,1.8585714,44,47,0,67,63.833332,506
982,2011,1,34,3.7777777,12,1,9,9.627778,24,0,0,29,29,13
982,2011,2,13,2.1666667,4,1,6,13.5633335,34,0,0,23.666666,23.666666,35
982,2011,3,35,2.5,8,1,14,10.724286,13,24,0,27.333334,26.5,17
982,2011,4,17,2.4285715,4,1,7,11.498571,35,34,0,21.666666,24.6,98
982,2011,5,98,5.1578946,32,1,19,11.418947,17,13,0,50,36.833332,20
982,2011,6,20,2.5,6,1,8,13.3375,98,35,0,45,36.166668,47
982,2011,7,47,3.9166667,26,1,12,13.523056,20,17,0,55,38.333332,2
982,2011,8,2,2,2,2,1,9.95,47,98,0,23,36.5,5
982,2011,9,5,1.25,2,1,4,9.95,2,20,0,18,31.5,23
982,2011,10,23,2.875,8,1,8,9.95,5,47,0,10,32.5,45
982,2011,11,45,4.090909,12,1,11,9.686363,23,2,0,24.333334,23.666666,220
984,2011,1,19,3.8,6,1,5,4.086,25,0,0,22,22,28
984,2011,2,28,2.8,6,1,10,4.086,19,0,0,24,24,25
984,2011,3,25,3.5714285,7,2,7,3.3557143,28,25,0,24,24.25,15
984,2011,4,15,3,6,2,5,2.95,25,19,0,22.666666,22.4,77
984,2011,5,77,8.555555,36,2,9,3.3262963,15,28,0,39,31.5,18
984,2011,6,18,2,5,1,9,4.37,77,25,0,36.666668,30.333334,88
984,2011,7,88,6.285714,42,1,14,3.8342857,18,15,0,61,41.833332,47
984,2011,8,47,5.2222223,36,1,9,3.6944444,88,77,0,51,45,4
984,2011,9,4,2,2,2,2,4.37,47,18,0,46.333332,41.5,15
984,2011,10,15,1.875,6,1,8,4.015,4,88,0,22,41.5,27
984,2011,11,27,3.375,12,1,8,2.95,15,47,0,15.333333,33.166668,202
985,2011,1,72,8,24,1,9,2.254074,188,0,0,130,130,115
985,2011,2,115,7.1875,16,1,16,2.290625,72,0,0,125,125,165
985,2011,3,165,11.785714,25,1,14,2.040476,115,188,0,117.333336,135,77
985,2011,4,77,9.625,26,1,8,1.7441666,165,72,0,119,123.4,95
985,2011,5,95,6.785714,12,2,14,1.9428571,77,115,0,112.333336,118.666664,111
985,2011,6,111,11.1,57,1,10,1.862,95,165,0,94.333336,105.833336,94
985,2011,7,94,10.444445,26,1,9,2.1662962,111,77,0,100,109.5,40
985,2011,8,40,4.4444447,16,1,9,2.3788888,94,95,0,81.666664,97,65
985,2011,9,65,4.3333335,12,1,15,2.2513332,40,111,0,66.333336,80.333336,69
985,2011,10,69,4.3125,26,1,16,2.3675,65,94,0,58,79,234
985,2011,11,234,10.636364,40,1,22,2.265,69,40,0,122.666664,102.166664,409
987,2011,1,103,8.583333,24,1,12,1.6033334,12,0,0,57.5,57.5,27
987,2011,2,27,3.857143,10,1,7,1.7128571,103,0,0,47.333332,47.333332,179
987,2011,3,179,22.375,54,1,8,0.7525,27,12,0,103,80.25,344
987,2011,4,344,43,96,2,8,0.39,179,103,0,183.33333,133,286
987,2011,5,286,26,98,2,11,0.39,344,27,0,269.66666,158.5,220
987,2011,6,220,22,52,2,10,0.39,286,179,0,283.33334,193.16667,168
987,2011,7,168,24,50,2,7,0.39,220,344,0,224.66667,204,63
987,2011,8,63,15.75,48,3,4,0.39,168,286,0,150.33333,210,242
987,2011,9,242,20.166666,50,2,12,0.39,63,220,0,157.66667,220.5,184
987,2011,10,184,16.727272,54,2,11,0.39,242,168,0,163,193.83333,411
987,2011,11,411,31.615385,96,3,13,0.60192305,184,63,0,279,214.66667,16
988,2011,1,20,5,12,2,4,2.06,38,0,0,29,29,24
988,2011,2,24,3,4,1,8,2.06,20,0,0,27.333334,27.333334,40
988,2011,3,40,6.6666665,16,2,6,1.65,24,38,0,28,30.5,25
988,2011,4,25,8.333333,12,1,3,2.1966667,40,20,0,29.666666,29.4,11
988,2011,5,11,5.5,10,1,2,2.47,25,24,0,25.333334,26.333334,30
988,2011,6,30,7.5,12,2,4,1.65,11,40,0,22,25,14
988,2011,7,14,7,13,1,2,2.88,30,25,0,18.333334,24,68
988,2011,8,68,9.714286,36,1,7,2.09,14,11,0,37.333332,31.333334,7
988,2011,9,7,1.4,2,1,5,2.634,68,30,0,29.666666,25.833334,31
988,2011,10,31,4.428571,12,1,7,2.1185715,7,14,0,35.333332,26.833334,52
988,2011,11,52,8.666667,14,1,6,2.1966667,31,68,0,30,33.666668,52
989,2011,1,20,2.5,8,1,8,2.68875,23,0,0,21.5,21.5,9
989,2011,2,9,1.8,3,1,5,3.218,20,0,0,17.333334,17.333334,26
989,2011,3,26,2.6,6,1,10,2.146,9,23,0,18.333334,19.5,38
989,2011,4,38,12.666667,24,2,3,2.4766667,26,20,0,24.333334,23.2,13
989,2011,5,13,2.1666667,3,2,6,2.4066668,38,9,0,25.666666,21.5,20
989,2011,6,20,2.2222223,4,1,9,3.3033333,13,26,0,23.666666,21,44
989,2011,7,44,3.6666667,14,1,12,2.75,20,38,0,25.666666,25,3
989,2011,8,3,1,1,1,3,3.85,44,13,0,22.333334,24,32
989,2011,9,32,3.5555556,16,1,9,1.971111,3,20,0,26.333334,25,76
989,2011,10,76,8.444445,42,1,9,2.1055555,32,44,0,37,31.333334,56
989,2011,11,56,3.2941177,24,1,17,2.5503922,76,3,0,54.666668,38.5,171
990,2011,1,17,1.7,3,1,10,3.9,45,0,0,31,31,12
990,2011,2,12,2,4,1,6,3.3033333,17,0,0,24.666666,24.666666,27
990,2011,3,27,3.375,12,1,8,2.37,12,45,0,18.666666,25.25,4
990,2011,4,4,2,2,2,2,4.13,27,17,0,14.333333,21,10
990,2011,5,10,1.6666666,3,1,6,3.6433334,4,12,0,13.666667,19.166666,29
990,2011,6,29,3.625,8,1,8,3.585,10,27,0,14.333333,16.5,10
990,2011,7,10,2,3,1,5,3.7406666,29,4,0,16.333334,15.333333,5
990,2011,8,5,1.6666666,3,1,3,2.4766667,10,10,0,14.666667,14.166667,22
990,2011,9,22,2.75,7,1,8,3.145,5,29,0,12.333333,13.333333,41
990,2011,10,41,5.125,15,1,8,3.0083334,22,10,0,22.666666,19.5,75
990,2011,11,75,4.1666665,14,1,18,3.2822223,41,5,0,46,30.333334,119
991,2011,1,48,4.8,15,1,10,3.3694167,46,0,0,47,47,9
991,2011,2,9,1.5,3,1,6,4.9866667,48,0,0,34.333332,34.333332,16
991,2011,3,16,3.2,6,1,5,4.492,9,46,0,24.333334,29.75,12
991,2011,4,12,4,6,3,3,4.3683333,16,48,0,12.333333,26.2,6
991,2011,5,6,6,6,6,1,3.75,12,9,0,11.333333,22.833334,54
991,2011,6,54,13.5,36,6,4,3.66,6,16,0,24,24.166666,21
991,2011,7,21,5.25,12,1,4,4.12375,54,12,0,27,19.666666,87
991,2011,8,87,17.4,60,1,5,3.534,21,6,0,54,32.666668,54
991,2011,9,54,6,36,1,9,4.9466667,87,54,0,54,39,59
991,2011,10,59,7.375,28,1,8,3.9045832,54,21,0,66.666664,46.833332,529
991,2011,11,529,31.117647,235,1,17,4.707647,59,87,0,214,134,8
992,2011,1,21,2.625,6,1,8,3.43125,23,0,0,22,22,4
992,2011,2,4,1.3333334,2,1,3,3.75,21,0,0,16,16,26
992,2011,3,26,5.2,12,2,5,3.75,4,23,0,17,18.5,27
992,2011,4,27,4.5,8,2,6,3.75,26,21,0,19,20.2,1
992,2011,5,1,1,1,1,1,7.46,27,4,0,18,17,8
992,2011,6,8,4,6,2,2,3.75,1,26,0,12,14.5,1
992,2011,7,1,1,1,1,1,3.75,8,27,0,3.3333333,11.166667,8
992,2011,8,8,2.6666667,6,1,3,4.9866667,1,1,0,5.6666665,11.833333,48
992,2011,9,48,8,36,1,6,4.3083334,8,8,0,19,15.5,46
992,2011,10,46,5.111111,16,1,9,3.75,48,1,0,34,18.666666,508
992,2011,11,508,36.285713,244,1,14,3.4111905,46,8,0,200.66667,103.166664,9
993,2011,1,59,5.9,14,1,10,4.817167,94,0,0,76.5,76.5,80
993,2011,2,80,6.1538463,15,1,13,4.3207693,59,0,0,77.666664,77.666664,103
993,2011,3,103,11.444445,32,4,9,4.108889,80,94,0,80.666664,84,37
993,2011,4,37,5.285714,14,1,7,4.81,103,59,0,73.333336,74.6,89
993,2011,5,89,6.8461537,24,1,13,4.245513,37,80,0,76.333336,77,41
993,2011,6,41,5.125,12,1,8,4.6775,89,103,0,55.666668,68.166664,24
993,2011,7,24,3,5,1,8,5.14125,41,37,0,51.333332,62.333332,26
993,2011,8,26,6.5,10,4,4,3.75,24,89,0,30.333334,53.333332,15
993,2011,9,15,3,4,1,5,3.75,26,41,0,21.666666,38.666668,39
993,2011,10,39,6.5,12,3,6,3.75,15,24,0,26.666666,39,41
993,2011,11,41,5.857143,24,1,7,3.6985714,39,26,0,31.666666,31,206
995,2011,1,509,28.277779,111,1,18,1.0431019,331,0,0,420,420,15
995,2011,2,15,3,4,2,5,2.298,509,0,0,285,285,53
995,2011,3,53,5.3,14,1,10,2.218,15,331,0,192.33333,227,16
995,2011,4,16,5.3333335,14,1,3,2.325,53,509,0,28,184.8,21
995,2011,5,21,3,12,1,7,2.3442857,16,15,0,30,157.5,2
995,2011,6,2,1,1,1,2,2.46,21,53,0,13,102.666664,2
995,2011,7,2,1,1,1,2,2.055,2,16,0,8.333333,18.166666,42
995,2011,8,42,7,13,1,6,1.7883333,2,21,0,15.333333,22.666666,57
995,2011,9,57,4.071429,24,1,14,1.3646429,42,2,0,33.666668,23.333334,90
995,2011,10,90,5.625,20,1,16,1.4301041,57,2,0,63,35.666668,79
995,2011,11,79,3.7619047,13,1,21,1.3214285,90,42,0,75.333336,45.333332,186
997,2011,1,19,2.7142856,12,1,7,2.3542857,79,0,0,49,49,66
997,2011,2,66,8.25,24,1,8,2.1575,19,0,0,54.666668,54.666668,116
997,2011,3,116,9.666667,26,1,12,1.9891666,66,79,0,67,70,76
997,2011,4,76,9.5,24,2,8,1.95375,116,19,0,86,71.2,11
997,2011,5,11,1.8333334,3,1,6,2.19,76,66,0,67.666664,61.166668,20
997,2011,6,20,5,12,1,4,1.8525,11,116,0,35.666668,51.333332,31
997,2011,7,31,5.1666665,24,1,6,2.1966667,20,76,0,20.666666,53.333332,83
997,2011,8,83,9.222222,17,1,9,1.57,31,11,0,44.666668,56.166668,122
997,2011,9,122,6.4210525,26,1,19,1.3812281,83,20,0,78.666664,57.166668,131
997,2011,10,131,8.733334,34,1,15,1.3925556,122,31,0,112,66.333336,153
997,2011,11,153,6.12,32,1,25,1.4854,131,83,0,135.33333,90,353
998,2011,1,586,25.47826,155,2,23,2.4183333,747,0,0,666.5,666.5,553
998,2011,2,553,24.043478,159,1,23,2.310029,586,0,0,628.6667,628.6667,675
998,2011,3,675,25,68,1,27,2.1234279,553,747,0,604.6667,640.25,512
998,2011,4,512,25.6,159,1,20,2.0915,675,586,0,580,614.6,508
998,2011,5,508,23.09091,63,2,22,2.011,512,553,0,565,596.8333,439
998,2011,6,439,19.954546,56,1,22,1.9297229,508,675,0,486.33334,545.5,524
998,2011,7,524,21.833334,61,2,24,2.0624683,439,512,0,490.33334,535.1667,851
998,2011,8,851,37,187,2,23,2.0190434,524,508,0,604.6667,584.8333,1111
998,2011,9,1111,44.44,202,7,25,2.208689,851,439,0,828.6667,657.5,1212
998,2011,10,1212,46.615383,183,3,26,2.213315,1111,524,0,1058,774.1667,1178
998,2011,11,1178,45.307693,314,4,26,2.381901,1212,851,0,1167,885.8333,287
1000,2011,1,419,19.952381,120,1,21,2.0070634,56,0,0,237.5,237.5,99
1000,2011,2,99,6.6,17,1,15,1.9803889,419,0,0,191.33333,191.33333,141
1000,2011,3,141,8.8125,25,1,16,1.870625,99,56,0,219.66667,178.75,91
1000,2011,4,91,8.272727,22,1,11,2.0831819,141,419,0,110.333336,161.2,85
1000,2011,5,85,6.071429,26,1,14,2.2333333,91,99,0,105.666664,148.5,119
1000,2011,6,119,8.5,30,1,14,1.9992857,85,141,0,98.333336,159,139
1000,2011,7,139,9.928572,31,2,14,1.9692857,119,91,0,114.333336,112.333336,96
1000,2011,8,96,7.3846154,20,1,13,1.9519231,139,85,0,118,111.833336,91
1000,2011,9,91,7,26,1,13,2.1367307,96,119,0,108.666664,103.5,328
1000,2011,10,328,15.619047,156,1,21,2.1141071,91,139,0,171.66667,143,177
1000,2011,11,177,9.833333,29,2,18,2.0004444,328,96,0,198.66667,158.33333,70
1002,2011,1,17,4.25,10,1,4,2.2825,29,0,0,23,23,39
1002,2011,2,39,3.9,10,1,10,2.388,17,0,0,28.333334,28.333334,33
1002,2011,3,33,6.6,20,1,5,2.306,39,29,0,29.666666,29.5,62
1002,2011,4,62,10.333333,24,1,6,2.2877777,33,17,0,44.666668,36,37
1002,2011,5,37,6.1666665,12,1,6,2.47,62,39,0,44,36.166668,52
1002,2011,6,52,10.4,21,1,5,2.0873334,37,33,0,50.333332,40,62
1002,2011,7,62,5.6363635,12,1,11,2.2463636,52,62,0,50.333332,47.5,47
1002,2011,8,47,5.2222223,10,1,9,2.1966667,62,37,0,53.666668,48.833332,63
1002,2011,9,63,7.875,15,1,8,2.06,47,52,0,57.333332,53.833332,109
1002,2011,10,109,13.625,60,1,8,2.1625,63,62,0,73,61.666668,69
1002,2011,11,69,7.6666665,21,1,9,1.9688889,109,47,0,80.333336,67,35
1003,2011,1,130,9.285714,46,1,14,2.4511905,331,0,0,230.5,230.5,155
1003,2011,2,155,15.5,50,3,10,1.8686666,130,0,0,205.33333,205.33333,110
1003,2011,3,110,6.875,20,1,16,1.90625,155,331,0,131.66667,181.5,135
1003,2011,4,135,10.384615,24,1,13,1.7761538,110,130,0,133.33333,172.2,250
1003,2011,5,250,15.625,125,1,16,2.05375,135,155,0,165,185.16667,188
1003,2011,6,188,10.444445,30,1,18,1.7411112,250,110,0,191,161.33333,134
1003,2011,7,134,8.375,16,1,16,1.83,188,135,0,190.66667,162,176
1003,2011,8,176,11.733334,30,1,15,2.033111,134,250,0,166,165.5,319
1003,2011,9,319,15.95,130,1,20,1.8298334,176,188,0,209.66667,200.33333,268
1003,2011,10,268,14.888889,50,2,18,1.9111851,319,134,0,254.33333,222.5,403
1003,2011,11,403,16.791666,49,1,24,2.040639,268,176,0,330,248,114
1004,2011,1,204,11.333333,49,2,18,3.7522223,484,0,0,344,344,250
1004,2011,2,250,12.5,49,1,20,3.8535,204,0,0,312.66666,312.66666,436
1004,2011,3,436,22.947369,122,1,19,3.6264913,250,484,0,296.66666,343.5,353
1004,2011,4,353,17.65,49,1,20,3.4351666,436,204,0,346.33334,345.4,357
1004,2011,5,357,17,60,1,21,3.9715874,353,250,0,382,347.33334,384
1004,2011,6,384,19.2,83,1,20,3.5386,357,436,0,364.66666,330.66666,286
1004,2011,7,286,12.434783,64,1,23,3.914348,384,353,0,342.33334,344.33334,297
1004,2011,8,297,12.913043,52,1,23,3.981594,286,357,0,322.33334,352.16666,469
1004,2011,9,469,22.333334,80,3,21,3.4149842,297,384,0,350.66666,357.66666,304
1004,2011,10,304,14.476191,58,1,21,3.3730159,469,286,0,356.66666,349.5,653
1004,2011,11,653,26.12,84,1,25,3.6717334,304,297,0,475.33334,398.83334,181
1006,2011,1,14,4.6666665,6,2,3,2.95,20,0,0,17,17,30
1006,2011,2,30,3.75,6,1,8,2.95,14,0,0,21.333334,21.333334,117
1006,2011,3,117,16.714285,92,1,7,2.9214287,30,20,0,53.666668,45.25,57
1006,2011,4,57,9.5,40,1,6,3.08,117,14,0,68,47.6,27
1006,2011,5,27,3.375,13,1,8,3.0975,57,30,0,67,44.166668,78
1006,2011,6,78,9.75,46,1,8,2.9208333,27,117,0,54,53.833332,27
1006,2011,7,27,2.25,8,1,12,2.6641667,78,57,0,44,56,70
1006,2011,8,70,11.666667,40,1,6,2.8833334,27,27,0,58.333332,62.666668,51
1006,2011,9,51,6.375,12,1,8,2.95,70,78,0,49.333332,51.666668,18
1006,2011,10,18,3,10,1,6,4.37,51,27,0,46.333332,45.166668,28
1006,2011,11,28,4.6666665,12,1,6,3.8166666,18,70,0,32.333332,45.333332,11
1007,2011,1,24,3.4285715,10,1,7,5.9542856,2460,0,0,1242,1242,5
1007,2011,2,5,1.6666666,2,1,3,5.1233335,24,0,0,829.6667,829.6667,87
1007,2011,3,87,17.4,40,1,5,3.526,5,2460,0,38.666668,644,13
1007,2011,4,13,4.3333335,9,1,3,4.133333,87,24,0,35,517.8,17
1007,2011,5,17,8.5,13,4,2,5.29,13,5,0,39,434.33334,344
1007,2011,6,344,49.142857,320,1,7,4.7557144,17,87,0,124.666664,81.666664,383
1007,2011,7,383,27.357143,190,1,14,3.74,344,13,0,248,141.5,490
1007,2011,8,490,30.625,145,1,16,3.4677083,383,17,0,405.66666,222.33333,2106
1007,2011,9,2106,81,211,5,26,3.406808,490,344,0,993,558.8333,3429
1007,2011,10,3429,131.88461,743,13,26,3.3440752,2106,383,0,2008.3334,1128.1666,7908
1007,2011,11,7908,304.15384,1079,82,26,3.2224216,3429,490,0,4481,2443.3333,2089
1010,2011,1,70,6.3636365,42,1,11,3.6836364,10,0,0,40,40,128
1010,2011,2,128,8.533334,41,1,15,3.409111,70,0,0,69.333336,69.333336,148
1010,2011,3,148,8.222222,40,1,18,3.5192592,128,10,0,115.333336,89,132
1010,2011,4,132,9.428572,27,1,14,3.164245,148,70,0,136,97.6,274
1010,2011,5,274,16.117647,46,2,17,3.3779707,132,128,0,184.66667,127,200
1010,2011,6,200,10,79,1,20,3.6094,274,148,0,202,158.66667,143
1010,2011,7,143,11,57,1,13,3.6075642,200,132,0,205.66667,170.83333,83
1010,2011,8,83,6.3846154,19,1,13,3.425641,143,274,0,142,163.33333,101
1010,2011,9,101,7.214286,46,1,14,3.2307143,83,200,0,109,155.5,18
1010,2011,10,18,3,6,1,6,3.62,101,143,0,67.333336,136.5,111
1010,2011,11,111,7.928571,27,1,14,3.195,18,83,0,76.666664,109.333336,6
1011,2011,1,481,25.31579,83,1,19,3.6726315,143,0,0,312,312,408
1011,2011,2,408,20.4,65,1,20,3.4624476,481,0,0,344,344,662
1011,2011,3,662,27.583334,98,1,24,3.4555852,408,143,0,517,423.5,802
1011,2011,4,802,42.210526,114,1,19,3.572837,662,481,0,624,499.2,1523
1011,2011,5,1523,63.458332,229,5,24,3.761893,802,408,0,995.6667,669.8333,1016
1011,2011,6,1016,39.076923,147,1,26,3.4542308,1523,662,0,1113.6666,815.3333,809
1011,2011,7,809,35.173912,136,1,23,3.5935555,1016,802,0,1116,870,667
1011,2011,8,667,27.791666,130,2,24,3.6092777,809,1523,0,830.6667,913.1667,381
1011,2011,9,381,18.142857,47,1,21,3.9204762,667,1016,0,619,866.3333,233
1011,2011,10,233,12.263158,41,2,19,3.6549122,381,809,0,427,771.5,328
1011,2011,11,328,14.909091,50,1,22,3.559394,233,667,0,314,572.3333,111
1012,2011,1,89,22.25,72,1,4,1.6625,30,0,0,59.5,59.5,2
1012,2011,2,2,1,1,1,2,1.855,89,0,0,40.333332,40.333332,16
1012,2011,3,16,4,13,1,4,2.30875,2,30,0,35.666668,34.25,68
1012,2011,4,68,8.5,30,1,8,1.5020833,16,89,0,28.666666,41,48
1012,2011,5,48,24,36,12,2,0.835,68,2,0,44,42.166668,6
1012,2011,6,6,1.5,2,1,4,2.1575,48,16,0,40.666668,38.166668,265
1012,2011,7,265,22.083334,37,2,12,0.39,6,68,0,106.333336,67.5,316
1012,2011,8,316,26.333334,80,1,12,0.39,265,48,0,195.66667,119.833336,100
1012,2011,9,100,9.090909,38,1,11,0.6409091,316,6,0,227,133.83333,696
1012,2011,10,696,30.26087,360,1,23,0.615,100,265,0,370.66666,238.5,344
1012,2011,11,344,15.636364,108,1,22,0.7114773,696,316,0,380,287.83334,11
1015,2011,1,24,3.4285715,12,1,7,1.8585714,39,0,0,31.5,31.5,28
1015,2011,2,28,7,14,1,4,1.70375,24,0,0,30.333334,30.333334,22
1015,2011,3,22,2.75,8,1,8,1.855,28,39,0,24.666666,28.25,29
1015,2011,4,29,5.8,12,1,5,1.734,22,24,0,26.333334,28.4,79
1015,2011,5,79,13.166667,73,1,6,1.7858334,29,28,0,43.333332,36.833332,25
1015,2011,6,25,3.5714285,12,1,7,2.1142857,79,22,0,44.333332,34.5,280
1015,2011,7,280,18.666666,72,1,15,0.528,25,29,0,128,77.166664,320
1015,2011,8,320,24.615385,72,1,13,0.74826926,280,79,0,208.33333,125.833336,567
1015,2011,9,567,35.4375,360,1,16,0.950625,320,25,0,389,216.66667,175
1015,2011,10,175,10.9375,72,1,16,1.036875,567,280,0,354,241,527
1015,2011,11,527,27.736841,218,1,19,0.75678945,175,320,0,423,315.66666,57
1016,2011,1,37,18.5,36,1,2,1.76,415,0,0,226,226,3
1016,2011,2,3,1,1,1,3,1.6533333,37,0,0,151.66667,151.66667,6
1016,2011,3,6,6,6,6,1,1.25,3,415,0,15.333333,115.25,13
1016,2011,4,13,6.5,12,1,2,1.25,6,37,0,7.3333335,94.8,76
1016,2011,5,76,25.333334,72,1,3,1.3766667,13,3,0,31.666666,91.666664,2
1016,2011,6,2,1,1,1,2,1.855,76,6,0,30.333334,22.833334,128
1016,2011,7,128,18.285715,40,1,7,0.39,2,13,0,68.666664,38,33
1016,2011,8,33,8.25,12,1,4,0.605,128,76,0,54.333332,43,145
1016,2011,9,145,12.083333,72,1,12,0.9791667,33,2,0,102,66.166664,227
1016,2011,10,227,14.1875,144,1,16,1.0259376,145,128,0,135,101.833336,409
1016,2011,11,409,19.47619,242,1,21,0.7568651,227,33,0,260.33334,157.33333,156
1018,2011,1,19,4.75,12,1,4,2.1575,21,0,0,20,20,3
1018,2011,2,3,1.5,2,1,2,1.855,19,0,0,14.333333,14.333333,37
1018,2011,3,37,9.25,12,1,4,1.25,3,21,0,19.666666,20,6
1018,2011,4,6,1.5,2,1,4,1.5525,37,19,0,15.333333,17.2,3
1018,2011,5,3,1,1,1,3,1.25,6,3,0,15.333333,14.833333,6
1018,2011,6,6,1.5,2,1,4,1.25,3,37,0,5,12.333333,288
1018,2011,7,288,16,72,1,18,0.39,6,6,0,99,57.166668,225
1018,2011,8,225,20.454546,83,1,11,0.39,288,3,0,173,94.166664,112
1018,2011,9,112,8.615385,36,1,13,0.54923075,225,6,0,208.33333,106.666664,515
1018,2011,10,515,30.294117,360,1,17,0.54220587,112,288,0,284,191.5,152
1018,2011,11,152,8.444445,43,1,18,0.6775,515,225,0,259.66666,216.33333,223
1019,2011,1,32,4.571429,14,1,7,1.5957143,48,0,0,40,40,6
1019,2011,2,6,1.5,2,1,4,1.855,32,0,0,28.666666,28.666666,29
1019,2011,3,29,4.8333335,12,1,6,1.4516667,6,48,0,22.333334,28.75,24
1019,2011,4,24,6,12,1,4,1.855,29,32,0,19.666666,27.8,26
1019,2011,5,26,4.3333335,12,1,6,1.4516667,24,6,0,26.333334,27.5,9
1019,2011,6,9,1.2857143,2,1,7,1.7685714,26,29,0,19.666666,21,255
1019,2011,7,255,18.214285,76,1,14,0.6117857,9,24,0,96.666664,58.166668,196
1019,2011,8,196,17.818182,78,1,11,1.0486363,255,26,0,153.33333,89.833336,233
1019,2011,9,233,14.5625,42,1,16,0.519375,196,9,0,228,123.833336,847
1019,2011,10,847,56.466667,360,1,15,0.666,233,255,0,425.33334,261,226
1019,2011,11,226,16.142857,75,1,14,0.6082653,847,196,0,435.33334,294.33334,63
1020,2011,1,87,21.75,37,2,4,1.68,29,0,0,58,58,6
1020,2011,2,6,1.2,2,1,5,1.976,87,0,0,40.666668,40.666668,51
1020,2011,3,51,7.285714,19,1,7,1.5957143,6,29,0,48,43.25,18
1020,2011,4,18,6,12,1,3,1.3508333,51,87,0,25,38.2,2
1020,2011,5,2,2,2,2,1,1.25,18,6,0,23.666666,32.166668,10
1020,2011,6,10,2.5,6,1,4,1.25,2,51,0,10,29,212
1020,2011,7,212,13.25,38,1,16,0.5840625,10,18,0,74.666664,49.833332,270
1020,2011,8,270,16.875,82,1,16,0.778125,212,2,0,164,93.833336,173
1020,2011,9,173,15.727273,37,2,11,0.4840909,270,10,0,218.33333,114.166664,441
1020,2011,10,441,29.4,364,1,15,0.643,173,212,0,294.66666,184.66667,125
1020,2011,11,125,7.352941,41,1,17,0.85676473,441,270,0,246.33333,205.16667,22
1022,2011,1,77,12.833333,47,1,6,2.485,35,0,0,56,56,52
1022,2011,2,52,26,40,12,2,2.28,77,0,0,54.666668,54.666668,65
1022,2011,3,65,16.25,32,2,4,2.37,52,35,0,64.666664,57.25,50
1022,2011,4,50,25,36,14,2,2.155,65,77,0,55.666668,55.8,50
1022,2011,5,50,12.5,31,1,4,2.325,50,52,0,55,54.833332,54
1022,2011,6,54,13.5,35,1,4,2.28,50,65,0,51.333332,58,112
1022,2011,7,112,28,80,6,4,2.2175,54,50,0,72,63.833332,64
1022,2011,8,64,16,36,2,4,2.2175,112,50,0,76.666664,65.833336,68
1022,2011,9,68,17,40,2,4,2.37,64,54,0,81.333336,66.333336,693
1022,2011,10,693,138.6,648,2,5,1.794,68,112,0,275,173.5,102
1022,2011,11,102,12.75,45,2,8,2.2575,693,64,0,287.66666,182.16667,16
1025,2011,1,10,2,4,1,5,1.648,7,0,0,8.5,8.5,2
1025,2011,2,2,1,1,1,2,1.63,10,0,0,6.3333335,6.3333335,3
1025,2011,3,3,1.5,2,1,2,1.63,2,7,0,5,5.5,3
1025,2011,4,3,1.5,2,1,2,1.54,3,10,0,2.6666667,5,132
1025,2011,5,132,18.857143,96,1,7,1.38,3,2,0,46,26.166666,13
1025,2011,6,13,4.3333335,8,1,3,1.63,132,3,0,49.333332,27.166666,15
1025,2011,7,15,5,12,1,3,1.57,13,3,0,53.333332,28,4
1025,2011,8,4,4,4,4,1,1.63,15,132,0,10.666667,28.333334,31
1025,2011,9,31,6.2,20,1,5,1.63,4,13,0,16.666666,33,35
1025,2011,10,35,4.375,12,1,8,1.5625,31,15,0,23.333334,38.333332,22
1025,2011,11,22,2,6,1,11,1.5809091,35,4,0,29.333334,20,11
1026,2011,1,3,1.5,2,1,2,4.23,9,0,0,6,6,4
1026,2011,2,4,4,4,4,1,4.25,3,0,0,5.3333335,5.3333335,2
1026,2011,3,2,2,2,2,1,4.13,4,9,0,3,4.5,12
1026,2011,4,12,2.4,4,1,5,4.178,2,3,0,6,6,29
1026,2011,5,29,5.8,15,1,5,4.13,12,4,0,14.333333,9.833333,8
1026,2011,6,8,4,4,4,2,4.22,29,2,0,16.333334,9.666667,2
1026,2011,7,2,2,2,2,1,4.13,8,12,0,13,9.5,3
1026,2011,8,3,3,3,3,1,4.13,2,29,0,4.3333335,9.333333,4
1026,2011,9,4,1.3333334,2,1,3,4.17,3,8,0,3,9.666667,491
1026,2011,10,491,163.66667,480,1,3,3.07,4,2,0,166,89.5,4
1026,2011,11,4,4,4,4,1,4.13,491,3,0,166.33333,85.333336,3
1027,2011,1,5,1.6666666,3,1,3,4.9933333,9,0,0,7,7,3
1027,2011,2,3,1,1,1,3,4.96,5,0,0,5.6666665,5.6666665,7
1027,2011,3,7,2.3333333,4,1,3,4.96,3,9,0,5,6,6
1027,2011,4,6,3,4,2,2,5.855,7,5,0,5.3333335,6,16
1027,2011,5,16,5.3333335,12,1,3,5.886667,6,3,0,9.666667,7.6666665,4
1027,2011,6,4,4,4,4,1,6.75,16,7,0,8.666667,6.8333335,4
1027,2011,7,4,1.3333334,2,1,3,4.96,4,6,0,8,6.6666665,13
1027,2011,8,13,6.5,12,1,2,6.35,4,16,0,7,8.333333,8
1027,2011,9,8,8,8,8,1,4.96,13,4,0,8.333333,8.5,251
1027,2011,10,251,41.833332,240,1,6,4.805,8,4,0,90.666664,49.333332,14
1027,2011,11,14,2,4,1,7,5.1014285,251,13,0,91,49,9
1028,2011,1,18,2.5714285,6,1,7,5.3628573,83,0,0,50.5,50.5,16
1028,2011,2,16,3.2,8,1,5,5.234,18,0,0,39,39,9
1028,2011,3,9,2.25,6,1,4,5.9141665,16,83,0,14.333333,31.5,13
1028,2011,4,13,3.25,4,1,4,4.6775,9,18,0,12.666667,27.8,8
1028,2011,5,8,4,4,4,2,3.75,13,16,0,10,24.5,6
1028,2011,6,6,2,4,1,3,6.2233334,8,9,0,9,11.666667,6
1028,2011,7,6,2,4,1,3,4.9866667,6,13,0,6.6666665,9.666667,11
1028,2011,8,11,2.75,4,1,4,4.505,6,8,0,7.6666665,8.833333,56
1028,2011,9,56,3.1111112,15,1,18,3.3666666,11,6,0,24.333334,16.666666,71
1028,2011,10,71,5.071429,16,1,14,3.565238,56,6,0,46,26.333334,162
1028,2011,11,162,7.0434785,17,1,23,3.8702536,71,11,0,96.333336,52,135
1030,2011,1,28,3.5,16,1,8,5.11625,252,0,0,140,140,89
1030,2011,2,89,9.888889,65,1,9,5.585,28,0,0,123,123,31
1030,2011,3,31,3.4444444,9,1,9,6.0172224,89,252,0,49.333332,100,61
1030,2011,4,61,12.2,33,1,5,4.791,31,28,0,60.333332,92.2,319
1030,2011,5,319,26.583334,158,1,12,5.5059724,61,89,0,137,130,66
1030,2011,6,66,4.714286,16,1,14,5.1560717,319,31,0,148.66667,99,56
1030,2011,7,56,5.090909,40,1,11,6.954091,66,61,0,147,103.666664,45
1030,2011,8,45,4.5,16,1,10,6.1255,56,319,0,55.666668,96.333336,120
1030,2011,9,120,10,41,1,12,5.766111,45,66,0,73.666664,111.166664,162
1030,2011,10,162,9,33,1,18,4.7982407,120,56,0,109,128,248
1030,2011,11,248,10.333333,27,1,24,5.599476,162,45,0,176.66667,116.166664,165
1031,2011,1,157,9.235294,24,1,17,4.378088,295,0,0,226,226,25
1031,2011,2,25,3.125,7,1,8,5.311875,157,0,0,159,159,19
1031,2011,3,19,2.1111112,6,1,9,5.2777777,25,295,0,67,124,5
1031,2011,4,5,2.5,4,1,2,5.005,19,157,0,16.333334,100.2,3
1031,2011,5,3,1,1,1,3,7.46,5,25,0,9,84,9
1031,2011,6,9,3,6,1,3,4.1866665,3,19,0,5.6666665,36.333332,9
1031,2011,7,9,2.25,6,1,4,5.005,9,5,0,7,11.666667,57
1031,2011,8,57,5.181818,24,1,11,4.7818184,9,3,0,25,17,77
1031,2011,9,77,5.5,13,1,14,3.807143,57,9,0,47.666668,26.666666,134
1031,2011,10,134,6.7,16,1,20,3.5255,77,9,0,89.333336,48.166668,277
1031,2011,11,277,11.08,46,3,25,3.4668715,134,57,0,162.66667,93.833336,106
1032,2011,1,327,16.35,82,1,20,7.2893167,958,0,0,642.5,642.5,37
1032,2011,2,37,2.8461537,6,1,13,6.2015386,327,0,0,440.66666,440.66666,13
1032,2011,3,13,1.625,3,1,8,7.818125,37,958,0,125.666664,333.75,11
1032,2011,4,11,2.75,4,1,4,6.41,13,327,0,20.333334,269.2,75
1032,2011,5,75,8.333333,30,1,9,6.733889,11,37,0,33,236.83333,39
1032,2011,6,39,6.5,24,1,6,6.085,75,13,0,41.666668,83.666664,134
1032,2011,7,134,16.75,75,1,8,5.54875,39,11,0,82.666664,51.5,145
1032,2011,8,145,9.0625,33,2,16,5.2154374,134,75,0,106,69.5,1088
1032,2011,9,1088,41.846153,555,1,26,5.3851795,145,39,0,455.66666,248.66667,442
1032,2011,10,442,17,45,4,26,5.545843,1088,134,0,558.3333,320.5,990
1032,2011,11,990,38.076923,125,6,26,5.7193604,442,145,0,840,473,407
1033,2011,1,174,9.666667,32,1,18,6.742824,1230,0,0,702,702,96
1033,2011,2,96,7.3846154,31,1,13,7.856923,174,0,0,500,500,53
1033,2011,3,53,3.7857144,8,1,14,8.52631,96,1230,0,107.666664,388.25,50
1033,2011,4,50,4.1666665,24,1,12,8.055417,53,174,0,66.333336,320.6,91
1033,2011,5,91,7,27,1,13,8.554615,50,96,0,64.666664,282.33334,110
1033,2011,6,110,9.166667,52,1,12,7.395,91,53,0,83.666664,95.666664,196
1033,2011,7,196,10.315789,74,1,19,6.8955264,110,50,0,132.33333,99.333336,253
1033,2011,8,253,15.8125,75,1,16,6.6595836,196,91,0,186.33333,125.5,755
1033,2011,9,755,30.2,124,3,25,5.458822,253,110,0,401.33334,242.5,839
1033,2011,10,839,32.26923,119,1,26,5.6257606,755,196,0,615.6667,374,1603
1033,2011,11,1603,61.653847,131,10,26,5.6122985,839,253,0,1065.6666,626,575
1034,2011,1,346,15.727273,46,1,22,3.7700908,634,0,0,490,490,98
1034,2011,2,98,7,23,1,14,4.324762,346,0,0,359.33334,359.33334,10
1034,2011,3,10,2.5,4,2,4,4.78125,98,634,0,151.33333,272,39
1034,2011,4,39,7.8,24,2,5,3.75,10,346,0,49,225.4,37
1034,2011,5,37,5.285714,12,1,7,4.928571,39,98,0,28.666666,194,38
1034,2011,6,38,5.428571,18,1,7,3.75,37,10,0,38,94.666664,63
1034,2011,7,63,7.875,36,1,8,4.2725,38,39,0,46,47.5,148
1034,2011,8,148,9.25,59,1,16,4.4640627,63,37,0,83,55.833332,458
1034,2011,9,458,19.083334,79,2,24,4.1657043,148,38,0,223,130.5,551
1034,2011,10,551,23.956522,271,3,23,4.4831934,458,63,0,385.66666,215.83333,682
1034,2011,11,682,26.23077,67,3,26,4.6027746,551,148,0,563.6667,323.33334,127
1036,2011,1,27,2.7,6,1,10,4.098,40,0,0,33.5,33.5,36
1036,2011,2,36,4,15,1,9,4.0544443,27,0,0,34.333332,34.333332,87
1036,2011,3,87,8.7,20,2,10,3.1156666,36,40,0,50,47.5,44
1036,2011,4,44,3.6666667,12,1,12,3.745,87,27,0,55.666668,46.8,15
1036,2011,5,15,2.142857,6,1,7,4.167143,44,36,0,48.666668,41.5,19
1036,2011,6,19,3.1666667,12,1,6,2.95,15,87,0,26,38,311
1036,2011,7,311,20.733334,60,3,15,1.0286666,19,44,0,115,85.333336,197
1036,2011,8,197,16.416666,63,1,12,1.2066667,311,15,0,175.66667,112.166664,221
1036,2011,9,221,13,36,1,17,1.3292156,197,19,0,243,134.5,275
1036,2011,10,275,15.277778,125,1,18,2.04,221,311,0,231,173,204
1036,2011,11,204,8.5,37,1,24,1.9358333,275,197,0,233.33333,204.5,73
1037,2011,1,38,4.2222223,13,1,9,2.0916667,38,0,0,38,38,29
1037,2011,2,29,7.25,24,1,4,1.765,38,0,0,35,35,7
1037,2011,3,7,1.1666666,2,1,6,1.85,29,38,0,24.666666,28,9
1037,2011,4,9,1.8,4,1,5,1.63,7,38,0,15,24.2,9
1037,2011,5,9,1.5,3,1,6,2.4,9,29,0,8.333333,21.666666,12
1037,2011,6,12,1.7142857,6,1,7,2.1957142,9,7,0,10,17.333334,96
1037,2011,7,96,6.857143,13,1,14,1.11,12,9,0,39,27,99
1037,2011,8,99,9,48,1,11,0.99363637,96,9,0,69,38.666668,97
1037,2011,9,97,6.4666667,13,1,15,1.028,99,12,0,97.333336,53.666668,35
1037,2011,10,35,3.5,12,1,10,1.014,97,96,0,77,58,93
1037,2011,11,93,5.470588,25,1,17,1.1029412,35,99,0,75,72,13
1038,2011,1,102,6,60,1,17,2.1094117,44,0,0,73,73,49
1038,2011,2,49,5.4444447,24,1,9,2.7166667,102,0,0,65,65,8
1038,2011,3,8,2.6666667,6,1,3,2.95,49,44,0,53,50.75,22
1038,2011,4,22,3.142857,8,1,7,2.95,8,102,0,26.333334,45,4
1038,2011,5,4,1.3333334,2,1,3,2.95,22,49,0,11.333333,38.166668,15
1038,2011,6,15,2.5,6,1,6,2.95,4,8,0,13.666667,33.333332,10
1038,2011,7,10,5,9,1,2,2.95,15,22,0,9.666667,18,249
1038,2011,8,249,124.5,248,1,2,3.075,10,4,0,91.333336,51.333332,785
1038,2011,9,785,87.22222,754,1,9,3.5996296,249,15,0,348,180.83333,15
1038,2011,10,15,5,12,1,3,2.95,785,10,0,349.66666,179.66667,12
1038,2011,11,12,2,6,1,6,4.37,15,249,0,270.66666,181,5
1040,2011,1,3,1.5,2,1,2,10.54,32,0,0,17.5,17.5,3
1040,2011,2,3,3,3,3,1,6.95,3,0,0,12.666667,12.666667,22
1040,2011,3,22,5.5,12,2,4,6.8,3,32,0,9.333333,15,6
1040,2011,4,6,3,3,3,2,6.95,22,3,0,10.333333,13.2,6
1040,2011,5,6,3,4,2,2,6.95,6,3,0,11.333333,12,8
1040,2011,6,8,2,3,1,4,6.95,6,22,0,6.6666665,8,13
1040,2011,7,13,6.5,12,1,2,6.65,8,6,0,9,9.666667,25
1040,2011,8,25,5,12,2,5,6.83,13,6,0,15.333333,13.333333,28
1040,2011,9,28,2.3333333,4,1,12,6.95,25,8,0,22,14.333333,37
1040,2011,10,37,2.8461537,6,1,13,6.95,28,13,0,30,19.5,31
1040,2011,11,31,2.5833333,8,1,12,7.6979165,37,25,0,32,23.666666,137
1041,2011,1,54,3.375,24,1,16,13.115625,23,0,0,38.5,38.5,56
1041,2011,2,56,4,12,1,14,11.991428,54,0,0,44.333332,44.333332,20
1041,2011,3,20,2.857143,6,1,7,11.38,56,23,0,43.333332,38.25,42
1041,2011,4,42,3.8181818,7,1,11,10.86,20,54,0,39.333332,39,63
1041,2011,5,63,4.5,12,1,14,9.742857,42,56,0,41.666668,43,59
1041,2011,6,59,4.214286,13,1,14,11.582143,63,20,0,54.666668,49,39
1041,2011,7,39,3.25,12,1,12,10.663333,59,42,0,53.666668,46.5,29
1041,2011,8,29,3.625,12,1,8,9.76875,39,63,0,42.333332,42,26
1041,2011,9,26,2.1666667,7,1,12,9.95,29,59,0,31.333334,43,28
1041,2011,10,28,2.8,9,1,10,10.951,26,39,0,27.666666,40.666668,81
1041,2011,11,81,5.0625,25,1,16,10.424583,28,29,0,45,43.666668,6
1043,2011,1,6,1.2,2,1,5,5.218,16,0,0,11,11,2
1043,2011,2,2,2,2,2,1,4.96,6,0,0,8,8,33
1043,2011,3,33,5.5,12,2,6,2.3133333,2,16,0,13.666667,14.25,35
1043,2011,4,35,7,12,1,5,2.822,33,6,0,23.333334,18.4,42
1043,2011,5,42,8.4,14,1,5,2.822,35,2,0,36.666668,22.333334,21
1043,2011,6,21,2.625,12,1,8,2.7675,42,33,0,32.666668,23.166666,60
1043,2011,7,60,10,36,1,6,2.3133333,21,35,0,41,32.166668,30
1043,2011,8,30,6,24,1,5,2.822,60,42,0,37,36.833332,41
1043,2011,9,41,3.7272727,12,1,11,2.841818,30,21,0,43.666668,38.166668,57
1043,2011,10,57,5.181818,12,1,11,2.8087878,41,60,0,42.666668,41.833332,54
1043,2011,11,54,3.6,24,1,15,3.476,57,30,0,50.666668,43.833332,112
1048,2011,1,36,18,24,12,2,0.785,30,0,0,33,33,144
1048,2011,2,144,28.8,60,12,5,0.85,36,0,0,70,70,204
1048,2011,3,204,51,120,24,4,0.8175,144,30,0,128,103.5,85
1048,2011,4,85,21.25,42,1,4,2.71,204,36,0,144.33333,99.8,168
1048,2011,5,168,42,120,12,4,0.8175,85,144,0,152.33333,111.166664,31
1048,2011,6,31,7.75,12,1,4,2.71,168,204,0,94.666664,111.333336,18
1048,2011,7,18,18,18,18,1,0.85,31,85,0,72.333336,108.333336,34
1048,2011,8,34,8.5,12,2,4,1.655,18,168,0,27.666666,90,46
1048,2011,9,46,3.8333333,9,1,12,2.46,34,31,0,32.666668,63.666668,81
1048,2011,10,81,6.75,26,1,12,2.1916666,46,18,0,53.666668,63,295
1048,2011,11,295,22.692308,240,1,13,2.2642307,81,34,0,140.66667,84.166664,22
1050,2011,1,171,8.142858,30,1,21,2.5545237,85,0,0,128,128,275
1050,2011,2,275,19.642857,216,1,14,2.8680477,171,0,0,177,177,193
1050,2011,3,193,16.083334,144,1,12,2.6516666,275,85,0,213,181,27
1050,2011,4,27,3.375,8,1,8,2.9400833,193,171,0,165,150.2,297
1050,2011,5,297,19.8,144,1,15,2.685111,27,275,0,172.33333,174.66667,107
1050,2011,6,107,7.133333,72,1,15,3.334889,297,193,0,143.66667,178.33333,43
1050,2011,7,43,3.909091,12,1,11,2.4454546,107,27,0,149,157,216
1050,2011,8,216,15.428572,146,1,14,2.4894762,43,297,0,122,147.16667,136
1050,2011,9,136,8,72,1,17,2.9154902,216,107,0,131.66667,137.66667,254
1050,2011,10,254,18.142857,159,1,14,2.4619048,136,43,0,202,175.5,203
1050,2011,11,203,13.533334,74,2,15,2.5497777,254,216,0,197.66667,159.83333,32
1051,2011,1,254,16.933332,49,1,15,1.1473334,45,0,0,149.5,149.5,53
1051,2011,2,53,5.888889,18,1,9,1.2255555,254,0,0,117.333336,117.333336,134
1051,2011,3,134,12.181818,72,1,11,1.1690909,53,45,0,147,121.5,58
1051,2011,4,58,6.4444447,12,1,9,1.2544445,134,254,0,81.666664,108.8,40
1051,2011,5,40,5,14,1,8,1.19125,58,53,0,77.333336,97.333336,39
1051,2011,6,39,9.75,24,1,4,1.24,40,134,0,45.666668,96.333336,52
1051,2011,7,52,5.2,12,1,10,1.175,39,58,0,43.666668,62.666668,19
1051,2011,8,19,2.1111112,4,1,9,1.37,52,40,0,36.666668,57,8
1051,2011,9,8,1.6,2,1,5,1.162,19,39,0,26.333334,36,162
1051,2011,10,162,18,96,1,9,1.0522223,8,52,0,63,53.333332,153
1051,2011,11,153,11.769231,97,1,13,1.115,162,19,0,107.666664,72.166664,21
1052,2011,1,142,10.142858,48,1,14,1.2475,53,0,0,97.5,97.5,38
1052,2011,2,38,4.2222223,12,1,9,1.4133333,142,0,0,77.666664,77.666664,150
1052,2011,3,150,15,85,1,10,1.123,38,53,0,110,95.75,48
1052,2011,4,48,4.8,12,1,10,1.292,150,142,0,78.666664,86.2,43
1052,2011,5,43,5.375,15,1,8,1.305,48,38,0,80.333336,79,52
1052,2011,6,52,7.428571,36,1,7,1.3514286,43,150,0,47.666668,78.833336,22
1052,2011,7,22,4.4,14,1,5,1.396,52,48,0,39,58.833332,6
1052,2011,8,6,1.5,2,1,4,1.63,22,43,0,26.666666,53.5,80
1052,2011,9,80,16,52,1,5,1.24,6,52,0,36,41.833332,124
1052,2011,10,124,20.666666,96,1,6,1.2183334,80,22,0,70,54.5,37
1052,2011,11,37,5.285714,14,1,7,1.3514286,124,6,0,80.333336,53.5,21
1053,2011,1,192,10.666667,28,1,18,0.4350926,31,0,0,111.5,111.5,23
1053,2011,2,23,2.875,12,1,8,0.67625,192,0,0,82,82,23
1053,2011,3,23,3.2857144,12,1,7,0.6542857,23,31,0,79.333336,67.25,27
1053,2011,4,27,3.857143,12,1,7,0.625,23,192,0,24.333334,59.2,40
1053,2011,5,40,4.4444447,12,1,9,0.6477778,27,23,0,30,56,17
1053,2011,6,17,1.8888888,6,1,9,0.78444445,40,23,0,28,53.666668,82
1053,2011,7,82,11.714286,49,1,7,0.6933333,17,27,0,46.333332,35.333332,27
1053,2011,8,27,4.5,14,1,6,0.6933333,82,40,0,42,36,7
1053,2011,9,7,1.4,2,1,5,0.666,27,17,0,38.666668,33.333332,48
1053,2011,10,48,4.8,13,1,10,0.666,7,82,0,27.333334,36.833332,60
1053,2011,11,60,4,12,1,15,0.6956111,48,27,0,38.333332,40.166668,313
1054,2011,1,125,7.8125,16,1,16,0.45,46,0,0,85.5,85.5,32
1054,2011,2,32,3.5555556,13,1,9,0.76166666,125,0,0,67.666664,67.666664,17
1054,2011,3,17,1.8888888,3,1,9,0.73888886,32,46,0,58,55,35
1054,2011,4,35,5.8333335,12,1,6,0.6022222,17,125,0,28,51,53
1054,2011,5,53,5.3,12,1,10,0.625,35,32,0,35,51.333332,14
1054,2011,6,14,1.75,5,1,8,0.701875,53,17,0,34,46,30
1054,2011,7,30,3.75,12,1,8,0.67625,14,35,0,32.333332,30.166666,22
1054,2011,8,22,3.142857,8,1,7,0.74214286,30,53,0,22,28.5,52
1054,2011,9,52,5.7777777,24,1,9,0.6022222,22,14,0,34.666668,34.333332,43
1054,2011,10,43,5.375,13,1,8,0.650625,52,30,0,39,35.666668,65
1054,2011,11,65,4.642857,12,1,14,0.7704524,43,22,0,53.333332,37.666668,34
1057,2011,1,236,10.727273,40,1,22,4.923485,15,0,0,125.5,125.5,283
1057,2011,2,283,14.15,111,1,20,5.4870477,236,0,0,178,178,268
1057,2011,3,268,10.72,41,2,25,5.3554535,283,15,0,262.33334,200.5,186
1057,2011,4,186,10.941176,36,3,17,5.1168013,268,236,0,245.66667,197.6,337
1057,2011,5,337,14.041667,108,1,24,5.2379723,186,283,0,263.66666,220.83333,333
1057,2011,6,333,17.526316,105,2,19,5.102105,337,268,0,285.33334,273.83334,195
1057,2011,7,195,9.285714,41,1,21,5.555143,333,186,0,288.33334,267,244
1057,2011,8,244,10.166667,84,1,24,5.6277776,195,337,0,257.33334,260.5,793
1057,2011,9,793,34.47826,420,1,23,5.1980705,244,333,0,410.66666,348,631
1057,2011,10,631,25.24,90,4,25,5.360636,793,195,0,556,422.16666,1148
1057,2011,11,1148,44.153847,100,5,26,5.5266385,631,244,0,857.3333,557.3333,279
1058,2011,1,153,9,21,2,17,5.207647,48,0,0,100.5,100.5,302
1058,2011,2,302,15.894737,103,2,19,5.530965,153,0,0,167.66667,167.66667,310
1058,2011,3,310,12.916667,58,1,24,6.085,302,48,0,255,203.25,234
1058,2011,4,234,12.315789,33,2,19,5.5975437,310,153,0,282,209.4,373
1058,2011,5,373,14.92,51,2,25,5.79088,234,302,0,305.66666,236.66667,372
1058,2011,6,372,16.90909,101,1,22,5.233015,373,310,0,326.33334,290.66666,392
1058,2011,7,392,15.68,55,1,25,5.433833,372,234,0,379,330.5,372
1058,2011,8,372,16.173914,60,1,23,5.7013936,392,373,0,378.66666,342.16666,363
1058,2011,9,363,13.961538,63,1,26,5.855974,372,372,0,375.66666,351,576
1058,2011,10,576,22.153847,72,1,26,5.7368402,363,392,0,437,408,830
1058,2011,11,830,31.923077,77,6,26,5.7018366,576,372,0,589.6667,484.16666,202
1064,2011,1,144,8,19,1,18,1.6266667,470,0,0,307,307,293
1064,2011,2,293,17.235294,51,3,17,1.5401961,144,0,0,302.33334,302.33334,348
1064,2011,3,348,16.571428,50,1,21,1.5265714,293,470,0,261.66666,313.75,258
1064,2011,4,258,16.125,40,1,16,1.4375,348,144,0,299.66666,302.6,305
1064,2011,5,305,15.25,48,1,20,1.6593333,258,293,0,303.66666,303,396
1064,2011,6,396,23.294117,122,1,17,1.4920392,305,348,0,319.66666,290.66666,238
1064,2011,7,238,13.222222,48,1,18,1.6126667,396,258,0,313,306.33334,802
1064,2011,8,802,47.17647,400,2,17,1.5607451,238,305,0,478.66666,391.16666,593
1064,2011,9,593,25.782608,71,1,23,1.4804348,802,396,0,544.3333,432,2278
1064,2011,10,2278,87.61539,971,1,26,1.6645501,593,238,0,1224.3334,768.6667,72
1064,2011,11,72,24,70,1,3,2.89,2278,802,0,981,729.8333,33
1065,2011,1,244,12.842105,63,1,19,2.0718946,1,0,0,122.5,122.5,654
1065,2011,2,654,40.875,215,4,16,2.082146,244,0,0,299.66666,299.66666,797
1065,2011,3,797,33.208332,167,2,24,2.1303194,654,1,0,565,424,171
1065,2011,4,171,12.214286,36,1,14,2.5858333,797,244,0,540.6667,373.4,12
1065,2011,5,12,12,12,12,1,1.95,171,654,0,326.66666,313.16666,1
1065,2011,6,1,1,1,1,1,4.13,12,797,0,61.333332,313.16666,4
1065,2011,7,4,2,2,2,2,3.04,1,171,0,5.6666665,273.16666,12
1065,2011,8,12,12,12,12,1,1.95,4,12,0,5.6666665,166.16667,12
1065,2011,9,12,12,12,12,1,1.95,12,1,0,9.333333,35.333332,4
1065,2011,10,4,2,3,1,2,3.04,12,4,0,9.333333,7.5,15
1065,2011,11,15,3.75,8,1,4,1.95,4,12,0,10.333333,8,12
1067,2011,1,49,4.4545455,13,1,11,2.6577272,266,0,0,157.5,157.5,223
1067,2011,2,223,12.388889,46,1,18,2.4446297,49,0,0,179.33333,179.33333,226
1067,2011,3,226,11.894737,56,3,19,1.9342105,223,266,0,166,191,86
1067,2011,4,86,6.6153846,18,1,13,1.95,226,49,0,178.33333,170,184
1067,2011,5,184,10.222222,46,1,18,2.0252779,86,223,0,165.33333,172.33333,321
1067,2011,6,321,18.882353,120,1,17,1.9235294,184,226,0,197,181.5,147
1067,2011,7,147,8.166667,25,1,18,2.3363888,321,86,0,217.33333,197.83333,310
1067,2011,8,310,22.142857,80,4,14,2.0735714,147,184,0,259.33334,212.33333,272
1067,2011,9,272,13.6,46,1,20,2.0619333,310,321,0,243,220,305
1067,2011,10,305,13.26087,80,2,23,2.292326,272,147,0,295.66666,256.5,421
1067,2011,11,421,16.84,64,1,25,2.3717942,305,310,0,332.66666,296,220
1068,2011,1,771,42.833332,174,6,18,0.6440741,416,0,0,593.5,593.5,1154
1068,2011,2,1154,76.933334,504,2,15,0.7608333,771,0,0,780.3333,780.3333,1404
1068,2011,3,1404,87.75,864,2,16,0.51708335,1154,416,0,1109.6666,936.25,1456
1068,2011,4,1456,97.066666,397,3,15,0.55444443,1404,771,0,1338,1040.2,2238
1068,2011,5,2238,131.64706,600,2,17,0.6661765,1456,1154,0,1699.3334,1239.8334,1378
1068,2011,6,1378,98.42857,561,3,14,0.5300952,2238,1404,0,1690.6666,1400.1666,1970
1068,2011,7,1970,123.125,566,4,16,0.604375,1378,1456,0,1862,1600,1673
1068,2011,8,1673,152.09091,912,24,11,0.48515153,1970,2238,0,1673.6666,1686.5,1060
1068,2011,9,1060,53,432,1,20,0.68925,1673,1378,0,1567.6666,1629.1666,608
1068,2011,10,608,33.77778,81,5,18,0.48722222,1060,1970,0,1113.6666,1487.8334,687
1068,2011,11,687,34.35,120,5,20,0.4805,608,1673,0,785,1229.3334,335
1069,2011,1,106,26.5,48,2,4,0.7225,159,0,0,132.5,132.5,58
1069,2011,2,58,19.333334,24,10,3,0.42,106,0,0,107.666664,107.666664,104
1069,2011,3,104,20.8,48,3,5,0.783,58,159,0,89.333336,106.75,177
1069,2011,4,177,44.25,120,8,4,0.42,104,106,0,113,120.8,96
1069,2011,5,96,24,24,24,4,0.42,177,58,0,125.666664,116.666664,16
1069,2011,6,16,16,16,16,1,0.42,96,104,0,96.333336,92.833336,90
1069,2011,7,90,18,24,6,5,0.42,16,177,0,67.333336,90.166664,109
1069,2011,8,109,21.8,48,3,5,0.662,90,96,0,71.666664,98.666664,176
1069,2011,9,176,22,36,6,8,0.42,109,16,0,125,110.666664,356
1069,2011,10,356,29.666666,72,6,12,0.47041667,176,90,0,213.66667,140.5,931
1069,2011,11,931,58.1875,432,4,16,0.5675,356,109,0,487.66666,279.66666,30
1072,2011,1,2,2,2,2,1,0.85,390,0,0,196,196,1
1072,2011,2,1,1,1,1,1,0.83,2,0,0,131,131,2
1072,2011,3,2,2,2,2,1,0.83,1,390,0,1.6666666,98.75,2
1072,2011,4,2,2,2,2,1,0.83,2,2,0,1.6666666,79.4,1
1072,2011,5,1,1,1,1,1,0.83,2,1,0,1.6666666,66.333336,17
1072,2011,6,17,4.25,5,3,4,0.67625,1,2,0,6.6666665,4.1666665,15
1072,2011,7,15,5,10,2,3,0.42,17,2,0,11,6.3333335,156
1072,2011,8,156,52,60,48,3,0.42,15,1,0,62.666668,32.166668,356
1072,2011,9,356,32.363636,144,1,11,0.5131818,156,17,0,175.66667,91.166664,498
1072,2011,10,498,35.57143,106,1,14,0.5322619,356,15,0,336.66666,173.83333,847
1072,2011,11,847,42.35,275,1,20,0.5915167,498,156,0,567,314.83334,167
1073,2011,1,242,16.133333,38,1,15,1.2086667,120,0,0,181,181,163
1073,2011,2,163,14.818182,48,1,11,1.1533333,242,0,0,175,175,57
1073,2011,3,57,4.3846154,24,1,13,1.21,163,120,0,154,145.5,121
1073,2011,4,121,10.083333,24,3,12,1.0558333,57,242,0,113.666664,140.6,132
1073,2011,5,132,11,35,1,12,1.1425,121,163,0,103.333336,139.16667,106
1073,2011,6,106,9.636364,24,2,11,1.1454545,132,57,0,119.666664,136.83333,287
1073,2011,7,287,15.105263,99,1,19,1.2177632,106,121,0,175,144.33333,288
1073,2011,8,288,24,72,3,12,1.1425,287,132,0,227,165.16667,147
1073,2011,9,147,12.25,37,1,12,1.175,288,106,0,240.66667,180.16667,185
1073,2011,10,185,14.230769,36,1,13,0.99,147,287,0,206.66667,190.83333,263
1073,2011,11,263,16.4375,91,1,16,1.134375,185,288,0,198.33333,212.66667,87
1075,2011,1,11,2.75,8,1,4,5.11,493,0,0,252,252,3
1075,2011,2,3,3,3,3,1,5.79,11,0,0,169,169,4
1075,2011,3,4,2,3,1,2,5.08,3,493,0,6,127.75,11
1075,2011,4,11,2.75,8,1,4,5.08,4,11,0,6,104.4,19
1075,2011,5,19,6.3333335,8,3,3,2.95,11,3,0,11.333333,90.166664,20
1075,2011,6,20,4,8,1,5,3.518,19,4,0,16.666666,11.333333,26
1075,2011,7,26,5.2,9,1,5,3.802,20,11,0,21.666666,13.833333,416
1075,2011,8,416,34.666668,328,1,12,3.4011111,26,19,0,154,82.666664,304
1075,2011,9,304,15.2,40,2,20,3.021,416,20,0,248.66667,132.66667,703
1075,2011,10,703,31.954546,136,1,22,3.1410606,304,26,0,474.33334,248,1321
1075,2011,11,1321,50.807693,430,2,26,3.364727,703,416,0,776,465,132
1076,2011,1,201,10.05,30,1,20,0.853,215,0,0,208,208,54
1076,2011,2,54,3.375,8,1,16,0.899375,201,0,0,156.66667,156.66667,50
1076,2011,3,50,4.5454545,16,1,11,0.88927275,54,215,0,101.666664,130,53
1076,2011,4,53,4.818182,11,1,11,0.88545454,50,201,0,52.333332,114.6,81
1076,2011,5,81,7.3636365,28,1,11,0.86636364,53,54,0,61.333332,109,916
1076,2011,6,916,57.25,410,1,16,0.48875,81,50,0,350,225.83333,440
1076,2011,7,440,27.5,96,1,16,0.53125,916,53,0,479,265.66666,468
1076,2011,8,468,27.529411,83,1,17,0.5198824,440,81,0,608,334.66666,692
1076,2011,9,692,40.705883,154,2,17,0.46823528,468,916,0,533.3333,441.66666,1146
1076,2011,10,1146,49.826088,240,1,23,0.37130433,692,440,0,768.6667,623.8333,627
1076,2011,11,627,36.882355,130,1,17,0.55588233,1146,468,0,821.6667,714.8333,145
1078,2011,1,16,2,5,1,8,3.18,26,0,0,21,21,2
1078,2011,2,2,1,1,1,2,3.12,16,0,0,14.666667,14.666667,1
1078,2011,3,1,1,1,1,1,2.95,2,26,0,6.3333335,11.25,2
1078,2011,4,2,2,2,2,1,3.29,1,16,0,1.6666666,9.4,1
1078,2011,5,1,1,1,1,1,2.95,2,2,0,1.3333334,8,4
1078,2011,6,4,2,2,2,2,3.12,1,1,0,2.3333333,4.3333335,5
1078,2011,7,5,2.5,4,1,2,3.29,4,2,0,3.3333333,2.5,7
1078,2011,8,7,3.5,6,1,2,3.12,5,1,0,5.3333335,3.3333333,101
1078,2011,9,101,12.625,36,1,8,1.94125,7,4,0,37.666668,20,267
1078,2011,10,267,14.833333,49,1,18,1.2068889,101,5,0,125,64.166664,393
1078,2011,11,393,20.68421,81,1,19,1.3352631,267,7,0,253.66667,129.5,50
1080,2011,1,23,2.3,5,1,10,11.251,27,0,0,25,25,12
1080,2011,2,12,1.7142857,4,1,7,10.93,23,0,0,20.666666,20.666666,11
1080,2011,3,11,1.5714285,3,1,7,11.49,12,27,0,15.333333,18.25,13
1080,2011,4,13,1.8571428,4,1,7,11.443334,11,23,0,12,17.2,36
1080,2011,5,36,3.2727273,24,1,11,10.346364,13,12,0,20,20.333334,11
1080,2011,6,11,2.2,4,1,5,10.920667,36,11,0,20,17.666666,15
1080,2011,7,15,3.75,12,1,4,11.27,11,13,0,20.666666,16.333334,16
1080,2011,8,16,5.3333335,12,1,3,10.776667,15,36,0,14,17,15
1080,2011,9,15,2.142857,5,1,7,13.094286,16,11,0,15.333333,17.666666,17
1080,2011,10,17,1.5454545,3,1,11,14.545,15,15,0,16,18.333334,22
1080,2011,11,22,1.5714285,3,1,14,13.078215,17,16,0,18,16,197
1081,2011,1,11,1.2222222,3,1,9,8.457778,31,0,0,21,21,5
1081,2011,2,5,1.25,2,1,4,11.7475,11,0,0,15.666667,15.666667,7
1081,2011,3,7,1.4,2,1,5,15.006,5,31,0,7.6666665,13.5,6
1081,2011,4,6,1.5,3,1,4,7.5825,7,11,0,6,12,4
1081,2011,5,4,1.3333334,2,1,3,10.4,6,5,0,5.6666665,10.666667,4
1081,2011,6,4,1.3333334,2,1,3,13.176666,4,7,0,4.6666665,6.1666665,5
1081,2011,7,5,1.25,2,1,4,11.7475,4,6,0,4.3333335,5.1666665,8
1081,2011,8,8,2,3,1,4,11.7475,5,4,0,5.6666665,5.6666665,8
1081,2011,9,8,1.3333334,3,1,6,10.4,8,4,0,7,5.8333335,8
1081,2011,10,8,1.6,2,1,5,13.291,8,5,0,8,6.1666665,11
1081,2011,11,11,1.1,2,1,10,12.507,8,8,0,9,7.3333335,99
1082,2011,1,23,1.6428572,3,1,14,8.908571,22,0,0,22.5,22.5,17
1082,2011,2,17,1.8888888,5,1,9,11.560555,23,0,0,20.666666,20.666666,16
1082,2011,3,16,2.2857144,3,1,7,11.502143,17,22,0,18.666666,19.5,25
1082,2011,4,25,2.7777777,5,1,9,10.447408,16,23,0,19.333334,20.6,44
1082,2011,5,44,4,24,1,11,10.367121,25,17,0,28.333334,24.5,17
1082,2011,6,17,1.4166666,3,1,12,11.065,44,16,0,28.666666,23.666666,18
1082,2011,7,18,1.3846154,2,1,13,10.338846,17,25,0,26.333334,22.833334,11
1082,2011,8,11,2.2,6,1,5,9.623,18,44,0,15.333333,21.833334,5
1082,2011,9,5,1.25,2,1,4,8.29,11,17,0,11.333333,20,11
1082,2011,10,11,1.8333334,3,1,6,9.12,5,18,0,9,17.666666,21
1082,2011,11,21,1.6153846,5,1,13,9.268974,11,11,0,12.333333,13.833333,7
1084,2011,1,84,5.6,25,1,15,10.250334,101,0,0,92.5,92.5,35
1084,2011,2,35,2.6923077,8,1,13,10.623462,84,0,0,73.333336,73.333336,88
1084,2011,3,88,4.888889,17,1,18,9.889213,35,101,0,69,77,52
1084,2011,4,52,3.7142856,8,1,14,9.479285,88,84,0,58.333332,72,53
1084,2011,5,53,3.3125,11,1,16,9.311459,52,35,0,64.333336,68.833336,109
1084,2011,6,109,5.45,16,1,20,9.496375,53,88,0,71.333336,70.166664,71
1084,2011,7,71,4.1764708,12,1,17,9.972745,109,52,0,77.666664,68,88
1084,2011,8,88,4.4,16,1,20,10.121375,71,53,0,89.333336,76.833336,229
1084,2011,9,229,10.409091,130,1,22,9.675909,88,109,0,129.33333,100.333336,106
1084,2011,10,106,5.888889,16,1,18,10.108889,229,71,0,141,109.333336,123
1084,2011,11,123,6.4736843,35,1,19,9.738685,106,88,0,152.66667,121,59
1085,2011,1,91,7,24,1,13,7.6176925,71,0,0,81,81,59
1085,2011,2,59,4.214286,14,1,14,7.422143,91,0,0,73.666664,73.666664,92
1085,2011,3,92,6.133333,25,1,15,7.496,59,71,0,80.666664,78.25,53
1085,2011,4,53,4.818182,16,1,11,6.7136364,92,91,0,68,73.2,60
1085,2011,5,60,4.285714,12,1,14,6.926429,53,59,0,68.333336,71,77
1085,2011,6,77,5.133333,24,1,15,7.515333,60,92,0,63.333332,72,83
1085,2011,7,83,5.928571,20,1,14,7.23,77,53,0,73.333336,70.666664,86
1085,2011,8,86,4.7777777,16,1,18,7.955,83,60,0,82,75.166664,197
1085,2011,9,197,16.416666,146,1,12,7.9775,86,77,0,122,92.666664,45
1085,2011,10,45,3.4615386,11,1,13,8.049616,197,83,0,109.333336,91.333336,110
1085,2011,11,110,5,16,1,22,8.453788,45,86,0,117.333336,99.666664,44
1086,2011,1,81,4.05,13,1,20,10.7195,69,0,0,75,75,176
1086,2011,2,176,9.263158,103,1,19,11.244325,81,0,0,108.666664,108.666664,166
1086,2011,3,166,7.2173915,26,1,23,9.645362,176,69,0,141,123,68
1086,2011,4,68,5.230769,19,1,13,9.9653845,166,81,0,136.66667,112,173
1086,2011,5,173,9.105263,87,1,19,9.900772,68,176,0,135.66667,122.166664,402
1086,2011,6,402,18.272728,312,2,22,9.531818,173,166,0,214.33333,177.66667,389
1086,2011,7,389,20.473684,208,1,19,10.320789,402,68,0,321.33334,229,106
1086,2011,8,106,6.2352943,50,1,17,9.115294,389,173,0,299,217.33333,29
1086,2011,9,29,3.625,15,1,8,8.464583,106,402,0,174.66667,194.5,10
1086,2011,10,10,1.4285715,3,1,7,9.080714,29,389,0,48.333332,184.83333,103
1086,2011,11,103,5.4210525,16,1,19,9.607983,10,106,0,47.333332,173.16667,39
1088,2011,1,82,7.4545455,32,1,11,2.1845455,1305,0,0,693.5,693.5,243
1088,2011,2,243,24.3,116,1,10,3.2054834,82,0,0,543.3333,543.3333,141
1088,2011,3,141,9.4,72,1,15,2.7513332,243,1305,0,155.33333,442.75,55
1088,2011,4,55,5.5,17,1,10,2.665,141,82,0,146.33333,365.2,83
1088,2011,5,83,7.5454545,52,2,11,2.8021212,55,243,0,93,318.16666,95
1088,2011,6,95,7.3076925,48,1,13,2.5361538,83,141,0,77.666664,116.5,264
1088,2011,7,264,17.6,96,1,15,2.804222,95,55,0,147.33333,146.83333,55
1088,2011,8,55,4.5833335,30,1,12,2.9916666,264,83,0,138,115.5,219
1088,2011,9,219,10.95,64,1,20,2.3675,55,95,0,179.33333,128.5,190
1088,2011,10,190,14.615385,55,1,13,2.6410255,219,264,0,154.66667,151,421
1088,2011,11,421,18.304348,78,1,23,2.5208406,190,55,0,276.66666,207.33333,86
1089,2011,1,62,6.2,18,1,10,3.802,32,0,0,47,47,29
1089,2011,2,29,2.9,6,1,10,4.086,62,0,0,41,41,60
1089,2011,3,60,5,7,1,12,3.305,29,32,0,50.333332,45.75,44
1089,2011,4,44,7.3333335,12,2,6,2.95,60,62,0,44.333332,45.4,32
1089,2011,5,32,4.571429,12,1,7,3.152857,44,29,0,45.333332,43.166668,14
1089,2011,6,14,2.3333333,6,1,6,3.4233334,32,60,0,30,40.166668,18
1089,2011,7,18,3.6,6,1,5,2.95,14,44,0,21.333334,32.833332,38
1089,2011,8,38,4.75,6,1,8,3.305,18,32,0,23.333334,34.333332,39
1089,2011,9,39,3.9,6,1,10,3.518,38,14,0,31.666666,30.833334,154
1089,2011,10,154,10.266666,54,1,15,3.2206666,39,18,0,77,49.166668,293
1089,2011,11,293,15.421053,156,1,19,3.3664913,154,38,0,162,92.666664,64
1091,2011,1,1380,60,234,1,23,1.6182536,1355,0,0,1367.5,1367.5,1321
1091,2011,2,1321,55.041668,246,2,24,1.4882153,1380,0,0,1352,1352,2707
1091,2011,3,2707,100.25926,401,2,27,1.4889185,1321,1355,0,1802.6666,1690.75,1918
1091,2011,4,1918,91.333336,326,2,21,1.4018445,2707,1380,0,1982,1736.2,2608
1091,2011,5,2608,113.391304,360,18,23,1.3846108,1918,1321,0,2411,1881.5,1973
1091,2011,6,1973,78.92,360,6,25,1.4516028,2608,2707,0,2166.3333,1984.5,1527
1091,2011,7,1527,61.08,322,2,25,1.4816867,1973,1918,0,2036,2009,2142
1091,2011,8,2142,93.13043,366,12,23,1.438442,1527,2608,0,1880.6666,2145.8333,1250
1091,2011,9,1250,50,161,5,25,1.9895633,2142,1973,0,1639.6666,1903,3320
1091,2011,10,3320,144.34782,986,1,23,1.9665217,1250,1527,0,2237.3333,2136.6667,1813
1091,2011,11,1813,69.73077,247,2,26,2.0818915,3320,2142,0,2127.6667,2004.1666,990
1092,2011,1,57,3.5625,7,1,16,8.180625,95,0,0,76,76,32
1092,2011,2,32,2.4615386,10,1,13,10.355385,57,0,0,61.333332,61.333332,111
1092,2011,3,111,9.25,72,1,12,8.590834,32,95,0,66.666664,73.75,58
1092,2011,4,58,4.8333335,28,1,12,7.806667,111,57,0,67,70.6,125
1092,2011,5,125,9.615385,48,1,13,8.468769,58,32,0,98,79.666664,42
1092,2011,6,42,4.2,12,2,10,8.058,125,111,0,75,70.833336,45
1092,2011,7,45,4.090909,12,1,11,7.5554547,42,58,0,70.666664,68.833336,23
1092,2011,8,23,2.3,4,1,10,10.129,45,125,0,36.666668,67.333336,103
1092,2011,9,103,5.15,24,1,20,8.523,23,42,0,57,66,73
1092,2011,10,73,4.0555553,16,1,18,8.764444,103,45,0,66.333336,68.5,138
1092,2011,11,138,6.9,24,1,20,9.383516,73,23,0,104.666664,70.666664,65
1095,2011,1,19,1.7272727,4,1,11,4.308182,12,0,0,15.5,15.5,13
1095,2011,2,13,2.1666667,7,1,6,5.1016665,19,0,0,14.666667,14.666667,12
1095,2011,3,12,2.4,8,1,5,4.1846666,13,12,0,14.666667,14,7
1095,2011,4,7,1.75,3,1,4,4.13,12,19,0,10.666667,12.6,11
1095,2011,5,11,1.2222222,3,1,9,4.2211113,7,13,0,10,12.333333,29
1095,2011,6,29,2.0714285,5,1,14,4.5464287,11,12,0,15.666667,15.166667,117
1095,2011,7,117,5.85,19,1,20,4.3589168,29,7,0,52.333332,31.5,3
1095,2011,8,3,1.5,2,1,2,4.13,117,11,0,49.666668,29.833334,22
1095,2011,9,22,7.3333335,12,2,3,4.95,3,29,0,47.333332,31.5,30
1095,2011,10,30,4.285714,10,1,7,4.95,22,117,0,18.333334,35.333332,19
1095,2011,11,19,3.1666667,6,1,6,4.95,30,3,0,23.666666,36.666668,80
1098,2011,1,7,2.3333333,4,1,3,2.7433333,35,0,0,21,21,97
1098,2011,2,97,13.857142,38,1,7,1.9585714,7,0,0,46.333332,46.333332,158
1098,2011,3,158,14.363636,36,3,11,1.99,97,35,0,87.333336,74.25,55
1098,2011,4,55,9.166667,13,1,6,1.7866666,158,7,0,103.333336,70.4,118
1098,2011,5,118,9.076923,36,1,13,1.7607692,55,97,0,110.333336,78.333336,115
1098,2011,6,115,14.375,36,2,8,1.83,118,158,0,96,91.666664,74
1098,2011,7,74,12.333333,36,1,6,1.89,115,55,0,102.333336,102.833336,114
1098,2011,8,114,11.4,24,1,10,2.0326667,74,118,0,101,105.666664,87
1098,2011,9,87,7.909091,19,1,11,1.9481819,114,115,0,91.666664,93.833336,154
1098,2011,10,154,15.4,73,1,10,2.3373334,87,74,0,118.333336,110.333336,197
1098,2011,11,197,12.3125,37,1,16,2.40625,154,114,0,146,123.5,299
1101,2011,1,55,4.230769,12,1,13,5.103077,2158,0,0,1106.5,1106.5,199
1101,2011,2,199,16.583334,108,1,12,3.9772222,55,0,0,804,804,82
1101,2011,3,82,6.3076925,36,1,13,3.906923,199,2158,0,112,623.5,55
1101,2011,4,55,5.5,17,1,10,4.384,82,55,0,112,509.8,232
1101,2011,5,232,33.142857,216,1,7,4.957143,55,199,0,123,463.5,464
1101,2011,6,464,33.142857,433,1,14,4.181905,232,82,0,250.33333,181.16667,441
1101,2011,7,441,73.5,324,1,6,3.4033334,464,55,0,379,245.5,79
1101,2011,8,79,7.181818,49,1,11,3.8754547,441,232,0,328,225.5,367
1101,2011,9,367,40.77778,335,1,9,4.7483335,79,464,0,295.66666,273,155
1101,2011,10,155,17.222221,120,1,9,3.7677777,367,441,0,200.33333,289.66666,232
1101,2011,11,232,17.846153,184,1,13,4.53359,155,79,0,251.33333,289.66666,352
1102,2011,1,175,7.9545455,17,1,22,4.699303,2279,0,0,1227,1227,1176
1102,2011,2,1176,69.17647,1014,1,17,4.3962746,175,0,0,1210,1210,661
1102,2011,3,661,28.73913,438,1,23,4.369739,1176,2279,0,670.6667,1072.75,320
1102,2011,4,320,18.82353,108,2,17,4.16098,661,175,0,719,922.2,329
1102,2011,5,329,20.5625,220,1,16,4.4133334,320,1176,0,436.66666,823.3333,585
1102,2011,6,585,30.789474,448,1,19,4.586,329,661,0,411.33334,541,568
1102,2011,7,568,29.894737,328,1,19,4.3671927,585,320,0,494,606.5,220
1102,2011,8,220,11,54,1,20,4.07825,568,329,0,457.66666,447.16666,525
1102,2011,9,525,25,336,1,21,4.399365,220,585,0,437.66666,424.5,589
1102,2011,10,589,24.541666,264,1,24,4.045625,525,568,0,444.66666,469.33334,459
1102,2011,11,459,18.36,224,1,25,4.5221734,589,220,0,524.3333,491,405
1103,2011,1,73,6.0833335,24,1,12,2.0841668,139,0,0,106,106,49
1103,2011,2,49,24.5,48,1,2,2.155,73,0,0,87,87,1
1103,2011,3,1,1,1,1,1,2.46,49,139,0,41,65.5,4
1103,2011,4,4,1.3333334,2,1,3,2.34,1,73,0,18,53.2,74
1103,2011,5,74,8.222222,54,1,9,2.346111,4,49,0,26.333334,56.666668,13
1103,2011,6,13,2.1666667,6,1,6,2.34,74,1,0,30.333334,35.666668,53
1103,2011,7,53,13.25,49,1,4,2.38375,13,4,0,46.666668,32.333332,8
1103,2011,8,8,2.6666667,4,1,3,2.4,53,74,0,24.666666,25.5,55
1103,2011,9,55,9.166667,48,1,6,2.2983334,8,13,0,38.666668,34.5,11
1103,2011,10,11,2.75,4,1,4,2.37,55,53,0,24.666666,35.666668,55
1103,2011,11,55,3.9285715,15,1,14,2.3185713,11,8,0,40.333332,32.5,141
1104,2011,1,58,4.4615383,7,2,13,8.5,36,0,0,47,47,67
1104,2011,2,67,3.5263157,10,1,19,8.455263,58,0,0,53.666668,53.666668,106
1104,2011,3,106,5.047619,16,1,21,8.692103,67,36,0,77,66.75,78
1104,2011,4,78,4.3333335,12,1,18,8.603333,106,58,0,83.666664,69,78
1104,2011,5,78,4.3333335,10,1,18,9.51625,78,67,0,87.333336,70.5,64
1104,2011,6,64,4,12,1,16,8.923437,78,106,0,73.333336,75.166664,107
1104,2011,7,107,6.2941175,33,1,17,8.542745,64,78,0,83,83.333336,487
1104,2011,8,487,30.4375,352,1,16,8.446875,107,78,0,219.33333,153.33333,124
1104,2011,9,124,5.1666665,13,1,24,8.633958,487,64,0,239.33333,156.33333,121
1104,2011,10,121,5.5,18,1,22,8.738523,124,107,0,244,163.5,98
1104,2011,11,98,4.9,19,1,20,9.213959,121,487,0,114.333336,166.83333,28
1105,2011,1,45,2.8125,6,1,16,8.669375,30,0,0,37.5,37.5,58
1105,2011,2,58,4.4615383,19,1,13,8.734231,45,0,0,44.333332,44.333332,60
1105,2011,3,60,3.1578948,8,2,19,8.856579,58,30,0,54.333332,48.25,66
1105,2011,4,66,4.125,12,1,16,8.446875,60,45,0,61.333332,51.8,74
1105,2011,5,74,4.111111,19,1,18,10.118472,66,58,0,66.666664,55.5,86
1105,2011,6,86,5.375,19,1,16,8.587916,74,60,0,75.333336,64.833336,137
1105,2011,7,137,7.611111,38,2,18,8.3858795,86,66,0,99,80.166664,88
1105,2011,8,88,4.4,18,1,20,8.756833,137,74,0,103.666664,85.166664,121
1105,2011,9,121,6.368421,40,1,19,8.89807,88,86,0,115.333336,95.333336,85
1105,2011,10,85,4.7222223,16,1,18,8.611204,121,137,0,98,98.5,71
1105,2011,11,71,3.2272727,6,1,22,9.978182,85,88,0,92.333336,98,33
1106,2011,1,45,2.6470587,9,1,17,8.988529,45,0,0,45,45,79
1106,2011,2,79,3.7619047,18,1,21,9.22369,45,0,0,56.333332,56.333332,90
1106,2011,3,90,4.285714,16,1,21,9.55115,79,45,0,71.333336,64.75,80
1106,2011,4,80,4.7058825,11,1,17,8.739118,90,45,0,83,67.8,84
1106,2011,5,84,4.6666665,12,1,18,8.723778,80,79,0,84.666664,70.5,114
1106,2011,6,114,5.428571,31,1,21,9.666924,84,90,0,92.666664,82,117
1106,2011,7,117,6.882353,27,1,17,9.424215,114,80,0,105,94,84
1106,2011,8,84,4.6666665,18,1,18,9.00162,117,84,0,105,94.833336,319
1106,2011,9,319,14.5,124,2,22,8.635076,84,114,0,173.33333,133,170
1106,2011,10,170,7.3913045,26,1,23,8.858268,319,117,0,191,148,116
1106,2011,11,116,5.8,18,1,20,9.82805,170,84,0,201.66667,153.33333,60
1108,2011,1,255,11.590909,52,1,22,2.126894,244,0,0,249.5,249.5,150
1108,2011,2,150,9.375,37,1,16,2.526375,255,0,0,216.33333,216.33333,167
1108,2011,3,167,9.823529,27,1,17,2.0358822,150,244,0,190.66667,204,141
1108,2011,4,141,8.294118,26,1,17,2.1805882,167,255,0,152.66667,191.4,122
1108,2011,5,122,9.384615,24,1,13,2.0705128,141,150,0,143.33333,179.83333,33
1108,2011,6,33,3,12,1,11,2.6190908,122,167,0,98.666664,144.66667,45
1108,2011,7,45,5.625,36,1,8,2.675,33,141,0,66.666664,109.666664,82
1108,2011,8,82,6.3076925,26,1,13,2.049487,45,122,0,53.333332,98.333336,78
1108,2011,9,78,5.571429,14,1,14,2.587143,82,33,0,68.333336,83.5,276
1108,2011,10,276,15.333333,83,1,18,2.2913334,78,45,0,145.33333,106,294
1108,2011,11,294,13.363636,84,1,22,2.315394,276,82,0,216,134.66667,92
1109,2011,1,279,12.681818,42,1,22,1.1792272,286,0,0,282.5,282.5,236
1109,2011,2,236,12.421053,52,1,19,1.2584736,279,0,0,267,267,254
1109,2011,3,254,11.545455,25,2,22,1.1253636,236,286,0,256.33334,263.75,151
1109,2011,4,151,9.4375,24,1,16,1.175,254,279,0,213.66667,241.2,132
1109,2011,5,132,9.428572,51,1,14,1.1192857,151,236,0,179,223,105
1109,2011,6,105,5.25,24,1,20,1.2335,132,254,0,129.33333,192.83333,85
1109,2011,7,85,6.071429,24,1,14,1.3653572,105,151,0,107.333336,160.5,127
1109,2011,8,127,9.071428,26,1,14,1.0728571,85,132,0,105.666664,142.33333,183
1109,2011,9,183,11.4375,43,1,16,1.137625,127,105,0,131.66667,130.5,407
1109,2011,10,407,23.941177,190,1,17,1.185196,183,85,0,239,173.16667,425
1109,2011,11,425,17,170,1,25,1.21322,407,127,0,338.33334,222,183
1110,2011,1,1824,79.304344,736,3,23,1.1258571,2738,0,0,2281,2281,2666
1110,2011,2,2666,126.95238,1048,5,21,1.1319762,1824,0,0,2409.3333,2409.3333,2803
1110,2011,3,2803,112.12,663,13,25,1.0227734,2666,2738,0,2431,2507.75,1869
1110,2011,4,1869,93.45,640,3,20,0.95694566,2803,1824,0,2446,2380,6849
1110,2011,5,6849,273.96,4314,11,25,0.97449875,1869,2666,0,3840.3333,3124.8333,2095
1110,2011,6,2095,83.8,368,1,25,0.9766819,6849,2803,0,3604.3333,3017.6667,1876
1110,2011,7,1876,75.04,259,4,25,0.9904394,2095,1869,0,3606.6667,3026.3333,5421
1110,2011,8,5421,216.84,2036,3,25,0.9614286,1876,6849,0,3130.6667,3485.5,4196
1110,2011,9,4196,161.38461,1085,12,26,1.0412459,5421,2095,0,3831,3717.6667,5907
1110,2011,10,5907,227.1923,2065,6,26,1.031309,4196,1876,0,5174.6665,4390.6665,12460
1110,2011,11,12460,479.23077,2012,20,26,1.0008183,5907,5421,0,7521,5325.8335,6217
1112,2011,1,33,3.3,7,1,10,5.581,63,0,0,48,48,32
1112,2011,2,32,3.2,13,1,10,6.043,33,0,0,42.666668,42.666668,32
1112,2011,3,32,2.2857144,6,1,14,6.3661904,32,63,0,32.333332,40,40
1112,2011,4,40,6.6666665,25,1,6,4.7694445,32,33,0,34.666668,40,17
1112,2011,5,17,2.4285715,8,1,7,5.9814286,40,32,0,29.666666,36.166668,9
1112,2011,6,9,1.2857143,2,1,7,7.135714,17,32,0,22,27.166666,31
1112,2011,7,31,2.2142856,5,1,14,4.444286,9,40,0,19,26.833334,18
1112,2011,8,18,2.5714285,8,1,7,5.6928573,31,17,0,19.333334,24.5,43
1112,2011,9,43,6.142857,28,1,7,4.7914286,18,9,0,30.666666,26.333334,21
1112,2011,10,21,2.625,5,1,8,4.25,43,31,0,27.333334,23.166666,35
1112,2011,11,35,2.3333333,8,1,15,5.3273335,21,18,0,33,26.166666,94
1113,2011,1,18,2,5,1,9,7.442222,34,0,0,26,26,26
1113,2011,2,26,2.8888888,8,1,9,6.0455556,18,0,0,26,26,26
1113,2011,3,26,3.25,9,1,8,6.27,26,34,0,23.333334,26,86
1113,2011,4,86,14.333333,50,1,6,4.966111,26,18,0,46,38,12
1113,2011,5,12,2.4,5,1,5,5.058,86,26,0,41.333332,33.666668,8
1113,2011,6,8,2,4,1,4,5.26,12,26,0,35.333332,29.333334,14
1113,2011,7,14,2.8,4,1,5,5.866,8,86,0,11.333333,28.666666,18
1113,2011,8,18,2.25,5,1,8,5.5125,14,12,0,13.333333,27.333334,53
1113,2011,9,53,4.076923,24,1,13,6.3869233,18,8,0,28.333334,31.833334,25
1113,2011,10,25,3.125,12,1,8,5.26,53,14,0,32,21.666666,34
1113,2011,11,34,2.4285715,6,1,14,5.9938097,25,18,0,37.333332,25.333334,44
1114,2011,1,56,4,11,1,14,3.3387144,12,0,0,34,34,4
1114,2011,2,4,2,3,1,2,4.25,56,0,0,24,24,11
1114,2011,3,11,3.6666667,8,1,3,4.923333,4,12,0,23.666666,20.75,4
1114,2011,4,4,1,1,1,4,5.26,11,56,0,6.3333335,17.4,6
1114,2011,5,6,1.5,3,1,4,5.26,4,4,0,7,15.5,5
1114,2011,6,5,1.25,2,1,4,5.26,6,11,0,5,14.333333,14
1114,2011,7,14,1.5555556,4,1,9,4.6055555,5,4,0,8.333333,7.3333335,14
1114,2011,8,14,2,4,1,7,5.115714,14,6,0,11,9,28
1114,2011,9,28,7,24,1,4,5.135,14,5,0,18.666666,11.833333,2
1114,2011,10,2,1,1,1,2,4.25,28,14,0,14.666667,11.5,9
1114,2011,11,9,1.2857143,3,1,7,5.115714,2,14,0,13,12,28
1116,2011,1,37,3.3636363,8,1,11,4.4390907,34,0,0,35.5,35.5,36
1116,2011,2,36,6,16,1,6,4.6775,37,0,0,35.666668,35.666668,38
1116,2011,3,38,4.2222223,9,1,9,4.5744443,36,34,0,37,36.25,30
1116,2011,4,30,3.75,12,1,8,4.445625,38,37,0,34.666668,35,14
1116,2011,5,14,3.5,8,1,4,4.6775,30,36,0,27.333334,31.5,28
1116,2011,6,28,2.8,12,1,10,5.142,14,38,0,24,30.5,30
1116,2011,7,30,2.3076923,8,1,13,3.6815383,28,30,0,24,29.333334,8
1116,2011,8,8,2,4,1,4,5.605,30,14,0,22,24.666666,19
1116,2011,9,19,2.7142856,8,1,7,4.015,8,28,0,19,21.5,20
1116,2011,10,20,2,4,1,10,4.6775,19,30,0,15.666667,19.833334,33
1116,2011,11,33,3,8,1,11,4.0872726,20,8,0,24,23,76
1117,2011,1,70,4.375,11,1,16,3.383875,7,0,0,38.5,38.5,9
1117,2011,2,9,4.5,5,4,2,3.75,70,0,0,28.666666,28.666666,12
1117,2011,3,12,6,8,4,2,3.75,9,7,0,30.333334,24.5,6
1117,2011,4,6,2,4,1,3,4.9866667,12,70,0,9,20.8,2
1117,2011,5,2,1,1,1,2,5.605,6,9,0,6.6666665,17.666666,12
1117,2011,6,12,2.4,6,1,5,4.4,2,12,0,6.6666665,18.5,25
1117,2011,7,25,2.0833333,5,1,12,3.3475,12,6,0,13,11,12
1117,2011,8,12,2.4,4,1,5,4.492,25,2,0,16.333334,11.5,1
1117,2011,9,1,1,1,1,1,7.46,12,12,0,12.666667,9.666667,14
1117,2011,10,14,2.8,4,1,5,4.492,1,25,0,9,11,4
1117,2011,11,4,2,2,2,2,3.75,14,12,0,6.3333335,11.333333,23
1119,2011,1,89,11.125,48,1,8,5.8925,121,0,0,105,105,153
1119,2011,2,153,17,80,1,9,5.0644445,89,0,0,121,121,117
1119,2011,3,117,13,52,1,9,5.129259,153,121,0,119.666664,120,26
1119,2011,4,26,2.8888888,5,1,9,4.698889,117,89,0,98.666664,101.2,94
1119,2011,5,94,9.4,49,1,10,6.422,26,153,0,79,100,46
1119,2011,6,46,5.75,24,1,8,6.355,94,117,0,55.333332,87.5,53
1119,2011,7,53,13.25,24,1,4,5.01,46,26,0,64.333336,81.5,64
1119,2011,8,64,6.4,24,1,10,5.791,53,94,0,54.333332,66.666664,93
1119,2011,9,93,10.333333,55,1,9,6.1866665,64,46,0,70,62.666668,195
1119,2011,10,195,15,76,1,13,6.3484616,93,53,0,117.333336,90.833336,188
1119,2011,11,188,8.952381,96,1,21,6.4468255,195,64,0,158.66667,106.5,95
1120,2011,1,168,8.842105,51,1,19,1.7274122,38,0,0,103,103,22
1120,2011,2,22,7.3333335,12,2,3,1.65,168,0,0,76,76,17
1120,2011,3,17,5.6666665,12,1,3,1.65,22,38,0,69,61.25,21
1120,2011,4,21,4.2,12,1,5,1.978,17,168,0,20,53.2,36
1120,2011,5,36,6,24,1,6,2.06,21,22,0,24.666666,50.333332,220
1120,2011,6,220,15.714286,39,2,14,0.83,36,17,0,92.333336,80.666664,212
1120,2011,7,212,10.095238,25,1,21,0.88857144,220,21,0,156,88,93
1120,2011,8,93,9.3,18,1,10,0.83,212,36,0,175,99.833336,152
1120,2011,9,152,11.692307,53,1,13,0.83,93,220,0,152.33333,122.333336,112
1120,2011,10,112,6.2222223,16,1,18,0.96666664,152,212,0,119,137.5,368
1120,2011,11,368,15.333333,65,1,24,1.2223333,112,93,0,210.66667,192.83333,56
1121,2011,1,90,5.625,20,1,16,1.6976563,23,0,0,56.5,56.5,13
1121,2011,2,13,6.5,12,1,2,2.47,90,0,0,42,42,17
1121,2011,3,17,5.6666665,12,2,3,1.65,13,23,0,40,35.75,14
1121,2011,4,14,4.6666665,12,1,3,1.65,17,90,0,14.666667,31.4,35
1121,2011,5,35,7,24,1,5,1.814,14,13,0,22,32,169
1121,2011,6,169,16.9,48,5,10,0.83,35,17,0,72.666664,56.333332,111
1121,2011,7,111,6.9375,18,1,16,0.83,169,14,0,105,59.833332,128
1121,2011,8,128,9.142858,14,1,14,1.0057143,111,35,0,136,79,106
1121,2011,9,106,11.777778,30,1,9,0.83,128,169,0,115,93.833336,61
1121,2011,10,61,5.0833335,13,1,12,0.83,106,111,0,98.333336,101.666664,90
1121,2011,11,90,5,13,1,18,1.0378889,61,128,0,85.666664,110.833336,93
1122,2011,1,29,2.2307692,7,1,13,1.6453847,35,0,0,32,32,1
1122,2011,2,1,1,1,1,1,3.29,29,0,0,21.666666,21.666666,19
1122,2011,3,19,3.8,12,1,5,1.65,1,35,0,16.333334,21,13
1122,2011,4,13,13,13,13,1,1.65,19,29,0,11,19.4,9
1122,2011,5,9,3,6,1,3,2.1966667,13,1,0,13.666667,17.666666,78
1122,2011,6,78,9.75,14,2,8,0.9325,9,19,0,33.333332,24.833334,137
1122,2011,7,137,8.058824,19,1,17,0.83,78,13,0,74.666664,42.833332,44
1122,2011,8,44,6.285714,14,1,7,0.83,137,9,0,86.333336,50,327
1122,2011,9,327,21.8,108,1,15,0.83,44,78,0,169.33333,101.333336,70
1122,2011,10,70,5.8333335,18,1,12,0.83,327,137,0,147,110.833336,156
1122,2011,11,156,8.210526,34,1,19,1.1076316,70,44,0,184.33333,135.33333,101
1123,2011,1,106,6.625,52,1,16,1.7403125,16,0,0,61,61,74
1123,2011,2,74,24.666666,48,13,3,1.9233333,106,0,0,65.333336,65.333336,14
1123,2011,3,14,4.6666665,10,1,3,2.7433333,74,16,0,64.666664,52.5,44
1123,2011,4,44,8.8,16,2,5,1.978,14,106,0,44,50.8,16
1123,2011,5,16,3.2,8,1,5,1.978,44,74,0,24.666666,45,111
1123,2011,6,111,9.25,16,2,12,1.035,16,14,0,57,60.833332,177
1123,2011,7,177,9.315789,46,1,19,0.95947367,111,44,0,101.333336,72.666664,41
1123,2011,8,41,4.1,12,1,10,1.076,177,16,0,109.666664,67.166664,88
1123,2011,9,88,8.8,21,1,10,1.322,41,111,0,102,79.5,104
1123,2011,10,104,6.5,13,1,16,0.98375,88,177,0,77.666664,89.5,202
1123,2011,11,202,10.1,24,2,20,1.06425,104,41,0,131.33333,120.5,16
1124,2011,1,154,6.695652,26,1,23,2.8587174,126,0,0,140,140,82
1124,2011,2,82,4.5555553,15,1,18,2.957037,154,0,0,120.666664,120.666664,149
1124,2011,3,149,6.7727275,18,1,22,2.5613637,82,126,0,128.33333,127.75,316
1124,2011,4,316,19.75,174,1,16,2.2371147,149,154,0,182.33333,165.4,62
1124,2011,5,62,3.4444444,8,1,18,2.4383333,316,82,0,175.66667,148.16667,105
1124,2011,6,105,6.5625,31,1,16,2.6497917,62,149,0,161,144.66667,61
1124,2011,7,61,3.5882354,12,1,17,3.2941177,105,316,0,76,129.16667,148
1124,2011,8,148,8.705882,30,1,17,2.657255,61,62,0,104.666664,140.16667,81
1124,2011,9,81,5.4,24,1,15,2.6007333,148,105,0,96.666664,128.83333,118
1124,2011,10,118,6.9411764,33,1,17,2.547794,81,61,0,115.666664,95.833336,131
1124,2011,11,131,6.55,18,1,20,2.835875,118,148,0,110,107.333336,82
1125,2011,1,69,4.928571,8,1,14,1.7107143,39,0,0,54,54,2
1125,2011,2,2,1,1,1,2,3.755,69,0,0,36.666668,36.666668,13
1125,2011,3,13,4.3333335,6,1,3,3.3533332,2,39,0,28,30.75,4
1125,2011,4,4,4,4,4,1,2.55,13,69,0,6.3333335,25.4,3
1125,2011,5,3,1,1,1,3,4.1566668,4,2,0,6.6666665,21.666666,9
1125,2011,6,9,4.5,8,1,2,3.755,3,13,0,5.3333335,16.666666,6
1125,2011,7,6,6,6,6,1,2.55,9,4,0,6,6.1666665,14
1125,2011,8,14,3.5,6,1,4,3.1525,6,3,0,9.666667,8.166667,2
1125,2011,9,2,1,1,1,2,3.755,14,9,0,7.3333335,6.3333335,4
1125,2011,10,4,1.3333334,2,1,3,4.1566668,2,6,0,6.6666665,6.3333335,2
1125,2011,11,2,1,1,1,2,4.96,4,14,0,2.6666667,6.1666665,26
1126,2011,1,43,3.909091,24,1,11,10.671818,12,0,0,27.5,27.5,26
1126,2011,2,26,3.25,12,1,8,10.42625,43,0,0,27,27,33
1126,2011,3,33,4.125,10,2,8,8.5,26,12,0,34,28.5,5
1126,2011,4,5,2.5,4,1,2,8.5,33,43,0,21.333334,23.8,23
1126,2011,5,23,4.6,10,1,5,10.126,5,26,0,20.333334,23.666666,19
1126,2011,6,19,3.1666667,6,1,6,9.855,23,33,0,15.666667,24.833334,11
1126,2011,7,11,2.2,4,1,5,10.126,19,5,0,17.666666,19.5,8
1126,2011,8,8,2.6666667,4,2,3,8.5,11,23,0,12.666667,16.5,46
1126,2011,9,46,5.75,28,1,8,9.463125,8,19,0,21.666666,18.666666,15
1126,2011,10,15,3.75,6,2,4,9.51625,46,11,0,23,20.333334,11
1126,2011,11,11,1.5714285,2,1,7,8.5,15,8,0,24,18.333334,91
1127,2011,1,116,8.285714,39,2,14,0.86,15,0,0,65.5,65.5,46
1127,2011,2,46,11.5,37,2,4,1.3375,116,0,0,59,59,22
1127,2011,3,22,7.3333335,16,2,3,1.11,46,15,0,61.333332,49.75,29
1127,2011,4,29,9.666667,24,2,3,1.3266667,22,116,0,32.333332,45.6,6
1127,2011,5,6,6,6,6,1,0.85,29,46,0,19,39,12
1127,2011,6,12,4,10,1,3,1.63,6,22,0,15.666667,38.5,97
1127,2011,7,97,19.4,27,8,5,1.318,12,29,0,38.333332,35.333332,7
1127,2011,8,7,3.5,4,3,2,1.24,97,6,0,38.666668,28.833334,3
1127,2011,9,3,1.5,2,1,2,1.435,7,12,0,35.666668,25.666666,29
1127,2011,10,29,9.666667,24,1,3,1.24,3,97,0,13,25.666666,16
1127,2011,11,16,2.6666667,6,1,6,1.63,29,7,0,16,27.333334,190
1128,2011,1,21,7,12,4,3,1.67,67,0,0,44,44,20
1128,2011,2,20,5,12,1,4,1.5525,21,0,0,36,36,15
1128,2011,3,15,3.75,8,1,4,1.5525,20,67,0,18.666666,30.75,32
1128,2011,4,32,6.4,16,3,5,1.6533333,15,21,0,22.333334,31,52
1128,2011,5,52,10.4,36,2,5,1.976,32,20,0,33,34.5,66
1128,2011,6,66,8.25,18,1,8,1.40125,52,15,0,50,34.333332,55
1128,2011,7,55,13.75,33,2,4,1.855,66,32,0,57.666668,40,10
1128,2011,8,10,5,6,4,2,1.25,55,52,0,43.666668,38.333332,14
1128,2011,9,14,3.5,10,1,4,1.5525,10,66,0,26.333334,38.166668,30
1128,2011,10,30,7.5,12,2,4,1.5525,14,55,0,18,37.833332,93
1128,2011,11,93,18.6,62,2,5,1.371,30,10,0,45.666668,44.666668,365
1130,2011,1,317,13.782609,45,1,23,1.270942,328,0,0,322.5,322.5,302
1130,2011,2,302,14.380953,51,1,21,1.1873809,317,0,0,315.66666,315.66666,557
1130,2011,3,557,22.28,146,1,25,1.14588,302,328,0,392,376,277
1130,2011,4,277,17.3125,49,1,16,1.0821428,557,317,0,378.66666,356.2,290
1130,2011,5,290,13.809524,43,1,21,1.1904762,277,302,0,374.66666,345.16666,292
1130,2011,6,292,16.222221,120,1,18,1.2508334,290,557,0,286.33334,339.16666,197
1130,2011,7,197,9.380953,31,1,21,1.2385556,292,277,0,259.66666,319.16666,329
1130,2011,8,329,16.45,48,2,20,1.032,197,290,0,272.66666,323.66666,317
1130,2011,9,317,13.208333,65,1,24,1.1411458,329,292,0,281,283.66666,188
1130,2011,10,188,8.545455,36,1,22,1.1399676,317,197,0,278,268.83334,684
1130,2011,11,684,28.5,328,1,24,1.1539524,188,329,0,396.33334,334.5,60
1132,2011,1,12,12,12,12,1,8.5,5,0,0,8.5,8.5,4
1132,2011,2,4,1.3333334,2,1,3,9.95,12,0,0,7,7,22
1132,2011,3,22,3.142857,6,1,7,9.95,4,5,0,12.666667,10.75,4
1132,2011,4,4,2,2,2,2,9.95,22,12,0,10,9.4,7
1132,2011,5,7,1.75,2,1,4,12.4525,4,4,0,11,9,11
1132,2011,6,11,2.2,4,1,5,11.952,7,22,0,7.3333335,10,2
1132,2011,7,2,2,2,2,1,9.95,11,4,0,6.6666665,8.333333,8
1132,2011,8,8,2.6666667,4,2,3,9.95,2,7,0,7,9,3
1132,2011,9,3,1.5,2,1,2,9.95,8,11,0,4.3333335,5.8333335,10
1132,2011,10,10,2.5,4,1,4,13.70375,3,2,0,7,6.8333335,6
1132,2011,11,6,1.2,2,1,5,13.954,10,8,0,6.3333335,6.6666665,37
1133,2011,1,388,20.421053,59,1,19,3.775535,239,0,0,313.5,313.5,81
1133,2011,2,81,6.75,24,1,12,5.5916667,388,0,0,236,236,22
1133,2011,3,22,2.2,4,1,10,5.952,81,239,0,163.66667,182.5,13
1133,2011,4,13,1.8571428,3,1,7,5.6657143,22,388,0,38.666668,148.6,37
1133,2011,5,37,4.111111,12,1,9,6.263889,13,81,0,24,130,93
1133,2011,6,93,10.333333,72,1,9,7.098889,37,22,0,47.666668,105.666664,25
1133,2011,7,25,1.7857143,4,1,14,6.3814287,93,13,0,51.666668,45.166668,38
1133,2011,8,38,3.1666667,12,1,12,5.7266665,25,37,0,52,38,33
1133,2011,9,33,2.75,9,1,12,5.57625,38,93,0,32,39.833332,41
1133,2011,10,41,3.7272727,12,1,11,6.025,33,25,0,37.333332,44.5,41
1133,2011,11,41,2.9285715,8,1,14,6.9420714,41,38,0,38.333332,45.166668,6
1134,2011,1,129,7.5882354,24,1,17,4.2921567,116,0,0,122.5,122.5,85
1134,2011,2,85,9.444445,25,1,9,5.4694443,129,0,0,110,110,33
1134,2011,3,33,4.125,9,1,8,4.95,85,116,0,82.333336,90.75,2
1134,2011,4,2,1,1,1,2,9.96,33,129,0,40,73,5
1134,2011,5,5,1.6666666,3,1,3,4.95,2,85,0,13.333333,61.666668,32
1134,2011,6,32,10.666667,30,1,3,6.62,5,33,0,13,47.666668,6
1134,2011,7,6,2,3,1,3,6.62,32,2,0,14.333333,27.166666,6
1134,2011,8,6,6,6,6,1,4.95,6,5,0,14.666667,14,4
1134,2011,9,4,2,3,1,2,7.455,6,32,0,5.3333335,9.166667,10
1134,2011,10,10,5,7,3,2,6.2025,4,6,0,6.6666665,10.5,9
1134,2011,11,9,2.25,4,1,4,8.08125,10,6,0,7.6666665,11.166667,4
1135,2011,1,35,4.375,12,1,8,3.695,48,0,0,41.5,41.5,61
1135,2011,2,61,6.7777777,24,1,9,3.641852,35,0,0,48,48,92
1135,2011,3,92,6.133333,19,1,15,3.836,61,48,0,62.666668,59,131
1135,2011,4,131,10.916667,32,2,12,3.255,92,35,0,94.666664,73.4,102
1135,2011,5,102,11.333333,22,3,9,3.5662963,131,61,0,108.333336,78.166664,97
1135,2011,6,97,8.083333,18,1,12,3.2458334,102,92,0,110,86.333336,47
1135,2011,7,47,5.2222223,12,2,9,3.5366666,97,131,0,82,88.333336,26
1135,2011,8,26,4.3333335,7,1,6,3.8966668,47,102,0,56.666668,82.5,48
1135,2011,9,48,5.3333335,12,1,9,3.9574075,26,97,0,40.333332,75.166664,40
1135,2011,10,40,5,18,1,8,3.61,48,47,0,38,60,77
1135,2011,11,77,7.7,21,1,10,3.8433332,40,26,0,55,55.833332,31
1136,2011,1,294,14.7,48,1,20,0.926,174,0,0,234,234,191
1136,2011,2,191,11.235294,49,1,17,0.94411767,294,0,0,219.66667,219.66667,335
1136,2011,3,335,15.952381,65,1,21,0.89761907,191,174,0,273.33334,248.5,218
1136,2011,4,218,16.76923,63,1,13,0.86923075,335,294,0,248,242.4,130
1136,2011,5,130,11.818182,35,1,11,0.9409091,218,191,0,227.66667,223.66667,95
1136,2011,6,95,6.785714,35,1,14,0.85714287,130,335,0,147.66667,210.5,190
1136,2011,7,190,11.875,48,1,16,0.90625,95,218,0,138.33333,193.16667,109
1136,2011,8,109,9.083333,33,1,12,0.875,190,130,0,131.33333,179.5,169
1136,2011,9,169,14.083333,72,1,12,0.85,109,95,0,156,151.83333,134
1136,2011,10,134,10.307693,52,1,13,0.75384617,169,190,0,137.33333,137.83333,233
1136,2011,11,233,12.263158,57,1,19,0.8694737,134,109,0,178.66667,155,69
1139,2011,1,4,4,4,4,1,0.85,24,0,0,14,14,55
1139,2011,2,55,5.5,14,1,10,0.928,4,0,0,27.666666,27.666666,45
1139,2011,3,45,3.75,12,1,12,1.11,55,24,0,34.666668,32,18
1139,2011,4,18,4.5,12,1,4,0.85,45,4,0,39.333332,29.2,20
1139,2011,5,20,5,12,1,4,1.045,18,55,0,27.666666,27.666666,204
1139,2011,6,204,25.5,48,5,8,0.425,20,45,0,80.666664,57.666668,227
1139,2011,7,227,15.133333,55,1,15,0.644,204,18,0,150.33333,94.833336,5
1139,2011,8,5,1.6666666,3,1,3,0.7366667,227,20,0,145.33333,86.5,7
1139,2011,9,7,3.5,6,1,2,0.96,5,204,0,79.666664,80.166664,361
1139,2011,10,361,45.125,240,1,8,0.54125,7,227,0,124.333336,137.33333,72
1139,2011,11,72,6,40,1,12,0.75527775,361,5,0,146.66667,146,6
1140,2011,1,22,4.4,12,1,5,1.45,52,0,0,37,37,124
1140,2011,2,124,13.777778,36,4,9,1.45,22,0,0,66,66,108
1140,2011,3,108,10.8,24,1,10,1.45,124,52,0,84.666664,76.5,42
1140,2011,4,42,6,12,1,7,1.45,108,22,0,91.333336,69.6,13
1140,2011,5,13,6.5,12,1,2,1.45,42,124,0,54.333332,60.166668,159
1140,2011,6,159,11.357142,29,1,14,1.0464286,13,108,0,71.333336,78,152
1140,2011,7,152,10.133333,24,1,15,0.997,159,42,0,108,99.666664,126
1140,2011,8,126,18,84,1,7,1.1685715,152,13,0,145.66667,100,31
1140,2011,9,31,4.428571,12,1,7,1.3614286,126,159,0,103,87.166664,83
1140,2011,10,83,9.222222,24,1,9,0.74,31,152,0,80,94,59
1140,2011,11,59,4.5384617,17,1,13,1.4207692,83,126,0,57.666668,101.666664,29
1141,2011,1,13,4.3333335,8,2,3,1.65,32,0,0,22.5,22.5,52
1141,2011,2,52,7.428571,32,1,7,1.8842857,13,0,0,32.333332,32.333332,31
1141,2011,3,31,5.1666665,9,2,6,1.9233333,52,32,0,32,32,8
1141,2011,4,8,8,8,8,1,1.65,31,13,0,30.333334,27.2,1
1141,2011,5,1,1,1,1,1,1.65,8,52,0,13.333333,22.833334,106
1141,2011,6,106,13.25,32,2,8,0.71375,1,31,0,38.333332,35.166668,142
1141,2011,7,142,9.466666,33,1,15,1.0373334,106,8,0,83,56.666668,52
1141,2011,8,52,13,32,1,4,1.265,142,1,0,100,56.666668,40
1141,2011,9,40,13.333333,16,8,3,0.59,52,106,0,78,58.166668,106
1141,2011,10,106,21.2,48,5,5,0.59,40,142,0,66,74.5,58
1141,2011,11,58,9.666667,17,1,6,0.59,106,52,0,68,84,49
1142,2011,1,8,2.6666667,3,2,3,1.65,3,0,0,5.5,5.5,45
1142,2011,2,45,4.5,12,1,10,1.978,8,0,0,18.666666,18.666666,125
1142,2011,3,125,9.615385,24,1,13,1.8392308,45,3,0,59.333332,45.25,11
1142,2011,4,11,1.5714285,3,1,7,2.587143,125,8,0,60.333332,38.4,1
1142,2011,5,1,1,1,1,1,1.65,11,45,0,45.666668,32.166668,89
1142,2011,6,89,11.125,24,1,8,1.05125,1,125,0,33.666668,46.5,92
1142,2011,7,92,6.571429,15,1,14,0.95928574,89,11,0,60.666668,60.5,24
1142,2011,8,24,12,12,12,2,0.59,92,1,0,68.333336,57,43
1142,2011,9,43,8.6,12,1,5,1.13,24,89,0,53,43.333332,94
1142,2011,10,94,15.666667,49,1,6,0.59,43,92,0,53.666668,57.166668,19
1142,2011,11,19,2.375,6,1,8,0.59,94,24,0,52,60.166668,43
1153,2011,1,231,11.55,53,1,20,0.854375,18,0,0,124.5,124.5,157
1153,2011,2,157,12.076923,48,1,13,1.12,231,0,0,135.33333,135.33333,153
1153,2011,3,153,10.928572,37,1,14,1.0821428,157,18,0,180.33333,139.75,93
1153,2011,4,93,7.75,30,1,12,1.2075,153,231,0,134.33333,130.4,10
1153,2011,5,10,2,3,1,5,1.162,93,157,0,85.333336,110.333336,33
1153,2011,6,33,5.5,22,1,6,1.1,10,153,0,45.333332,112.833336,111
1153,2011,7,111,7.928571,22,1,14,0.8890476,33,93,0,51.333332,92.833336,1
1153,2011,8,1,1,1,1,1,1.63,111,10,0,48.333332,66.833336,3
1153,2011,9,3,1.5,2,1,2,1.63,1,33,0,38.333332,41.833332,2
1153,2011,10,2,1,1,1,2,1.63,3,111,0,2,26.666666,7
1153,2011,11,7,2.3333333,4,1,3,1.63,2,1,0,4,26.166666,2
1154,2011,1,60,7.5,27,1,8,1.389375,18,0,0,39,39,169
1154,2011,2,169,10.5625,38,1,16,1.4390625,60,0,0,82.333336,82.333336,155
1154,2011,3,155,8.157895,24,1,19,1.4622808,169,18,0,128,100.5,109
1154,2011,4,109,7.785714,24,1,14,1.6677381,155,60,0,144.33333,102.2,6
1154,2011,5,6,1.5,3,1,4,2.1575,109,169,0,90,86.166664,46
1154,2011,6,46,9.2,30,1,5,1.24,6,155,0,53.666668,90.833336,117
1154,2011,7,117,8.357142,24,1,14,0.935,46,109,0,56.333332,100.333336,2
1154,2011,8,2,1,1,1,2,1.855,117,6,0,55,72.5,2
1154,2011,9,2,1,1,1,2,2.46,2,46,0,40.333332,47,4
1154,2011,10,4,2,3,1,2,1.855,2,117,0,2.6666667,29.5,23
1154,2011,11,23,3.8333333,8,1,6,1.9558333,4,2,0,9.666667,32.333332,3
1155,2011,1,6,3,4,2,2,1.25,36,0,0,21,21,115
1155,2011,2,115,23,96,1,5,1.212,6,0,0,52.333332,52.333332,46
1155,2011,3,46,5.75,12,1,8,1.25,115,36,0,55.666668,50.75,27
1155,2011,4,27,13.5,24,3,2,1.155,46,6,0,62.666668,46,16
1155,2011,5,16,5.3333335,12,2,3,1.25,27,115,0,29.666666,41,38
1155,2011,6,38,7.6,13,2,5,1.25,16,46,0,27,41.333332,107
1155,2011,7,107,17.833334,66,1,6,1.1866666,38,27,0,53.666668,58.166668,68
1155,2011,8,68,8.5,14,1,8,1.25,107,16,0,71,50.333332,34
1155,2011,9,34,8.5,27,1,4,1.25,68,38,0,69.666664,48.333332,63
1155,2011,10,63,10.5,24,1,6,1.25,34,107,0,55,54.333332,82
1155,2011,11,82,9.111111,24,1,9,1.25,63,68,0,59.666668,65.333336,12
1156,2011,1,250,50,192,10,5,1.454,48,0,0,149,149,73
1156,2011,2,73,9.125,24,1,8,1.628125,250,0,0,123.666664,123.666664,87
1156,2011,3,87,9.666667,24,1,9,1.4516667,73,48,0,136.66667,114.5,79
1156,2011,4,79,8.777778,24,1,9,1.7205555,87,250,0,79.666664,107.4,21
1156,2011,5,21,10.5,20,1,2,1.25,79,73,0,62.333332,93,8
1156,2011,6,8,2,4,1,4,1.5525,21,87,0,36,86.333336,1
1156,2011,7,1,1,1,1,1,2.46,8,79,0,10,44.833332,17
1156,2011,8,17,8.5,14,3,2,2.1575,1,21,0,8.666667,35.5,8
1156,2011,9,8,4,6,2,2,1.25,17,8,0,8.666667,22.333334,11
1156,2011,10,11,5.5,10,1,2,1.855,8,1,0,12,11,30
1156,2011,11,30,7.5,24,1,4,1.5525,11,17,0,16.333334,12.5,24
1157,2011,1,48,9.6,24,1,5,1.324,129,0,0,88.5,88.5,67
1157,2011,2,67,13.4,49,2,5,1.162,48,0,0,81.333336,81.333336,73
1157,2011,3,73,9.125,24,2,8,1.1425,67,129,0,62.666668,79.25,80
1157,2011,4,80,10,28,1,8,1.37,73,48,0,73.333336,79.4,14
1157,2011,5,14,4.6666665,10,2,3,1.37,80,67,0,55.666668,68.5,5
1157,2011,6,5,1.6666666,2,1,3,1.37,14,73,0,33,47.833332,5
1157,2011,7,5,1.6666666,2,1,3,1.37,5,80,0,8,40.666668,26
1157,2011,8,26,6.5,15,2,4,1.1425,5,14,0,12,33.833332,32
1157,2011,9,32,10.666667,24,2,3,0.85,26,5,0,21,27,26
1157,2011,10,26,8.666667,24,1,3,1.37,32,5,0,28,18,100
1157,2011,11,100,12.5,48,1,8,0.9475,26,26,0,52.666668,32.333332,24
1162,2011,1,52,13,16,12,4,0.98,49,0,0,50.5,50.5,98
1162,2011,2,98,10.888889,25,1,9,0.9222222,52,0,0,66.333336,66.333336,213
1162,2011,3,213,14.2,55,1,15,1.0926666,98,49,0,121,103,65
1162,2011,4,65,8.125,18,1,8,1.35375,213,52,0,125.333336,95.4,1
1162,2011,5,1,1,1,1,1,1.63,65,98,0,93,79.666664,1
1162,2011,6,1,1,1,1,1,1.63,1,213,0,22.333334,71.666664,1
1162,2011,7,1,1,1,1,1,0.85,1,65,0,1,63.166668,13
1162,2011,8,13,6.5,12,1,2,1.24,1,1,0,5,49,7
1162,2011,9,7,1.75,3,1,4,1.435,13,1,0,7,14.666667,10
1162,2011,10,10,3.3333333,5,2,3,1.37,7,1,0,10,5.5,35
1162,2011,11,35,3.8888888,11,1,9,1.2977778,10,13,0,17.333334,11.166667,7
1164,2011,1,134,11.166667,35,1,12,0.9475,50,0,0,92,92,176
1164,2011,2,176,16,36,2,11,0.93863636,134,0,0,120,120,332
1164,2011,3,332,15.809524,67,1,21,0.99857146,176,50,0,214,173,58
1164,2011,4,58,7.25,14,1,8,1.06125,332,134,0,188.66667,150,6
1164,2011,5,6,6,6,6,1,1.63,58,176,0,132,126,14
1164,2011,6,14,4.6666665,12,1,3,1.37,6,332,0,26,120,37
1164,2011,7,37,12.333333,24,1,3,0.85,14,58,0,19,103.833336,84
1164,2011,8,84,16.8,36,6,5,1.162,37,6,0,45,88.5,15
1164,2011,9,15,5,10,2,3,1.11,84,14,0,45.333332,35.666668,67
1164,2011,10,67,13.4,48,1,5,1.162,15,37,0,55.333332,37.166668,46
1164,2011,11,46,3.8333333,12,1,12,1.175,67,84,0,42.666668,43.833332,8
1171,2011,1,39,3.9,9,1,10,1.5575,11,0,0,25,25,49
1171,2011,2,49,7,16,3,7,1.4228572,39,0,0,33,33,93
1171,2011,3,93,8.454545,18,1,11,1.36,49,11,0,60.333332,48,26
1171,2011,4,26,3.25,7,1,8,1.5525,93,39,0,56,43.6,1
1171,2011,5,1,1,1,1,1,1.25,26,49,0,40,36.5,96
1171,2011,6,96,8,18,1,12,0.62833333,1,93,0,41,50.666668,76
1171,2011,7,76,6.909091,20,1,11,0.73,96,26,0,57.666668,56.833332,44
1171,2011,8,44,5.5,16,1,8,0.72,76,1,0,72,56,102
1171,2011,9,102,20.4,35,1,5,0.848,44,96,0,74,57.5,268
1171,2011,10,268,19.142857,80,1,14,0.75964284,102,76,0,138,97.833336,94
1171,2011,11,94,13.428572,33,3,7,0.6857143,268,44,0,154.66667,113.333336,34
1175,2011,1,24,3,9,1,8,3.66,150,0,0,87,87,79
1175,2011,2,79,5.266667,13,1,15,3.234,24,0,0,84.333336,84.333336,225
1175,2011,3,225,16.071428,102,1,14,3.0276191,79,150,0,109.333336,119.5,106
1175,2011,4,106,8.153846,48,1,13,2.9192307,225,24,0,136.66667,116.8,119
1175,2011,5,119,7.9333334,24,1,15,3.013111,106,79,0,150,117.166664,119
1175,2011,6,119,7.4375,48,1,16,3.1025,119,225,0,114.666664,112,71
1175,2011,7,71,5.071429,12,1,14,3.3557143,119,106,0,103,119.833336,613
1175,2011,8,613,43.785713,481,1,14,2.9071429,71,119,0,267.66666,208.83333,186
1175,2011,9,186,11.625,54,1,16,3.425625,613,119,0,290,202.33333,2452
1175,2011,10,2452,111.454544,1446,1,22,3.0760605,186,71,0,1083.6666,593.3333,304
1175,2011,11,304,14.476191,39,1,21,3.6455102,2452,613,0,980.6667,624.1667,66
1176,2011,1,77,9.625,63,1,8,2.9333334,89,0,0,83,83,37
1176,2011,2,37,2.8461537,12,1,13,3.4961538,77,0,0,67.666664,67.666664,162
1176,2011,3,162,12.461538,102,1,13,2.9346154,37,89,0,92,91.25,71
1176,2011,4,71,10.142858,48,1,7,2.892857,162,77,0,90,87.2,57
1176,2011,5,57,4.071429,10,1,14,3.2542858,71,37,0,96.666664,82.166664,114
1176,2011,6,114,10.363636,48,1,11,2.9136364,57,162,0,80.666664,86.333336,39
1176,2011,7,39,4.875,18,1,8,3.305,114,71,0,70,80,78
1176,2011,8,78,8.666667,31,1,9,3.055185,39,57,0,77,86.833336,142
1176,2011,9,142,10.142858,48,1,14,3.1919048,78,114,0,86.333336,83.5,171
1176,2011,10,171,9.5,26,1,18,3.2975926,142,39,0,130.33333,100.166664,253
1176,2011,11,253,11.5,38,1,22,3.4599092,171,78,0,188.66667,132.83333,57
1178,2011,1,16,3.2,6,1,5,3.846,64,0,0,40,40,17
1178,2011,2,17,3.4,6,1,5,3.198,16,0,0,32.333332,32.333332,71
1178,2011,3,71,5.9166665,24,1,12,3.9,17,64,0,34.666668,42,28
1178,2011,4,28,7,12,4,4,2.55,71,16,0,38.666668,39.2,8
1178,2011,5,8,1.6,3,1,5,3.846,28,17,0,35.666668,34,27
1178,2011,6,27,3.375,6,1,8,2.55,8,71,0,21,27.833334,7
1178,2011,7,7,1.4,2,1,5,2.55,27,28,0,14,26.333334,11
1178,2011,8,11,3.6666667,9,1,3,2.55,7,8,0,15,25.333334,20
1178,2011,9,20,2.857143,6,1,7,2.55,11,27,0,12.666667,16.833334,12
1178,2011,10,12,2.4,4,1,5,2.55,20,7,0,14.333333,14.166667,3
1178,2011,11,3,1.5,2,1,2,2.55,12,11,0,11.666667,13.333333,6
1179,2011,1,14,3.5,6,1,4,2.6075,67,0,0,40.5,40.5,2
1179,2011,2,2,1,1,1,2,3.115,14,0,0,27.666666,27.666666,27
1179,2011,3,27,3.375,6,1,8,3.115,2,67,0,14.333333,27.5,9
1179,2011,4,9,3,6,1,3,2.1,27,14,0,12.666667,23.8,9
1179,2011,5,9,3,6,1,3,2.1,9,2,0,15,21.333334,20
1179,2011,6,20,5,6,2,4,2.1,9,27,0,12.666667,13.5,45
1179,2011,7,45,3.75,9,1,12,1.7148612,20,9,0,24.666666,18.666666,33
1179,2011,8,33,3.3,7,1,10,2.912,45,9,0,32.666668,23.833334,26
1179,2011,9,26,3.25,7,1,8,2.734375,33,20,0,34.666668,23.666666,127
1179,2011,10,127,12.7,101,1,10,2.6965,26,45,0,62,43.333332,25
1179,2011,11,25,3.125,9,1,8,2.8189583,127,33,0,59.333332,46,13
1180,2011,1,4,1.3333334,2,1,3,10.79,65,0,0,34.5,34.5,14
1180,2011,2,14,2,5,1,7,8.287143,4,0,0,27.666666,27.666666,21
1180,2011,3,21,4.2,13,1,5,8.454,14,65,0,13,26,10
1180,2011,4,10,1.6666666,3,1,6,7.87,21,4,0,15,22.8,20
1180,2011,5,20,2.2222223,6,1,9,6.8966665,10,14,0,17,22.333334,18
1180,2011,6,18,3,8,1,6,6.8966665,20,21,0,16,14.5,49
1180,2011,7,49,3.2666667,8,1,15,4.7926664,18,10,0,29,22,31
1180,2011,8,31,2.3846154,6,1,13,6.746923,49,20,0,32.666668,24.833334,39
1180,2011,9,39,2.4375,6,1,16,7.14,31,18,0,39.666668,27.833334,39
1180,2011,10,39,4.3333335,12,1,9,8.789259,39,49,0,36.333332,32.666668,71
1180,2011,11,71,4.4375,14,1,16,7.7544165,39,31,0,49.666668,41.166668,25
1181,2011,1,159,11.357142,27,2,14,0.84,22,0,0,90.5,90.5,2
1181,2011,2,2,1,1,1,2,2.46,159,0,0,61,61,46
1181,2011,3,46,5.75,12,1,8,1.855,2,22,0,69,57.25,25
1181,2011,4,25,8.333333,12,1,3,1.6533333,46,159,0,24.333334,50.8,21
1181,2011,5,21,7,12,3,3,1.25,25,2,0,30.666666,45.833332,211
1181,2011,6,211,21.1,120,1,10,1.389,21,46,0,85.666664,77.333336,95
1181,2011,7,95,5.9375,16,1,16,0.921875,211,25,0,109,66.666664,50
1181,2011,8,50,8.333333,12,1,6,1.9316666,95,21,0,118.666664,74.666664,8
1181,2011,9,8,2.6666667,5,1,3,1.25,50,211,0,51,68.333336,20
1181,2011,10,20,6.6666665,12,2,3,1.6533333,8,95,0,26,67.5,148
1181,2011,11,148,9.866667,45,1,15,1.6587111,20,50,0,58.666668,88.666664,27
1182,2011,1,140,10,27,1,14,0.955,10,0,0,75,75,14
1182,2011,2,14,7,12,2,2,1.25,140,0,0,54.666668,54.666668,19
1182,2011,3,19,3.8,12,1,5,1.976,14,10,0,57.666668,45.75,12
1182,2011,4,12,12,12,12,1,1.25,19,140,0,15,39,25
1182,2011,5,25,12.5,24,1,2,1.855,12,14,0,18.666666,36.666668,93
1182,2011,6,93,15.5,40,5,6,1.11,25,19,0,43.333332,50.5,79
1182,2011,7,79,4.9375,16,1,16,0.984375,93,12,0,65.666664,40.333332,2
1182,2011,8,2,1,1,1,2,2.46,79,25,0,58,38.333332,10
1182,2011,9,10,2.5,5,1,4,1.25,2,93,0,30.333334,36.833332,11
1182,2011,10,11,3.6666667,5,2,3,1.6533333,10,79,0,7.6666665,36.666668,47
1182,2011,11,47,3.9166667,13,1,12,1.8045833,11,2,0,22.666666,40.333332,7
1184,2011,1,14,2.3333333,4,1,6,15.1241665,11,0,0,12.5,12.5,16
1184,2011,2,16,2.2857144,4,1,7,13.622143,14,0,0,13.666667,13.666667,19
1184,2011,3,19,2.375,6,1,8,17.583124,16,11,0,16.333334,15,12
1184,2011,4,12,1.5,3,1,8,15.039375,19,14,0,15.666667,14.4,6
1184,2011,5,6,1.2,2,1,5,20.076,12,16,0,12.333333,13,6
1184,2011,6,6,1.5,2,1,4,15.8025,6,19,0,8,12.166667,6
1184,2011,7,6,1.2,2,1,5,15.192,6,12,0,6,10.833333,5
1184,2011,8,5,1,1,1,5,15.192,6,6,0,5.6666665,9,11
1184,2011,9,11,1.375,3,1,8,16.565624,5,6,0,7.3333335,7.6666665,18
1184,2011,10,18,2.5714285,4,1,7,16.238571,11,6,0,11.333333,8.666667,22
1184,2011,11,22,2.4444444,8,1,9,16.62,18,5,0,17,11.333333,3
1185,2011,1,25,2.2727273,4,1,11,7.95,30,0,0,27.5,27.5,25
1185,2011,2,25,2.2727273,7,1,11,8.187575,25,0,0,26.666666,26.666666,50
1185,2011,3,50,2.631579,8,1,19,10.219474,25,30,0,33.333332,32.5,41
1185,2011,4,41,3.4166667,12,1,12,10.236667,50,25,0,38.666668,34.2,19
1185,2011,5,19,2.375,6,1,8,8.93,41,25,0,36.666668,31.666666,11
1185,2011,6,11,2.75,4,1,4,9.91,19,50,0,23.666666,28.5,17
1185,2011,7,17,2.4285715,6,1,7,9.63,11,41,0,15.666667,27.166666,14
1185,2011,8,14,2,4,1,7,9.07,17,19,0,14,25.333334,13
1185,2011,9,13,1.8571428,4,1,7,10.19,14,11,0,14.666667,19.166666,27
1185,2011,10,27,2.25,8,1,12,9.91,13,17,0,18,16.833334,22
1185,2011,11,22,1.8333334,4,1,12,11.216666,27,14,0,20.666666,17.333334,7
1186,2011,1,88,8.8,24,1,10,2.1146667,28,0,0,58,58,168
1186,2011,2,168,12,37,1,14,1.7378571,88,0,0,94.666664,94.666664,295
1186,2011,3,295,14.75,62,2,20,1.9350476,168,28,0,183.66667,144.75,99
1186,2011,4,99,8.25,25,1,12,2.265,295,88,0,187.33333,135.6,29
1186,2011,5,29,9.666667,12,5,3,1.65,99,168,0,141,117.833336,37
1186,2011,6,37,9.25,12,1,4,1.65,29,295,0,55,119.333336,29
1186,2011,7,29,14.5,24,5,2,1.65,37,99,0,31.666666,109.5,7
1186,2011,8,7,3.5,6,1,2,2.47,29,29,0,24.333334,82.666664,42
1186,2011,9,42,10.5,12,6,4,1.65,7,37,0,26,40.5,76
1186,2011,10,76,15.2,60,1,5,1.978,42,29,0,41.666668,36.666668,43
1186,2011,11,43,8.6,12,1,5,1.978,76,7,0,53.666668,39,13
1187,2011,1,113,9.416667,24,1,12,2.0827777,44,0,0,78.5,78.5,129
1187,2011,2,129,10.75,36,1,12,2.0941668,113,0,0,95.333336,95.333336,266
1187,2011,3,266,13.3,40,1,20,1.8850666,129,44,0,169.33333,138,110
1187,2011,4,110,9.166667,24,1,12,2.1283333,266,113,0,168.33333,132.4,23
1187,2011,5,23,7.6666665,12,2,3,1.65,110,129,0,133,114.166664,12
1187,2011,6,12,12,12,12,1,1.65,23,266,0,48.333332,108.833336,29
1187,2011,7,29,14.5,24,5,2,1.65,12,110,0,21.333334,94.833336,25
1187,2011,8,25,8.333333,12,1,3,1.65,29,23,0,22,77.5,73
1187,2011,9,73,24.333334,49,12,3,1.9233333,25,12,0,42.333332,45.333332,13
1187,2011,10,13,6.5,12,1,2,1.65,73,29,0,37,29.166666,21
1187,2011,11,21,5.25,12,1,4,1.65,13,25,0,35.666668,28.833334,13
1195,2011,1,308,19.25,74,1,16,1.5052084,596,0,0,452,452,313
1195,2011,2,313,19.5625,84,1,16,1.5398959,308,0,0,405.66666,405.66666,375
1195,2011,3,375,26.785715,174,1,14,1.4660715,313,596,0,332,398,571
1195,2011,4,571,31.722221,98,1,18,1.3753241,375,308,0,419.66666,432.6,708
1195,2011,5,708,59,360,1,12,1.2460417,571,313,0,551.3333,478.5,223
1195,2011,6,223,24.777779,48,3,9,1.25,708,375,0,500.66666,416.33334,279
1195,2011,7,279,23.25,72,2,12,1.4516667,223,571,0,403.33334,411.5,324
1195,2011,8,324,32.4,97,2,10,1.2903334,279,708,0,275.33334,413.33334,874
1195,2011,9,874,51.411766,288,3,17,1.3044118,324,223,0,492.33334,496.5,430
1195,2011,10,430,28.666666,120,1,15,1.3314445,874,279,0,542.6667,473,428
1195,2011,11,428,21.4,82,1,20,1.5625833,430,324,0,577.3333,426.33334,105
1196,2011,1,166,11.066667,36,1,15,1.9826666,379,0,0,272.5,272.5,183
1196,2011,2,183,14.076923,36,1,13,1.8392308,166,0,0,242.66667,242.66667,145
1196,2011,3,145,9.666667,24,1,15,1.8764762,183,379,0,164.66667,218.25,241
1196,2011,4,241,18.538462,48,2,13,1.65,145,166,0,189.66667,222.8,493
1196,2011,5,493,37.923077,264,3,13,1.7310257,241,183,0,293,267.83334,72
1196,2011,6,72,10.285714,36,1,7,2.1185715,493,145,0,268.66666,216.66667,146
1196,2011,7,146,13.272727,24,2,11,1.8984848,72,241,0,237,213.33333,135
1196,2011,8,135,13.5,26,2,10,1.814,146,493,0,117.666664,205.33333,275
1196,2011,9,275,18.333334,48,1,15,1.746,135,72,0,185.33333,227,187
1196,2011,10,187,17,53,1,11,1.9978788,275,146,0,199,218,337
1196,2011,11,337,30.636364,252,1,11,2.0633333,187,135,0,266.33334,192,48
1197,2011,1,203,12.6875,32,1,16,1.931875,233,0,0,218,218,276
1197,2011,2,276,13.8,36,1,20,1.937,203,0,0,237.33333,237.33333,261
1197,2011,3,261,13.05,37,1,20,1.9096667,276,233,0,246.66667,243.25,303
1197,2011,4,303,16.833334,48,1,18,1.8588889,261,203,0,280,255.2,410
1197,2011,5,410,31.538462,252,1,13,1.6448718,303,276,0,324.66666,281,241
1197,2011,6,241,13.388889,46,1,18,2.06,410,261,0,318,282.33334,407
1197,2011,7,407,33.916668,243,1,12,1.915,241,303,0,352.66666,316.33334,207
1197,2011,8,207,15.923077,55,1,13,1.8392308,407,410,0,285,304.83334,231
1197,2011,9,231,13.588235,36,1,17,1.7888235,207,241,0,281.66666,299.83334,132
1197,2011,10,132,12,38,1,11,1.8736364,231,407,0,190,271.33334,202
1197,2011,11,202,12.625,43,1,16,1.978,132,207,0,188.33333,236.66667,50
1198,2011,1,285,19,96,1,15,1.9255556,354,0,0,319.5,319.5,211
1198,2011,2,211,13.1875,65,1,16,1.7566875,285,0,0,283.33334,283.33334,436
1198,2011,3,436,24.222221,291,1,18,1.9195833,211,354,0,310.66666,321.5,275
1198,2011,4,275,16.17647,48,2,17,1.6240196,436,285,0,307.33334,312.2,734
1198,2011,5,734,43.17647,360,1,17,1.5081862,275,211,0,481.66666,382.5,165
1198,2011,6,165,11.785714,57,1,14,1.9155,734,436,0,391.33334,351,225
1198,2011,7,225,15,72,1,15,1.9464222,165,275,0,374.66666,341,494
1198,2011,8,494,35.285713,84,6,14,1.4156548,225,734,0,294.66666,388.16666,281
1198,2011,9,281,18.733334,48,1,15,1.4927778,494,165,0,333.33334,362.33334,305
1198,2011,10,305,21.785715,76,1,14,1.5957143,281,225,0,360,367.33334,315
1198,2011,11,315,15.75,48,1,20,1.6835834,305,494,0,300.33334,297.5,91
1199,2011,1,26,8.666667,24,1,3,2.0733333,181,0,0,103.5,103.5,98
1199,2011,2,98,24.5,48,2,4,1.5525,26,0,0,101.666664,101.666664,28
1199,2011,3,28,9.333333,24,1,3,2.0566666,98,181,0,50.666668,83.25,48
1199,2011,4,48,24,24,24,2,1.25,28,26,0,58,76.2,24
1199,2011,5,24,24,24,24,1,1.25,48,98,0,33.333332,67.5,3
1199,2011,6,3,1.5,2,1,2,2.46,24,28,0,25,37.833332,25
1199,2011,7,25,12.5,24,1,2,1.855,3,48,0,17.333334,37.666668,10
1199,2011,8,10,3.3333333,6,1,3,2.46,25,24,0,12.666667,23,32
1199,2011,9,32,6.4,24,1,5,2.218,10,3,0,22.333334,23.666666,115
1199,2011,10,115,16.428572,48,1,7,1.5957143,32,25,0,52.333332,34.833332,260
1199,2011,11,260,23.636364,98,1,11,2.02,115,10,0,135.66667,74.166664,529
1200,2011,1,115,8.846154,24,2,13,3.2992308,135,0,0,125,125,94
1200,2011,2,94,13.428572,36,1,7,2.9160714,115,0,0,114.666664,114.666664,79
1200,2011,3,79,7.9,24,1,10,3.273,94,135,0,96,105.75,105
1200,2011,4,105,17.5,36,6,6,2.7843056,79,115,0,92.666664,105.6,100
1200,2011,5,100,11.111111,36,1,9,3.0355556,105,94,0,94.666664,104.666664,58
1200,2011,6,58,6.4444447,12,1,9,3.0855556,100,79,0,87.666664,91.833336,51
1200,2011,7,51,6.375,12,1,8,3.1525,58,105,0,69.666664,81.166664,61
1200,2011,8,61,6.1,15,1,10,3.1525,51,100,0,56.666668,75.666664,66
1200,2011,9,66,6.6,12,1,10,3.1525,61,58,0,59.333332,73.5,102
1200,2011,10,102,10.2,19,1,10,2.6303334,66,51,0,76.333336,73,524
1200,2011,11,524,34.933334,432,1,15,3.3383334,102,61,0,230.66667,143.66667,52
1201,2011,1,114,8.769231,24,2,13,3.1370513,184,0,0,149,149,161
1201,2011,2,161,14.636364,48,1,11,3.4292727,114,0,0,153,153,263
1201,2011,3,263,17.533333,145,1,15,2.9366667,161,184,0,179.33333,180.5,109
1201,2011,4,109,13.625,25,1,8,2.9868126,263,114,0,177.66667,166.2,189
1201,2011,5,189,15.75,72,1,12,2.8766668,109,161,0,187,170,58
1201,2011,6,58,5.8,12,1,10,3.032,189,263,0,118.666664,149,127
1201,2011,7,127,15.875,73,1,8,3.275,58,109,0,124.666664,151.16667,148
1201,2011,8,148,13.454545,52,4,11,2.7638183,127,189,0,111,149,186
1201,2011,9,186,15.5,97,1,12,2.9329166,148,58,0,153.66667,136.16667,100
1201,2011,10,100,9.090909,20,1,11,2.8786364,186,127,0,144.66667,134.66667,527
1201,2011,11,527,29.277779,432,1,18,3.251574,100,148,0,271,191,59
1202,2011,1,177,11.0625,42,6,16,2.8371875,101,0,0,139,139,189
1202,2011,2,189,14.538462,36,3,13,2.4807692,177,0,0,155.66667,155.66667,279
1202,2011,3,279,17.4375,48,6,16,2.4703126,189,101,0,215,186.5,111
1202,2011,4,111,11.1,36,1,10,2.7508333,279,177,0,193,171.4,213
1202,2011,5,213,19.363636,54,6,11,2.6631818,111,189,0,201,178.33333,82
1202,2011,6,82,9.111111,48,1,9,2.8011112,213,279,0,135.33333,175.16667,112
1202,2011,7,112,10.181818,42,1,11,3.1868181,82,111,0,135.66667,164.33333,127
1202,2011,8,127,9.769231,36,1,13,2.7007692,112,213,0,107,154,119
1202,2011,9,119,8.5,25,2,14,2.6360714,127,82,0,119.333336,127.333336,167
1202,2011,10,167,13.916667,72,1,12,2.7133334,119,112,0,137.66667,136.66667,589
1202,2011,11,589,39.266666,432,2,15,2.746,167,127,0,291.66666,199.33333,64
1203,2011,1,262,14.555555,36,2,18,2.745463,58,0,0,160,160,315
1203,2011,2,315,24.23077,108,3,13,2.4288461,262,0,0,211.66667,211.66667,293
1203,2011,3,293,16.277779,43,6,18,2.6005557,315,58,0,290,232,178
1203,2011,4,178,13.692307,36,4,13,2.7168462,293,262,0,262,221.2,264
1203,2011,5,264,14.666667,36,6,18,2.5803332,178,315,0,245,228.33333,158
1203,2011,6,158,14.363636,48,1,11,2.865,264,293,0,200,245,170
1203,2011,7,170,12.142858,42,1,14,2.5878572,158,178,0,197.33333,229.66667,112
1203,2011,8,112,8,24,1,14,2.8942857,170,264,0,146.66667,195.83333,106
1203,2011,9,106,7.571429,24,1,14,2.8942857,112,158,0,129.33333,164.66667,199
1203,2011,10,199,15.307693,72,5,13,2.5153847,106,170,0,139,168.16667,635
1203,2011,11,635,37.35294,432,1,17,2.9251962,199,112,0,313.33334,230,72
1205,2011,1,222,111,216,6,2,2.325,29,0,0,125.5,125.5,14
1205,2011,2,14,4.6666665,6,2,3,2.55,222,0,0,88.333336,88.333336,236
1205,2011,3,236,47.2,216,1,5,2.46,14,29,0,157.33333,125.25,54
1205,2011,4,54,9,12,6,6,2.55,236,222,0,101.333336,111,30
1205,2011,5,30,7.5,12,6,4,2.55,54,14,0,106.666664,97.5,19
1205,2011,6,19,4.75,6,1,4,3.1525,30,236,0,34.333332,95.833336,24
1205,2011,7,24,4,7,1,6,3.3533332,19,54,0,24.333334,62.833332,9
1205,2011,8,9,3,6,1,3,3.3533332,24,30,0,17.333334,62,8
1205,2011,9,8,2.6666667,6,1,3,3.3533332,9,19,0,13.666667,24,13
1205,2011,10,13,6.5,12,1,2,2.55,8,24,0,10,17.166666,23
1205,2011,11,23,5.75,18,1,4,3.755,13,9,0,14.666667,16,12
1208,2011,1,16,2.6666667,6,1,6,3.755,28,0,0,22,22,8
1208,2011,2,8,1.3333334,3,1,6,4.3575,16,0,0,17.333334,17.333334,13
1208,2011,3,13,2.6,7,1,5,4.237,8,28,0,12.333333,16.25,19
1208,2011,4,19,2.7142856,12,1,7,3.9271429,13,16,0,13.333333,16.8,7
1208,2011,5,7,1.75,2,1,4,4.96,19,8,0,13,15.166667,59
1208,2011,6,59,14.75,50,1,4,3.04,7,13,0,28.333334,20.333334,7
1208,2011,7,7,1.4,2,1,5,3.032,59,19,0,24.333334,18.833334,3
1208,2011,8,3,1,1,1,3,4.1566668,7,7,0,23,18,12
1208,2011,9,12,2,6,1,6,3.755,3,59,0,7.3333335,17.833334,22
1208,2011,10,22,3.6666667,16,1,6,3.755,12,7,0,12.333333,18.333334,42
1208,2011,11,42,3.2307692,19,1,13,4.4965386,22,3,0,25.333334,24.166666,14
1211,2011,1,43,4.3,8,1,10,3.234,88,0,0,65.5,65.5,11
1211,2011,2,11,3.6666667,8,1,3,3.8966668,43,0,0,47.333332,47.333332,18
1211,2011,3,18,1.8,6,1,10,3.944,11,88,0,24,40,15
1211,2011,4,15,3,6,1,5,3.518,18,43,0,14.666667,35,10
1211,2011,5,10,2,3,1,5,3.768,15,11,0,14.333333,30.833334,120
1211,2011,6,120,15,96,1,8,3.61,10,18,0,48.333332,36.166668,18
1211,2011,7,18,3.6,6,1,5,3.154,120,15,0,49.333332,32,15
1211,2011,8,15,5,6,3,3,2.95,18,10,0,51,32.666668,157
1211,2011,9,157,14.272727,122,1,11,4.0936365,15,120,0,63.333332,55.833332,71
1211,2011,10,71,8.875,30,1,8,3.54625,157,18,0,81,65.166664,410
1211,2011,11,410,25.625,198,1,16,4.21,71,15,0,212.66667,131.83333,161
1212,2011,1,68,5.6666665,18,1,12,3.1866667,173,0,0,120.5,120.5,26
1212,2011,2,26,8.666667,24,1,3,3.8966668,68,0,0,89,89,20
1212,2011,3,20,2.5,6,1,8,3.66,26,173,0,38,71.75,18
1212,2011,4,18,4.5,6,1,4,2.95,20,68,0,21.333334,61,11
1212,2011,5,11,2.2,6,1,5,4.086,18,26,0,16.333334,52.666668,23
1212,2011,6,23,5.75,12,1,4,2.95,11,20,0,17.333334,27.666666,14
1212,2011,7,14,7,12,2,2,2.95,23,18,0,16,18.666666,20
1212,2011,8,20,5,6,2,4,2.95,14,11,0,19,17.666666,28
1212,2011,9,28,3.5,12,1,8,4.37,20,23,0,20.666666,19,38
1212,2011,10,38,3.8,14,1,10,3.802,28,14,0,28.666666,22.333334,161
1212,2011,11,161,10.0625,51,1,16,3.3773959,38,20,0,75.666664,47.333332,49
1213,2011,1,73,9.125,24,1,8,3.66,67,0,0,70,70,4
1213,2011,2,4,1.3333334,2,1,3,4.73,73,0,0,48,48,13
1213,2011,3,13,4.3333335,6,1,3,2.95,4,67,0,30,39.25,7
1213,2011,4,7,3.5,6,1,2,2.95,13,73,0,8,32.8,4
1213,2011,5,4,1.3333334,2,1,3,3.8966668,7,4,0,8,28,16
1213,2011,6,16,8,12,4,2,2.95,4,13,0,9,19.5,9
1213,2011,7,9,3,6,1,3,2.95,16,7,0,9.666667,8.833333,11
1213,2011,8,11,3.6666667,6,2,3,2.95,9,4,0,12,10,6
1213,2011,9,6,6,6,6,1,2.95,11,16,0,8.666667,8.833333,283
1213,2011,10,283,47.166668,255,1,6,3.3566666,6,9,0,100,54.833332,42
1213,2011,11,42,4.2,13,1,10,4.018,283,11,0,110.333336,61.166668,30
1214,2011,1,45,4.5,12,1,10,3.518,173,0,0,109,109,2
1214,2011,2,2,1,1,1,2,4.37,45,0,0,73.333336,73.333336,22
1214,2011,3,22,3.142857,6,1,7,3.3557143,2,173,0,23,60.5,20
1214,2011,4,20,5,12,1,4,3.66,22,45,0,14.666667,52.4,10
1214,2011,5,10,2,6,1,5,4.586,20,2,0,17.333334,45.333332,26
1214,2011,6,26,8.666667,12,2,3,2.95,10,22,0,18.666666,20.833334,18
1214,2011,7,18,4.5,6,2,4,2.95,26,20,0,18,16.333334,20
1214,2011,8,20,5,6,3,4,2.95,18,10,0,21.333334,19.333334,17
1214,2011,9,17,3.4,6,1,5,4.086,20,26,0,18.333334,18.5,70
1214,2011,10,70,5.3846154,18,1,13,3.9176924,17,18,0,35.666668,26.833334,43
1214,2011,11,43,3.3076923,8,1,13,4.115128,70,20,0,43.333332,32.333332,105
1215,2011,1,78,7.8,24,1,10,1.597,75,0,0,76.5,76.5,46
1215,2011,2,46,5.75,13,1,8,1.25,78,0,0,66.333336,66.333336,30
1215,2011,3,30,5,13,1,6,1.3508333,46,75,0,51.333332,57.25,115
1215,2011,4,115,19.166666,96,1,6,1.6216667,30,78,0,63.666668,68.8,35
1215,2011,5,35,3.5,12,1,10,1.3105,115,46,0,60,63.166668,48
1215,2011,6,48,4,13,1,12,1.5020833,35,30,0,66,58.666668,130
1215,2011,7,130,7.647059,60,1,17,1.25,48,115,0,71,67.333336,121
1215,2011,8,121,12.1,96,1,10,1.5335,130,35,0,99.666664,79.833336,136
1215,2011,9,136,17,72,1,8,1.779375,121,48,0,129,97.5,31
1215,2011,10,31,4.428571,13,1,7,1.3364285,136,130,0,96,83.5,70
1215,2011,11,70,5,22,1,14,1.5957143,31,121,0,79,89.333336,3
1216,2011,1,15,5,12,1,3,1.6533333,42,0,0,28.5,28.5,2
1216,2011,2,2,1,1,1,2,1.25,15,0,0,19.666666,19.666666,16
1216,2011,3,16,5.3333335,12,1,3,1.6533333,2,42,0,11,18.75,194
1216,2011,4,194,64.666664,192,1,3,1.1866666,16,15,0,70.666664,53.8,218
1216,2011,5,218,43.6,192,1,5,1.212,194,2,0,142.66667,81.166664,23
1216,2011,6,23,5.75,12,2,4,1.25,218,16,0,145,78,14
1216,2011,7,14,2,4,1,7,1.25,23,194,0,85,77.833336,102
1216,2011,8,102,20.4,96,1,5,1.212,14,218,0,46.333332,94.5,2
1216,2011,9,2,1,1,1,2,1.25,102,23,0,39.333332,92.166664,2
1216,2011,10,2,1,1,1,2,2.46,2,14,0,35.333332,60.166668,28
1216,2011,11,28,5.6,12,1,5,1.492,2,102,0,10.666667,28.5,3
1218,2011,1,69,5.75,12,1,12,3.8733332,51,0,0,60,60,53
1218,2011,2,53,4.076923,9,1,13,4.1515384,69,0,0,57.666668,57.666668,55
1218,2011,3,55,4.230769,18,1,13,3.6053846,53,51,0,59,57,40
1218,2011,4,40,6.6666665,17,1,6,4.1455555,55,69,0,49.333332,53.6,20
1218,2011,5,20,5,7,1,4,3.66,40,53,0,38.333332,48,49
1218,2011,6,49,4.0833335,12,1,12,4.1727777,20,55,0,36.333332,47.666668,29
1218,2011,7,29,3.625,12,1,8,4.6066666,49,40,0,32.666668,41,25
1218,2011,8,25,3.5714285,6,1,7,3.7614286,29,20,0,34.333332,36.333332,18
1218,2011,9,18,4.5,13,1,4,3.66,25,49,0,24,30.166666,39
1218,2011,10,39,3.9,12,1,10,3.234,18,29,0,27.333334,30,11
1218,2011,11,11,2.2,6,1,5,3.234,39,25,0,22.666666,28.5,3
1219,2011,1,48,16,24,12,3,0.65,84,0,0,66,66,48
1219,2011,2,48,16,24,12,3,0.65,48,0,0,60,60,61
1219,2011,3,61,12.2,24,1,5,0.65,48,84,0,52.333332,60.25,60
1219,2011,4,60,15,24,12,4,0.65,61,48,0,56.333332,60.2,12
1219,2011,5,12,12,12,12,1,0.65,60,48,0,44.333332,52.166668,72
1219,2011,6,72,18,36,12,4,0.65,12,61,0,48,50.166668,24
1219,2011,7,24,12,12,12,2,0.65,72,60,0,36,46.166668,96
1219,2011,8,96,19.2,36,12,5,0.65,24,12,0,64,54.166668,36
1219,2011,9,36,18,24,12,2,0.65,96,72,0,52,50,121
1219,2011,10,121,15.125,25,12,8,0.65,36,24,0,84.333336,60.166668,60
1219,2011,11,60,15,24,12,4,0.65,121,96,0,72.333336,68.166664,624
1220,2011,1,1,1,1,1,1,5.95,3,0,0,2,2,7
1220,2011,2,7,2.3333333,3,1,3,5.95,1,0,0,3.6666667,3.6666667,11
1220,2011,3,11,3.6666667,5,3,3,5.95,7,3,0,6.3333335,5.5,16
1220,2011,4,16,3.2,4,3,5,5.95,11,1,0,11.333333,7.6,22
1220,2011,5,22,4.4,6,3,5,5.95,16,7,0,16.333334,10,15
1220,2011,6,15,2.5,6,1,6,6.8966665,22,11,0,17.666666,12,18
1220,2011,7,18,2.5714285,7,1,7,6.7614284,15,16,0,18.333334,14.833333,19
1220,2011,8,19,3.1666667,9,1,6,5.95,18,22,0,17.333334,16.833334,10
1220,2011,9,10,2.5,6,1,4,7.37,19,15,0,15.666667,16.666666,41
1220,2011,10,41,4.1,15,1,10,6.092,10,18,0,23.333334,20.833334,23
1220,2011,11,23,2.5555556,4,1,9,5.95,41,19,0,24.666666,21,3
1221,2011,1,61,5.5454545,25,1,11,1.5881819,75,0,0,68,68,71
1221,2011,2,71,7.1,27,1,10,1.357,61,0,0,69,69,208
1221,2011,3,208,12.235294,26,1,17,1.2247059,71,75,0,113.333336,103.75,128
1221,2011,4,128,11.636364,36,1,11,1.2565454,208,61,0,135.66667,108.6,30
1221,2011,5,30,6,12,1,5,1.24,128,71,0,122,95.5,43
1221,2011,6,43,6.142857,24,1,7,1.4071429,30,208,0,67,90.166664,17
1221,2011,7,17,3.4,12,1,5,1.474,43,128,0,30,82.833336,76
1221,2011,8,76,15.2,48,1,5,1.162,17,30,0,45.333332,83.666664,97
1221,2011,9,97,19.4,35,1,5,1.084,76,43,0,63.333332,65.166664,27
1221,2011,10,27,6.75,12,1,4,1.24,97,17,0,66.666664,48.333332,81
1221,2011,11,81,9,24,1,9,1.1533333,27,76,0,68.333336,56.833332,3
1224,2011,1,6,1.2,2,1,5,3.944,24,0,0,15,15,26
1224,2011,2,26,8.666667,24,1,3,2.6766667,6,0,0,18.666666,18.666666,7
1224,2011,3,7,3.5,5,2,2,2.495,26,24,0,13,15.75,5
1224,2011,4,5,1.6666666,2,1,3,3.4033334,7,6,0,12.666667,13.6,1
1224,2011,5,1,1,1,1,1,4.13,5,26,0,4.3333335,11.5,29
1224,2011,6,29,7.25,13,1,4,3.3125,1,7,0,11.666667,12.333333,39
1224,2011,7,39,5.571429,12,1,7,2.8842857,29,5,0,23,17.833334,15
1224,2011,8,15,5,12,1,3,3.4033334,39,1,0,27.666666,16,83
1224,2011,9,83,10.375,48,1,8,2.73,15,29,0,45.666668,28.666666,33
1224,2011,10,33,5.5,13,1,6,3.4033334,83,39,0,43.666668,33.333332,12
1224,2011,11,12,1.5,3,1,8,4.13,33,15,0,42.666668,35.166668,6
1226,2011,1,810,42.63158,236,1,19,3.7259297,535,0,0,672.5,672.5,603
1226,2011,2,603,33.5,201,3,18,3.9205186,810,0,0,649.3333,649.3333,507
1226,2011,3,507,22.043478,153,1,23,4.1152754,603,535,0,640,613.75,386
1226,2011,4,386,19.3,102,1,20,3.5544667,507,810,0,498.66666,568.2,585
1226,2011,5,585,29.25,246,5,20,3.0013332,386,603,0,492.66666,571,957
1226,2011,6,957,38.28,295,1,25,3.5908267,585,507,0,642.6667,641.3333,398
1226,2011,7,398,18.09091,65,1,22,3.254303,957,386,0,646.6667,572.6667,1045
1226,2011,8,1045,45.434784,252,1,23,3.2856522,398,585,0,800,646.3333,597
1226,2011,9,597,27.136364,144,1,22,3.1442878,1045,957,0,680,661.3333,908
1226,2011,10,908,36.32,207,1,25,3.0861866,597,398,0,850,748.3333,956
1226,2011,11,956,38.24,144,2,25,3.4286134,908,1045,0,820.3333,810.1667,273
1227,2011,1,45,3.4615386,6,2,13,4.517692,69,0,0,57,57,28
1227,2011,2,28,3.1111112,8,1,9,5.1485186,45,0,0,47.333332,47.333332,133
1227,2011,3,133,12.090909,109,1,11,4.9857574,28,69,0,68.666664,68.75,48
1227,2011,4,48,3.6923077,12,1,13,3.7669232,133,45,0,69.666664,64.6,63
1227,2011,5,63,4.8461537,12,1,13,3.7992308,48,28,0,81.333336,64.333336,102
1227,2011,6,102,8.5,49,1,12,4.4755554,63,133,0,71,69.833336,81
1227,2011,7,81,4.5,9,1,18,3.7766666,102,48,0,82,75.833336,139
1227,2011,8,139,8.176471,50,1,17,4.429804,81,63,0,107.333336,94.333336,112
1227,2011,9,112,5.6,15,1,20,4.1276665,139,102,0,110.666664,90.833336,147
1227,2011,10,147,8.166667,48,2,18,4.117593,112,81,0,132.66667,107.333336,157
1227,2011,11,157,8.722222,49,1,18,4.689894,147,139,0,138.66667,123,54
1228,2011,1,461,23.05,218,1,20,3.525,1860,0,0,1160.5,1160.5,300
1228,2011,2,300,16.666666,106,1,18,3.164963,461,0,0,873.6667,873.6667,629
1228,2011,3,629,25.16,158,1,25,3.2595732,300,1860,0,463.33334,812.5,270
1228,2011,4,270,16.875,49,1,16,3.1583333,629,461,0,399.66666,704,576
1228,2011,5,576,24,259,1,24,3.2854722,270,300,0,491.66666,682.6667,605
1228,2011,6,605,28.809525,202,1,21,3.4479842,576,629,0,483.66666,473.5,260
1228,2011,7,260,12.380953,31,1,21,3.2293334,605,270,0,480.33334,440,399
1228,2011,8,399,18.136364,96,1,22,3.1303031,260,576,0,421.33334,456.5,439
1228,2011,9,439,19.954546,109,1,22,3.3624547,399,605,0,366,424.83334,392
1228,2011,10,392,15.68,96,1,25,3.1551068,439,260,0,410,445.16666,552
1228,2011,11,552,24,199,1,23,3.4674637,392,399,0,461,441.16666,104
1229,2011,1,111,10.090909,51,1,11,2.1504545,9,0,0,60,60,300
1229,2011,2,300,21.428572,144,1,14,1.9728571,111,0,0,140,140,268
1229,2011,3,268,15.764706,96,1,17,1.9115686,300,9,0,226.33333,172,50
1229,2011,4,50,6.25,13,1,8,2.5041666,268,111,0,206,147.6,211
1229,2011,5,211,15.071428,60,1,14,2.0457144,50,300,0,176.33333,158.16667,71
1229,2011,6,71,6.4545455,32,1,11,2.1672728,211,268,0,110.666664,168.5,161
1229,2011,7,161,8.944445,27,1,18,1.6379629,71,50,0,147.66667,176.83333,86
1229,2011,8,86,6.6153846,24,1,13,1.8392308,161,211,0,106,141.16667,195
1229,2011,9,195,12.1875,60,1,16,1.9444166,86,71,0,147.33333,129,41
1229,2011,10,41,5.125,14,1,8,2.06,195,161,0,107.333336,127.5,89
1229,2011,11,89,6.357143,16,1,14,2.4114287,41,86,0,108.333336,107.166664,12
1230,2011,1,357,23.8,144,1,15,1.8966666,93,0,0,225,225,226
1230,2011,2,226,28.25,146,2,8,1.9325,357,0,0,225.33333,225.33333,166
1230,2011,3,166,15.090909,97,1,11,1.9639394,226,93,0,249.66667,210.5,54
1230,2011,4,54,7.714286,16,1,7,1.65,166,357,0,148.66667,179.2,36
1230,2011,5,36,5.142857,10,1,7,2.352857,54,226,0,85.333336,155.33333,138
1230,2011,6,138,11.5,48,1,12,1.9863889,36,166,0,76,162.83333,67
1230,2011,7,67,5.5833335,20,1,12,2.5383334,138,54,0,80.333336,114.5,116
1230,2011,8,116,14.5,48,4,8,1.83,67,36,0,107,96.166664,164
1230,2011,9,164,13.666667,48,1,12,1.8383334,116,138,0,115.666664,95.833336,258
1230,2011,10,258,17.2,50,1,15,2.0357778,164,67,0,179.33333,129.83333,146
1230,2011,11,146,11.230769,49,1,13,1.8315384,258,116,0,189.33333,148.16667,19
1231,2011,1,57,6.3333335,16,1,9,1.65,33,0,0,45,45,163
1231,2011,2,163,13.583333,48,1,12,1.8155556,57,0,0,84.333336,84.333336,168
1231,2011,3,168,12,96,1,14,1.7528571,163,33,0,129.33333,105.25,36
1231,2011,4,36,7.2,16,1,5,1.65,168,57,0,122.333336,91.4,45
1231,2011,5,45,5,8,1,9,1.9233333,36,163,0,83,83.666664,153
1231,2011,6,153,13.909091,97,1,11,1.8645455,45,168,0,78,103.666664,51
1231,2011,7,51,6.375,15,1,8,1.855,153,36,0,83,102.666664,49
1231,2011,8,49,8.166667,16,1,6,1.9233333,51,45,0,84.333336,83.666664,50
1231,2011,9,50,4.1666665,8,1,12,1.7866666,49,153,0,50,64,130
1231,2011,10,130,9.285714,48,1,14,1.7528571,50,51,0,76.333336,79.666664,90
1231,2011,11,90,6.923077,16,1,13,1.8392308,130,49,0,90,87.166664,8
1232,2011,1,484,26.88889,104,2,18,1.8255556,177,0,0,330.5,330.5,649
1232,2011,2,649,46.357143,201,1,14,1.6809524,484,0,0,436.66666,436.66666,410
1232,2011,3,410,22.777779,97,1,18,1.81,649,177,0,514.3333,430,292
1232,2011,4,292,26.545454,152,1,11,1.7809091,410,484,0,450.33334,402.4,213
1232,2011,5,213,15.214286,96,1,14,2.1557143,292,649,0,305,370.83334,546
1232,2011,6,546,26,99,2,21,1.886508,213,410,0,350.33334,432.33334,249
1232,2011,7,249,15.5625,50,1,16,2.27,546,292,0,336,393.16666,292
1232,2011,8,292,17.17647,56,1,17,2.012353,249,213,0,362.33334,333.66666,507
1232,2011,9,507,26.68421,153,1,19,1.7714036,292,546,0,349.33334,349.83334,254
1232,2011,10,254,13.368421,96,1,19,1.7833333,507,249,0,351,343.5,400
1232,2011,11,400,21.052631,64,1,19,1.7889473,254,292,0,387,374.66666,21
1233,2011,1,56,7,16,2,8,1.65,18,0,0,37,37,115
1233,2011,2,115,10.454545,48,1,11,1.7809091,56,0,0,63,63,165
1233,2011,3,165,15,96,1,11,2.0045455,115,18,0,112,88.5,47
1233,2011,4,47,7.8333335,16,3,6,1.65,165,56,0,109,80.2,42
1233,2011,5,42,6,13,1,7,1.8842857,47,115,0,84.666664,73.833336,55
1233,2011,6,55,6.111111,12,1,9,1.65,42,165,0,48,80,10
1233,2011,7,10,5,8,2,2,2.06,55,47,0,35.666668,72.333336,53
1233,2011,8,53,8.833333,16,2,6,1.65,10,42,0,39.333332,62,22
1233,2011,9,22,5.5,8,1,4,1.65,53,55,0,28.333334,38.166668,59
1233,2011,10,59,7.375,16,2,8,1.7525,22,10,0,44.666668,40.166668,57
1233,2011,11,57,7.125,16,1,8,2.06,59,53,0,46,42.666668,8
1234,2011,1,81,6.75,17,1,12,1.03125,198,0,0,139.5,139.5,360
1234,2011,2,360,51.42857,288,2,7,0.80714285,81,0,0,213,213,183
1234,2011,3,183,11.4375,48,1,16,0.96875,360,198,0,208,205.5,170
1234,2011,4,170,17,32,1,10,0.766,183,81,0,237.66667,198.4,155
1234,2011,5,155,15.5,48,1,10,0.81,170,360,0,169.33333,191.16667,129
1234,2011,6,129,9.214286,24,1,14,0.95714283,155,183,0,151.33333,179.66667,142
1234,2011,7,142,12.909091,33,1,11,0.8290909,129,170,0,142,189.83333,432
1234,2011,8,432,36,288,2,12,0.81666666,142,155,0,234.33333,201.83333,142
1234,2011,9,142,15.777778,96,1,9,0.95,432,129,0,238.66667,195,178
1234,2011,10,178,16.181818,48,1,11,0.8681818,142,142,0,250.66667,196.33333,152
1234,2011,11,152,8,26,1,19,0.9868421,178,432,0,157.33333,195.83333,64
1240,2011,1,105,17.5,61,1,6,2.4366667,27,0,0,66,66,33
1240,2011,2,33,5.5,13,1,6,2.6066666,105,0,0,55,55,54
1240,2011,3,54,6.75,12,1,8,2.06,33,27,0,64,54.75,42
1240,2011,4,42,8.4,12,1,5,2.266,54,105,0,43,52.2,45
1240,2011,5,45,7.5,12,1,6,2.1966667,42,33,0,47,51,15
1240,2011,6,15,3.75,12,1,4,2.88,45,54,0,34,49,18
1240,2011,7,18,4.5,12,1,4,2.47,15,42,0,26,34.5,31
1240,2011,8,31,6.2,14,1,5,2.306,18,45,0,21.333334,34.166668,53
1240,2011,9,53,8.833333,24,1,6,2.47,31,15,0,34,34,14
1240,2011,10,14,4.6666665,12,1,3,2.1966667,53,18,0,32.666668,29.333334,11
1240,2011,11,11,2.75,6,1,4,2.88,14,31,0,26,23.666666,5
1241,2011,1,195,10.263158,32,1,19,1.9258684,96,0,0,145.5,145.5,39
1241,2011,2,39,7.8,12,1,5,2.306,195,0,0,110,110,42
1241,2011,3,42,4.6666665,12,1,9,2.7433333,39,96,0,92,93,15
1241,2011,4,15,3.75,12,1,4,2.83,42,195,0,32,77.4,27
1241,2011,5,27,5.4,12,1,5,2.306,15,39,0,28,69,49
1241,2011,6,49,8.166667,24,1,6,1.4666667,27,42,0,30.333334,61.166668,120
1241,2011,7,120,8,28,1,15,1.3366667,49,15,0,65.333336,48.666668,87
1241,2011,8,87,14.5,48,1,6,1.5966667,120,27,0,85.333336,56.666668,147
1241,2011,9,147,21,25,2,7,0.93142855,87,49,0,118,74.166664,110
1241,2011,10,110,15.714286,48,2,7,0.75,147,120,0,114.666664,90,62
1241,2011,11,62,7.75,25,1,8,2.17875,110,87,0,106.333336,95.833336,8
1242,2011,1,532,33.25,65,6,16,0.340625,390,0,0,461,461,54
1242,2011,2,54,18,24,6,3,0.63666666,532,0,0,325.33334,325.33334,54
1242,2011,3,54,13.5,24,6,4,0.85,54,390,0,213.33333,257.5,126
1242,2011,4,126,31.5,72,6,4,0.8175,54,532,0,78,231.2,48
1242,2011,5,48,16,24,12,3,0.85,126,54,0,76,200.66667,92
1242,2011,6,92,13.142858,48,2,7,1.0728571,48,54,0,88.666664,151,101
1242,2011,7,101,20.2,72,2,5,0.824,92,126,0,80.333336,79.166664,29
1242,2011,8,29,7.25,12,2,4,1.045,101,48,0,74,75,48
1242,2011,9,48,16,24,12,3,0.85,29,92,0,59.333332,74,72
1242,2011,10,72,72,72,72,1,0.72,48,101,0,49.666668,65,56
1242,2011,11,56,11.2,36,1,5,1.162,72,29,0,58.666668,66.333336,375
1244,2011,1,311,20.733334,40,1,15,0.36066666,389,0,0,350,350,3
1244,2011,2,3,3,3,3,1,0.85,311,0,0,234.33333,234.33333,50
1244,2011,3,50,12.5,24,2,4,0.85,3,389,0,121.333336,188.25,18
1244,2011,4,18,9,12,6,2,0.85,50,311,0,23.666666,154.2,25
1244,2011,5,25,6.25,12,1,4,0.85,18,3,0,31,132.66667,8
1244,2011,6,8,4,6,2,2,1.24,25,50,0,17,69.166664,17
1244,2011,7,17,5.6666665,12,2,3,0.85,8,18,0,16.666666,20.166666,24
1244,2011,8,24,24,24,24,1,0.85,17,25,0,16.333334,23.666666,12
1244,2011,9,12,12,12,12,1,0.85,24,8,0,17.666666,17.333334,2
1244,2011,10,2,2,2,2,1,0.85,12,17,0,12.666667,14.666667,18
1244,2011,11,18,4.5,8,1,4,1.045,2,24,0,10.666667,13.5,243
1246,2011,1,360,22.5,60,1,16,1.040625,594,0,0,477,477,500
1246,2011,2,500,38.46154,294,1,13,0.985,360,0,0,484.66666,484.66666,234
1246,2011,3,234,12.315789,37,1,19,1.1063157,500,594,0,364.66666,422,191
1246,2011,4,191,15.916667,84,1,12,1.0666667,234,360,0,308.33334,375.8,290
1246,2011,5,290,26.363636,144,1,11,0.90909094,191,500,0,238.33333,361.5,338
1246,2011,6,338,21.125,144,1,16,0.9678125,290,234,0,273,318.83334,306
1246,2011,7,306,20.4,156,1,15,1.0614667,338,191,0,311.33334,309.83334,227
1246,2011,8,227,12.611111,48,1,18,1.0666667,306,290,0,290.33334,264.33334,223
1246,2011,9,223,11.736842,55,1,19,1.0278947,227,338,0,252,262.5,311
1246,2011,10,311,19.4375,161,1,16,0.981625,223,306,0,253.66667,282.5,462
1246,2011,11,462,19.25,56,1,24,1.147375,311,227,0,332,311.16666,50
1247,2011,1,76,10.857142,30,6,7,3.5985715,19,0,0,47.5,47.5,36
1247,2011,2,36,5.142857,14,1,7,4.4125,76,0,0,43.666668,43.666668,43
1247,2011,3,43,7.1666665,16,1,6,3.75,36,19,0,51.666668,43.5,30
1247,2011,4,30,4.285714,11,1,7,4.9425,43,76,0,36.333332,40.8,847
1247,2011,5,847,211.75,756,1,4,3.69625,30,36,0,306.66666,175.16667,37
1247,2011,6,37,4.625,12,1,8,3.75,847,43,0,304.66666,178.16667,29
1247,2011,7,29,4.142857,6,1,7,3.75,37,30,0,304.33334,170.33333,8
1247,2011,8,8,2.6666667,6,1,3,3.75,29,847,0,24.666666,165.66667,94
1247,2011,9,94,6.266667,13,1,15,3.75,8,37,0,43.666668,174.16667,103
1247,2011,10,103,7.923077,24,1,13,4.0076923,94,29,0,68.333336,186.33333,37
1247,2011,11,37,4.625,10,1,8,4.21375,103,8,0,78,51.333332,9
1248,2011,1,71,10.142858,30,2,7,2.9142857,33,0,0,52,52,44
1248,2011,2,44,6.285714,12,2,7,3.2385714,71,0,0,49.333332,49.333332,26
1248,2011,3,26,5.2,12,1,5,2.55,44,33,0,47,43.5,16
1248,2011,4,16,5.3333335,8,2,3,2.55,26,71,0,28.666666,38,946
1248,2011,5,946,105.111115,901,1,9,2.9122221,16,44,0,329.33334,189.33333,32
1248,2011,6,32,6.4,12,1,5,3.273,946,26,0,331.33334,189.16667,35
1248,2011,7,35,3.8888888,7,1,9,2.8177779,32,16,0,337.66666,183.16667,15
1248,2011,8,15,3,6,1,5,3.032,35,946,0,27.333334,178.33333,80
1248,2011,9,80,7.2727275,24,1,11,2.769091,15,32,0,43.333332,187.33333,60
1248,2011,10,60,5,12,1,12,2.9516666,80,35,0,51.666668,194.66667,33
1248,2011,11,33,4.714286,10,1,7,3.4107144,60,15,0,57.666668,42.5,19
1250,2011,1,163,9.055555,23,1,18,3.0590277,185,0,0,174,174,303
1250,2011,2,303,20.2,66,1,15,3.1476667,163,0,0,217,217,309
1250,2011,3,309,18.17647,124,1,17,3.378059,303,185,0,258.33334,240,136
1250,2011,4,136,11.333333,21,1,12,3.2495694,309,163,0,249.33333,219.2,447
1250,2011,5,447,24.833334,186,2,18,3.062787,136,303,0,297.33334,257.16666,266
1250,2011,6,266,13.3,66,1,20,3.1550417,447,309,0,283,270.66666,112
1250,2011,7,112,5.894737,28,1,19,3.5330262,266,136,0,275,262.16666,245
1250,2011,8,245,12.894737,66,1,19,3.154184,112,447,0,207.66667,252.5,391
1250,2011,9,391,17.772728,123,1,22,3.3267565,245,266,0,249.33333,266.16666,315
1250,2011,10,315,15.75,67,1,20,3.3321667,391,112,0,317,296,183
1250,2011,11,183,7.625,73,1,24,3.180625,315,245,0,296.33334,252,38
1252,2011,1,83,11.857142,60,2,7,3.9635713,29,0,0,56,56,82
1252,2011,2,82,13.666667,60,1,6,4.6175,83,0,0,64.666664,64.666664,99
1252,2011,3,99,16.5,50,4,6,4.278333,82,29,0,88,73.25,52
1252,2011,4,52,7.428571,12,4,7,4.28,99,83,0,77.666664,69,95
1252,2011,5,95,11.875,60,2,8,4.400625,52,82,0,82,73.333336,94
1252,2011,6,94,11.75,36,1,8,4.655,95,99,0,80.333336,84.166664,54
1252,2011,7,54,7.714286,30,2,7,4.2285714,94,52,0,81,79.333336,60
1252,2011,8,60,12,30,2,5,4.42,54,95,0,69.333336,75.666664,37
1252,2011,9,37,7.4,15,1,5,5.234,60,94,0,50.333332,65.333336,48
1252,2011,10,48,12,30,4,4,4.5875,37,54,0,48.333332,64.666664,16
1252,2011,11,16,4,9,1,4,5.605,48,60,0,33.666668,51.5,1
1253,2011,1,1318,57.304348,240,1,23,1.2724638,1981,0,0,1649.5,1649.5,1193
1253,2011,2,1193,62.789474,202,1,19,1.1955,1318,0,0,1497.3334,1497.3334,1581
1253,2011,3,1581,63.24,303,1,25,1.2018515,1193,1981,0,1364,1518.25,969
1253,2011,4,969,51,138,2,19,1.1332022,1581,1318,0,1247.6666,1408.4,1402
1253,2011,5,1402,60.95652,251,5,23,1.0734782,969,1193,0,1317.3334,1407.3334,1197
1253,2011,6,1197,47.88,224,1,25,1.0514705,1402,1581,0,1189.3334,1276.6666,1038
1253,2011,7,1038,45.130436,147,4,23,1.1648914,1197,969,0,1212.3334,1230,1474
1253,2011,8,1474,58.96,257,7,25,1.0667982,1038,1402,0,1236.3334,1276.8334,1201
1253,2011,9,1201,46.192307,173,1,26,1.2507885,1474,1197,0,1237.6666,1213.5,1578
1253,2011,10,1578,63.12,247,1,25,1.2388858,1201,1038,0,1417.6666,1315,2089
1253,2011,11,2089,83.56,305,2,25,1.2859943,1578,1474,0,1622.6666,1429.5,1131
1254,2011,1,567,28.35,143,1,20,1.3470559,618,0,0,592.5,592.5,628
1254,2011,2,628,33.05263,159,2,19,1.277777,567,0,0,604.3333,604.3333,1031
1254,2011,3,1031,41.24,165,2,25,1.1763067,628,618,0,742,711,457
1254,2011,4,457,26.882353,111,3,17,1.2191247,1031,567,0,705.3333,660.2,636
1254,2011,5,636,35.333332,205,1,18,1.259537,457,628,0,708,656.1667,951
1254,2011,6,951,41.347828,134,1,23,1.1418965,636,1031,0,681.3333,711.6667,620
1254,2011,7,620,23.846153,119,1,26,1.1706859,951,457,0,735.6667,720.5,1046
1254,2011,8,1046,52.3,203,2,20,1.0513875,620,636,0,872.3333,790.1667,744
1254,2011,9,744,29.76,103,1,25,1.27366,1046,951,0,803.3333,742.3333,770
1254,2011,10,770,32.083332,207,1,24,1.2783333,744,620,0,853.3333,794.5,1385
1254,2011,11,1385,55.4,222,1,25,1.2668734,770,1046,0,966.3333,919.3333,266
1255,2011,1,76,6.3333335,28,1,12,5.534167,37,0,0,56.5,56.5,32
1255,2011,2,32,4,12,1,8,5.45,76,0,0,48.333332,48.333332,63
1255,2011,3,63,4.2,12,1,15,5.249111,32,37,0,57,52,36
1255,2011,4,36,3.6,6,1,10,5.529333,63,76,0,43.666668,48.8,25
1255,2011,5,25,2.5,4,1,10,6.27,36,32,0,41.333332,44.833332,9
1255,2011,6,9,1.2857143,3,1,7,5.3871427,25,63,0,23.333334,40.166668,23
1255,2011,7,23,3.8333333,9,1,6,5.556667,9,36,0,19,31.333334,19
1255,2011,8,19,2.375,7,1,8,5.23,23,25,0,17,29.166666,14
1255,2011,9,14,2,5,1,7,4.767143,19,9,0,18.666666,21,24
1255,2011,10,24,2.4,7,1,10,4.998,14,23,0,19,19,79
1255,2011,11,79,4.647059,17,1,17,4.293137,24,19,0,39,28,31
1256,2011,1,84,4.9411764,24,1,17,3.7617648,62,0,0,73,73,46
1256,2011,2,46,2.875,7,1,16,3.92625,84,0,0,64,64,129
1256,2011,3,129,9.214286,54,1,14,4.353095,46,62,0,86.333336,80.25,55
1256,2011,4,55,4.5833335,7,1,12,3.4233334,129,84,0,76.666664,75.2,24
1256,2011,5,24,2.4,6,1,10,4.938,55,46,0,69.333336,66.666664,40
1256,2011,6,40,3.0769231,14,1,13,4.5319233,24,129,0,39.666668,63,76
1256,2011,7,76,5.0666666,16,1,15,3.3280222,40,55,0,46.666668,61.666668,33
1256,2011,8,33,3.6666667,11,1,9,4.37,76,24,0,49.666668,59.5,39
1256,2011,9,39,4.3333335,8,1,9,4.264815,33,40,0,49.333332,44.5,24
1256,2011,10,24,1.8461539,6,1,13,4.6976924,39,76,0,32,39.333332,63
1256,2011,11,63,3.5,12,1,18,4.790741,24,33,0,42,45.833332,25
1257,2011,1,8,2.6666667,6,1,3,3.9366667,13,0,0,10.5,10.5,10
1257,2011,2,10,2.5,6,1,4,3.66,8,0,0,10.333333,10.333333,15
1257,2011,3,15,3,6,1,5,3.1393332,10,13,0,11,11.5,37
1257,2011,4,37,3.7,12,1,10,3.518,15,8,0,20.666666,16.6,8
1257,2011,5,8,2.6666667,6,1,3,3.8966668,37,10,0,20,15.166667,14
1257,2011,6,14,4.6666665,12,1,3,2.95,8,15,0,19.666666,15.333333,11
1257,2011,7,11,2.2,6,1,5,3.518,14,37,0,11,15.833333,17
1257,2011,8,17,2.4285715,8,1,7,3.7614286,11,8,0,14,17,17
1257,2011,9,17,2.125,6,1,8,3.8375,17,14,0,15,17.333334,16
1257,2011,10,16,3.2,7,1,5,2.95,17,11,0,16.666666,13.833333,15
1257,2011,11,15,1.6666666,3,1,9,4.0544443,16,17,0,16,15,3
1258,2011,1,83,10.375,30,2,8,3.98,60,0,0,71.5,71.5,145
1258,2011,2,145,11.153846,54,1,13,4.105385,83,0,0,96,96,47
1258,2011,3,47,5.2222223,16,1,9,4.37,145,60,0,91.666664,83.75,136
1258,2011,4,136,12.363636,60,1,11,3.540909,47,83,0,109.333336,94.2,70
1258,2011,5,70,5.3846154,13,1,13,4.1776924,136,145,0,84.333336,90.166664,137
1258,2011,6,137,13.7,96,1,10,3.62,70,47,0,114.333336,103,53
1258,2011,7,53,7.571429,24,1,7,3.2985713,137,136,0,86.666664,98,45
1258,2011,8,45,4.5,12,1,10,3.376,53,70,0,78.333336,81.333336,78
1258,2011,9,78,4.875,26,1,16,3.47,45,137,0,58.666668,86.5,88
1258,2011,10,88,5.5,26,1,16,3.68125,78,53,0,70.333336,78.5,55
1258,2011,11,55,3.4375,14,1,16,3.970625,88,45,0,73.666664,76,19
1259,2011,1,137,9.785714,120,1,14,4.772857,14,0,0,75.5,75.5,30
1259,2011,2,30,2.7272727,6,1,11,4.628182,137,0,0,60.333332,60.333332,69
1259,2011,3,69,3.8333333,9,1,18,4.1990743,30,14,0,78.666664,62.5,69
1259,2011,4,69,6.9,27,2,10,3.9103334,69,137,0,56,63.8,66
1259,2011,5,66,7.3333335,25,1,9,3.821852,69,30,0,68,64.166664,66
1259,2011,6,66,5.076923,24,1,13,4.0115385,66,69,0,67,72.833336,44
1259,2011,7,44,2.75,7,1,16,4.3995833,66,69,0,58.666668,57.333332,24
1259,2011,8,24,2.1818182,7,1,11,4.628182,44,66,0,44.666668,56.333332,55
1259,2011,9,55,4.230769,9,1,13,4.388205,24,66,0,41,54,65
1259,2011,10,65,3.6111112,7,1,18,3.6862962,55,44,0,48,53.333332,75
1259,2011,11,75,4.4117646,14,1,17,4.6372943,65,24,0,65,54.833332,15
1260,2011,1,131,21.833334,121,1,6,4.5933332,28,0,0,79.5,79.5,18
1260,2011,2,18,2.5714285,7,1,7,3.9642856,131,0,0,59,59,33
1260,2011,3,33,3,9,1,11,4.3269696,18,28,0,60.666668,52.5,34
1260,2011,4,34,3.4,9,1,10,3.944,33,131,0,28.333334,48.8,12
1260,2011,5,12,1.7142857,6,1,7,4.5728574,34,18,0,26.333334,42.666668,23
1260,2011,6,23,2.875,7,1,8,3.66,12,33,0,23,41.833332,15
1260,2011,7,15,2.5,7,1,6,4.6066666,23,34,0,16.666666,22.5,15
1260,2011,8,15,3.75,6,2,4,4.37,15,12,0,17.666666,22,28
1260,2011,9,28,2.3333333,6,1,12,3.7783334,15,23,0,19.333334,21.166666,35
1260,2011,10,35,3.1818182,8,1,11,3.4663637,28,15,0,26,21.333334,31
1260,2011,11,31,2.5833333,6,1,12,4.0544443,35,15,0,31.333334,24.5,5
1261,2011,1,130,21.666666,120,1,6,4.3233333,4,0,0,67,67,38
1261,2011,2,38,4.2222223,10,1,9,3.5811112,130,0,0,57.333332,57.333332,137
1261,2011,3,137,17.125,120,1,8,3.255,38,4,0,101.666664,77.25,30
1261,2011,4,30,5,12,1,6,2.95,137,130,0,68.333336,67.8,15
1261,2011,5,15,3,6,1,5,3.518,30,38,0,60.666668,59,41
1261,2011,6,41,5.857143,24,1,7,3.2985713,15,137,0,28.666666,65.166664,25
1261,2011,7,25,25,25,25,1,2.75,41,30,0,27,47.666668,10
1261,2011,8,10,2.5,6,1,4,3.66,25,15,0,25.333334,43,16
1261,2011,9,16,2.2857144,6,1,7,3.5585713,10,41,0,17,22.833334,20
1261,2011,10,20,2.5,7,1,8,4.5475,16,25,0,15.333333,21.166666,8
1261,2011,11,8,1.6,4,1,5,4.654,20,10,0,14.666667,20,7
1262,2011,1,74,8.222222,32,1,9,4.481852,13,0,0,43.5,43.5,23
1262,2011,2,23,1.9166666,6,1,12,4.488333,74,0,0,36.666668,36.666668,50
1262,2011,3,50,4.1666665,24,1,12,3.9816666,23,13,0,49,40,79
1262,2011,4,79,7.9,25,1,10,3.813,50,74,0,50.666668,47.8,60
1262,2011,5,60,6,24,1,10,3.58,79,23,0,63,49.833332,50
1262,2011,6,50,5.5555553,24,1,9,3.221111,60,50,0,63,56,14
1262,2011,7,14,4.6666665,8,1,3,3.4233334,50,79,0,41.333332,46,68
1262,2011,8,68,9.714286,48,1,7,4.11,14,60,0,44,53.5,99
1262,2011,9,99,8.25,48,1,12,4.1394444,68,50,0,60.333332,61.666668,37
1262,2011,10,37,2.4666667,9,1,15,4.37,99,14,0,68,54.666668,41
1262,2011,11,41,4.1,13,1,10,4.417333,37,68,0,59,51.5,11
1263,2011,1,45,3.75,15,1,12,10.29,41,0,0,43,43,33
1263,2011,2,33,3,8,1,11,8.402727,45,0,0,39.666668,39.666668,23
1263,2011,3,23,2.090909,4,1,11,10.65,33,41,0,33.666668,35.5,23
1263,2011,4,23,3.8333333,12,1,6,10.932222,23,45,0,26.333334,33,46
1263,2011,5,46,3.8333333,11,1,12,10.5325,23,33,0,30.666666,35.166668,17
1263,2011,6,17,1.8888888,6,1,9,10.378889,46,23,0,28.666666,31.166666,35
1263,2011,7,35,2.9166667,13,1,12,10.649167,17,23,0,32.666668,29.5,60
1263,2011,8,60,10,31,1,6,9.428333,35,46,0,37.333332,34,302
1263,2011,9,302,30.2,220,1,10,8.816,60,17,0,132.33333,80.5,16
1263,2011,10,16,3.2,10,1,5,9.524,302,35,0,126,79.333336,135
1263,2011,11,135,9.642858,48,1,14,10.3632145,16,60,0,151,94.166664,14
1264,2011,1,43,2.8666666,12,1,15,10.346666,51,0,0,47,47,81
1264,2011,2,81,5.785714,23,1,14,9.49381,43,0,0,58.333332,58.333332,39
1264,2011,3,39,3.5454545,12,1,11,9.645151,81,51,0,54.333332,53.5,39
1264,2011,4,39,3.5454545,13,1,11,8.704545,39,43,0,53,50.6,54
1264,2011,5,54,3.857143,11,1,14,9.985714,39,81,0,44,51.166668,34
1264,2011,6,34,2.8333333,10,1,12,10.225,54,39,0,42.333332,48.333332,40
1264,2011,7,40,3.3333333,13,1,12,9.906111,34,39,0,42.666668,47.833332,19
1264,2011,8,19,2.7142856,8,1,7,10.071428,40,54,0,31,37.5,216
1264,2011,9,216,15.428572,170,1,14,8.578929,19,34,0,91.666664,67,98
1264,2011,10,98,6.5333333,24,1,15,9.257334,216,40,0,111,76.833336,82
1264,2011,11,82,5.125,12,1,16,9.1025,98,19,0,132,81.5,4
1265,2011,1,363,17.285715,100,1,21,2.3406348,195,0,0,279,279,230
1265,2011,2,230,13.529411,68,1,17,2.6213236,363,0,0,262.66666,262.66666,327
1265,2011,3,327,13.08,63,1,25,2.3305,230,195,0,306.66666,278.75,224
1265,2011,4,224,16,50,1,14,2.0360715,327,363,0,260.33334,267.8,250
1265,2011,5,250,13.157895,74,1,19,2.093772,224,230,0,267,264.83334,167
1265,2011,6,167,8.789474,52,1,19,2.1975,250,327,0,213.66667,260.16666,121
1265,2011,7,121,6.368421,18,1,19,2.0865788,167,224,0,179.33333,219.83333,369
1265,2011,8,369,16.772728,61,2,22,2.3313637,121,250,0,219,243,372
1265,2011,9,372,18.6,108,1,20,2.2842166,369,167,0,287.33334,250.5,327
1265,2011,10,327,14.217391,76,2,23,2.2163117,372,121,0,356,267.66666,675
1265,2011,11,675,25.961538,134,5,26,2.3291695,327,369,0,458,338.5,135
1266,2011,1,80,4.4444447,14,1,18,4.528333,116,0,0,98,98,60
1266,2011,2,60,6,24,1,10,4.554,80,0,0,85.333336,85.333336,71
1266,2011,3,71,5.4615383,14,1,13,4.7102566,60,116,0,70.333336,81.75,41
1266,2011,4,41,2.7333333,12,1,15,4.3846664,71,80,0,57.333332,73.6,80
1266,2011,5,80,10,51,1,8,5.62875,41,60,0,64,74.666664,66
1266,2011,6,66,4.125,11,1,16,5.519,80,71,0,62.333332,66.333336,70
1266,2011,7,70,3.5,12,1,20,4.555,66,41,0,72,64.666664,61
1266,2011,8,61,4.0666666,12,1,15,5.082889,70,80,0,65.666664,64.833336,83
1266,2011,9,83,4.15,12,1,20,5.4226665,61,66,0,71.333336,66.833336,134
1266,2011,10,134,6.7,48,1,20,5.3020835,83,70,0,92.666664,82.333336,175
1266,2011,11,175,7.2916665,37,1,24,5.5135336,134,61,0,130.66667,98.166664,54
1267,2011,1,27,1.9285715,4,1,14,4.3019047,18,0,0,22.5,22.5,4
1267,2011,2,4,2,3,1,2,6.27,27,0,0,16.333334,16.333334,35
1267,2011,3,35,4.375,13,1,8,4.48375,4,18,0,22,21,15
1267,2011,4,15,2.142857,5,1,7,4.25,35,27,0,18,19.8,3
1267,2011,5,3,1,1,1,3,4.25,15,4,0,17.666666,17,22
1267,2011,6,22,2.75,9,1,8,4.5025,3,35,0,13.333333,17.666666,15
1267,2011,7,15,1.6666666,4,1,9,4.1966667,22,15,0,13.333333,15.666667,14
1267,2011,8,14,1.5555556,4,1,9,4.25,15,3,0,17,17.333334,33
1267,2011,9,33,2.5384614,8,1,13,5.3146152,14,22,0,20.666666,17,31
1267,2011,10,31,3.875,12,1,8,5.475,33,15,0,26,19.666666,49
1267,2011,11,49,2.5789473,9,1,19,5.479298,31,14,0,37.666668,27.333334,13
1268,2011,1,48,2.8235295,8,1,17,4.440588,54,0,0,51,51,32
1268,2011,2,32,3.5555556,12,1,9,5.338889,48,0,0,44.666668,44.666668,33
1268,2011,3,33,4.125,14,1,8,5.24125,32,54,0,37.666668,41.75,20
1268,2011,4,20,2.857143,8,1,7,4.25,33,48,0,28.333334,37.4,13
1268,2011,5,13,3.25,4,1,4,4.25,20,32,0,22,33.333332,33
1268,2011,6,33,2.357143,8,1,14,4.8271427,13,33,0,22,29.833334,42
1268,2011,7,42,3,8,1,14,4.2961903,33,20,0,29.333334,28.833334,43
1268,2011,8,43,5.375,12,2,8,4.465,42,13,0,39.333332,30.666666,60
1268,2011,9,60,4,24,1,15,4.748667,43,33,0,48.333332,35.166668,83
1268,2011,10,83,5.1875,12,1,16,4.365,60,42,0,62,45.666668,75
1268,2011,11,75,4.1666665,14,1,18,5.0175,83,43,0,72.666664,56,13
1269,2011,1,32,2.6666667,6,1,12,4.685,46,0,0,39,39,15
1269,2011,2,15,3.75,12,1,4,5.185,32,0,0,31,31,19
1269,2011,3,19,1.9,6,1,10,5.058,15,46,0,22,28,30
1269,2011,4,30,3.3333333,9,1,9,4.4744444,19,32,0,21.333334,28.4,7
1269,2011,5,7,1.75,4,1,4,6.27,30,15,0,18.666666,24.833334,17
1269,2011,6,17,2.125,5,1,8,4.235,7,19,0,18,20,26
1269,2011,7,26,2,5,1,13,4.6607695,17,30,0,16.666666,19,16
1269,2011,8,16,2.6666667,4,2,6,4.25,26,7,0,19.666666,19.166666,57
1269,2011,9,57,4.3846154,24,1,13,5.2915382,16,17,0,33,25.5,36
1269,2011,10,36,3,8,1,12,5.596667,57,26,0,36.333332,26.5,36
1269,2011,11,36,2.4,10,1,15,5.2973332,36,16,0,43,31.333334,12
1270,2011,1,28,1.8666667,6,1,15,4.198,22,0,0,25,25,6
1270,2011,2,6,2,4,1,3,5.596667,28,0,0,18.666666,18.666666,19
1270,2011,3,19,2.375,4,1,8,4.755,6,22,0,17.666666,18.75,18
1270,2011,4,18,2.5714285,4,1,7,4.25,19,28,0,14.333333,18.6,7
1270,2011,5,7,2.3333333,4,1,3,4.25,18,6,0,14.666667,16.666666,27
1270,2011,6,27,3.375,8,1,8,4.9875,7,19,0,17.333334,17.5,19
1270,2011,7,19,1.4615384,4,1,13,4.1946154,27,18,0,17.666666,16,6
1270,2011,8,6,3,4,2,2,4.25,19,7,0,17.333334,16,28
1270,2011,9,28,3.5,8,1,8,4.7175,6,27,0,17.666666,17.5,38
1270,2011,10,38,3.4545455,10,1,11,4.25,28,19,0,24,20.833334,28
1270,2011,11,28,2.8,6,1,10,5.448,38,6,0,31.333334,24.333334,8
1271,2011,1,506,26.631578,128,1,19,1.945693,129,0,0,317.5,317.5,146
1271,2011,2,146,16.222221,91,1,9,2.4353704,506,0,0,260.33334,260.33334,50
1271,2011,3,50,3.8461537,10,1,13,2.8026924,146,129,0,234,207.75,20
1271,2011,4,20,3.3333333,8,1,6,2.9458334,50,506,0,72,170.2,124
1271,2011,5,124,11.272727,50,1,11,2.6710606,20,146,0,64.666664,162.5,46
1271,2011,6,46,4.6,15,1,10,2.818,124,50,0,63.333332,148.66667,93
1271,2011,7,93,6.2,35,1,15,1.9175,46,20,0,87.666664,79.833336,75
1271,2011,8,75,6.25,27,1,12,3.115,93,124,0,71.333336,68,64
1271,2011,9,64,8,22,1,8,2.734375,75,46,0,77.333336,70.333336,52
1271,2011,10,52,5.7777777,20,1,9,2.851852,64,93,0,63.666668,75.666664,19
1271,2011,11,19,2.7142856,9,1,7,3.26,52,75,0,45,58.166668,6
1272,2011,1,718,42.235294,164,1,17,1.807049,673,0,0,695.5,695.5,209
1272,2011,2,209,14.928572,73,1,14,3.1732142,718,0,0,533.3333,533.3333,49
1272,2011,3,49,3.2666667,17,1,15,3.7597778,209,673,0,325.33334,412.25,35
1272,2011,4,35,3.8888888,10,1,9,3.8069444,49,718,0,97.666664,336.8,81
1272,2011,5,81,9,55,1,9,2.9583333,35,209,0,55,294.16666,76
1272,2011,6,76,7.6,35,1,10,3.283,81,49,0,64,194.66667,174
1272,2011,7,174,9.157895,32,1,19,2.3358333,76,35,0,110.333336,104,107
1272,2011,8,107,7.133333,50,1,15,3.5473332,174,81,0,119,87,51
1272,2011,9,51,3.9230769,10,1,13,3.4284616,107,76,0,110.666664,87.333336,9
1272,2011,10,9,1.5,2,1,6,3.115,51,174,0,55.666668,83,89
1272,2011,11,89,5.2352943,12,1,17,3.349706,9,107,0,49.666668,84.333336,17
1273,2011,1,983,44.68182,602,1,22,3.3455303,452,0,0,717.5,717.5,568
1273,2011,2,568,27.047619,148,1,21,3.0916622,983,0,0,667.6667,667.6667,346
1273,2011,3,346,19.222221,67,1,18,3.0417712,568,452,0,632.3333,587.25,431
1273,2011,4,431,22.68421,150,2,19,2.6549911,346,983,0,448.33334,556,406
1273,2011,5,406,18.454546,115,1,22,2.7321527,431,568,0,394.33334,531,521
1273,2011,6,521,23.681818,215,1,22,3.3334134,406,346,0,452.66666,542.5,582
1273,2011,7,582,27.714285,204,2,21,3.1333106,521,431,0,503,475.66666,398
1273,2011,8,398,18.09091,103,1,22,2.8178408,582,406,0,500.33334,447.33334,648
1273,2011,9,648,28.173914,202,1,23,2.8280218,398,521,0,542.6667,497.66666,1018
1273,2011,10,1018,48.47619,727,3,21,2.974365,648,582,0,688,595.5,406
1273,2011,11,406,15.615385,45,2,26,3.0918975,1018,398,0,690.6667,595.5,151
1274,2011,1,116,7.25,26,1,16,2.760521,56,0,0,86,86,165
1274,2011,2,165,11.785714,65,1,14,2.7223809,116,0,0,112.333336,112.333336,117
1274,2011,3,117,7.8,51,1,15,3.039,165,56,0,132.66667,113.5,116
1274,2011,4,116,10.545455,50,1,11,2.5078788,117,116,0,132.66667,114,123
1274,2011,5,123,7.6875,21,1,16,2.6603646,116,165,0,118.666664,115.5,79
1274,2011,6,79,5.266667,10,1,15,2.4608889,123,117,0,106,119.333336,51
1274,2011,7,51,4.25,15,1,12,2.663889,79,116,0,84.333336,108.5,89
1274,2011,8,89,5.5625,11,1,16,2.480625,51,123,0,73,95.833336,73
1274,2011,9,73,6.6363635,20,1,11,2.884318,89,79,0,71,88.5,107
1274,2011,10,107,6.2941175,14,1,17,2.5610785,73,51,0,89.666664,87,109
1274,2011,11,109,5.736842,15,1,19,2.8211842,107,89,0,96.333336,84.666664,115
1275,2011,1,235,13.055555,62,1,18,3.1619444,233,0,0,234,234,293
1275,2011,2,293,13.952381,70,1,21,2.8752778,235,0,0,253.66667,253.66667,156
1275,2011,3,156,8.210526,52,1,19,3.1645615,293,233,0,228,229.25,324
1275,2011,4,324,20.25,160,1,16,2.7867708,156,235,0,257.66666,248.2,394
1275,2011,5,394,19.7,201,1,20,3.1099334,324,293,0,291.33334,272.5,255
1275,2011,6,255,12.75,60,2,20,2.7899168,394,156,0,324.33334,276.16666,157
1275,2011,7,157,6.826087,25,1,23,3.2097464,255,324,0,268.66666,263.16666,217
1275,2011,8,217,12.764706,71,1,17,2.6313725,157,394,0,209.66667,250.5,257
1275,2011,9,257,11.681818,100,1,22,2.8477273,217,255,0,210.33333,267.33334,691
1275,2011,10,691,32.904762,520,1,21,2.9211507,257,157,0,388.33334,328.5,162
1275,2011,11,162,9,51,1,18,3.0191112,691,217,0,370,289.83334,67
1276,2011,1,716,34.095238,132,2,21,2.0786033,461,0,0,588.5,588.5,485
1276,2011,2,485,24.25,100,7,20,1.7474667,716,0,0,554,554,818
1276,2011,3,818,32.72,257,1,25,1.803,485,461,0,673,620,545
1276,2011,4,545,27.25,66,2,20,2.0120928,818,716,0,616,605,711
1276,2011,5,711,30.913044,95,1,23,2.0550735,545,485,0,691.3333,622.6667,925
1276,2011,6,925,37,122,2,25,1.9849502,711,818,0,727,700,980
1276,2011,7,980,37.692307,185,4,26,1.9912765,925,545,0,872,744,1378
1276,2011,8,1378,55.12,205,3,25,2.0713995,980,711,0,1094.3334,892.8333,954
1276,2011,9,954,36.692307,130,2,26,2.0005352,1378,925,0,1104,915.5,800
1276,2011,10,800,32,107,1,25,2.0281382,954,980,0,1044,958,1547
1276,2011,11,1547,61.88,248,5,25,2.0071685,800,1378,0,1100.3334,1097.3334,144
1277,2011,1,807,36.68182,113,1,22,2.4113789,620,0,0,713.5,713.5,754
1277,2011,2,754,35.904762,135,3,21,2.3281627,807,0,0,727,727,935
1277,2011,3,935,38.958332,215,1,24,2.2787232,754,620,0,832,779,756
1277,2011,4,756,36,82,2,21,1.9062812,935,807,0,815,774.4,1447
1277,2011,5,1447,57.88,240,5,25,1.9439354,756,754,0,1046,886.5,1155
1277,2011,6,1155,48.125,162,3,24,2.0481532,1447,935,0,1119.3334,975.6667,1515
1277,2011,7,1515,58.26923,293,5,26,1.900545,1155,756,0,1372.3334,1093.6666,1735
1277,2011,8,1735,72.291664,197,7,24,2.0056577,1515,1447,0,1468.3334,1257.1666,1003
1277,2011,9,1003,40.12,152,10,25,2.1996238,1735,1155,0,1417.6666,1268.5,707
1277,2011,10,707,29.458334,63,4,24,2.0670846,1003,1515,0,1148.3334,1260.3334,957
1277,2011,11,957,38.28,153,6,25,2.1359692,707,1735,0,889,1178.6666,161
1278,2011,1,589,24.541666,150,1,24,2.2621667,330,0,0,459.5,459.5,471
1278,2011,2,471,21.40909,110,1,22,2.1414545,589,0,0,463.33334,463.33334,1002
1278,2011,3,1002,37.11111,186,1,27,1.9942716,471,330,0,687.3333,598,507
1278,2011,4,507,25.35,85,1,20,2.0815542,1002,589,0,660,579.8,1128
1278,2011,5,1128,47,219,2,24,1.8918314,507,471,0,879,671.1667,1301
1278,2011,6,1301,50.03846,222,2,26,1.8861071,1128,1002,0,978.6667,833,1531
1278,2011,7,1531,61.24,252,2,25,1.9836458,1301,507,0,1320,990,1361
1278,2011,8,1361,56.708332,300,1,24,2.101889,1531,1128,0,1397.6666,1138.3334,800
1278,2011,9,800,30.76923,76,2,26,1.9080366,1361,1301,0,1230.6666,1104.6666,448
1278,2011,10,448,17.92,73,2,25,1.9438467,800,1531,0,869.6667,1094.8334,916
1278,2011,11,916,36.64,121,1,25,2.1830902,448,1361,0,721.3333,1059.5,131
1279,2011,1,654,34.42105,200,1,19,2.5190527,217,0,0,435.5,435.5,452
1279,2011,2,452,26.588236,118,1,17,2.4625294,654,0,0,441,441,1444
1279,2011,3,1444,60.166668,546,1,24,2.3756528,452,217,0,850,691.75,438
1279,2011,4,438,29.2,130,1,15,2.4874444,1444,654,0,778,641,677
1279,2011,5,677,37.61111,320,1,18,2.7810647,438,452,0,853,647,619
1279,2011,6,619,29.47619,208,2,21,2.6494915,677,1444,0,578,714,474
1279,2011,7,474,27.882353,125,1,17,2.7358334,619,438,0,590,684,1097
1279,2011,8,1097,49.863636,304,1,22,2.306659,474,677,0,730,791.5,1002
1279,2011,9,1002,45.545456,326,1,22,2.3589356,1097,619,0,857.6667,717.8333,470
1279,2011,10,470,21.363636,112,1,22,2.5725758,1002,474,0,856.3333,723.1667,775
1279,2011,11,775,33.695652,230,3,23,2.518792,470,1097,0,749,739.5,352
1280,2011,1,1142,47.583332,234,2,24,2.634177,494,0,0,818,818,1047
1280,2011,2,1047,49.857143,302,3,21,2.454441,1142,0,0,894.3333,894.3333,2809
1280,2011,3,2809,117.041664,832,3,24,2.3323402,1047,494,0,1666,1373,592
1280,2011,4,592,31.157894,122,1,19,2.5520382,2809,1142,0,1482.6666,1216.8,1429
1280,2011,5,1429,57.16,304,3,25,2.4437578,592,1047,0,1610,1252.1666,2123
1280,2011,6,2123,84.92,367,3,25,2.5123255,1429,2809,0,1381.3334,1523.6666,1529
1280,2011,7,1529,61.16,212,4,25,2.4617693,2123,592,0,1693.6666,1588.1666,2281
1280,2011,8,2281,87.73077,429,8,26,2.3772533,1529,1429,0,1977.6666,1793.8334,2711
1280,2011,9,2711,104.26923,337,2,26,2.3723722,2281,2123,0,2173.6667,1777.5,3206
1280,2011,10,3206,145.72728,942,2,22,2.2946742,2711,1529,0,2732.6667,2213.1667,1643
1280,2011,11,1643,63.192307,321,2,26,2.5233195,3206,2281,0,2520,2248.8333,459
1282,2011,1,62,31,60,2,2,2.905,42,0,0,52,52,6
1282,2011,2,6,6,6,6,1,2.55,62,0,0,36.666668,36.666668,2
1282,2011,3,2,2,2,2,1,2.55,6,42,0,23.333334,28,6
1282,2011,4,6,6,6,6,1,2.55,2,62,0,4.6666665,23.6,13
1282,2011,5,13,4.3333335,6,1,3,3.3533332,6,6,0,7,21.833334,24
1282,2011,6,24,24,24,24,1,2.55,13,2,0,14.333333,18.833334,6
1282,2011,7,6,6,6,6,1,2.55,24,6,0,14.333333,9.5,10
1282,2011,8,10,5,6,4,2,2.55,6,13,0,13.333333,10.166667,10
1282,2011,9,10,5,7,3,2,3.1525,10,24,0,8.666667,11.5,12
1282,2011,10,12,6,6,6,2,2.55,10,6,0,10.666667,12.5,25
1282,2011,11,25,3.125,12,1,8,4.05625,12,10,0,15.666667,14.5,50
1284,2011,1,60,15,36,6,4,1.7,24,0,0,42,42,1
1284,2011,2,1,1,1,1,1,4.96,60,0,0,28.333334,28.333334,19
1284,2011,3,19,4.75,6,1,4,3.1525,1,24,0,26.666666,26,31
1284,2011,4,31,6.2,12,1,5,3.032,19,60,0,17,27,19
1284,2011,5,19,4.75,6,2,4,2.55,31,1,0,23,25.666666,8
1284,2011,6,8,4,7,1,2,3.1525,19,19,0,19.333334,23,21
1284,2011,7,21,5.25,7,2,4,2.55,8,31,0,16,16.5,8
1284,2011,8,8,4,6,2,2,3.755,21,19,0,12.333333,17.666666,10
1284,2011,9,10,5,6,4,2,2.55,8,8,0,13,16.166666,34
1284,2011,10,34,3.7777777,6,1,9,3.6211112,10,21,0,17.333334,16.666666,31
1284,2011,11,31,4.428571,12,1,7,3.9271429,34,8,0,25,18.666666,246
1287,2011,1,134,14.888889,88,1,9,0.80333334,333,0,0,233.5,233.5,6
1287,2011,2,6,2,4,1,3,1.6533333,134,0,0,157.66667,157.66667,40
1287,2011,3,40,5.714286,13,1,7,1.25,6,333,0,60,128.25,7
1287,2011,4,7,1.75,3,1,4,1.25,40,134,0,17.666666,104,28
1287,2011,5,28,7,12,1,4,1.25,7,6,0,25,91.333336,16
1287,2011,6,16,4,12,1,4,1.5525,28,40,0,17,38.5,107
1287,2011,7,107,9.727273,49,1,11,0.39,16,7,0,50.333332,34,125
1287,2011,8,125,11.363636,36,2,11,0.39,107,28,0,82.666664,53.833332,127
1287,2011,9,127,11.545455,36,1,11,0.5781818,125,16,0,119.666664,68.333336,124
1287,2011,10,124,11.272727,24,1,11,0.5781818,127,107,0,125.333336,87.833336,133
1287,2011,11,133,11.083333,38,1,12,0.433125,124,125,0,128,105.333336,52
1288,2011,1,113,14.125,48,1,8,1.40125,172,0,0,142.5,142.5,60
1288,2011,2,60,8.571428,14,2,7,1.4228572,113,0,0,115,115,97
1288,2011,3,97,7.4615383,12,1,13,1.343077,60,172,0,90,110.5,95
1288,2011,4,95,10.555555,63,1,9,1.4516667,97,113,0,84,107.4,12
1288,2011,5,12,12,12,12,1,1.25,95,60,0,68,91.5,63
1288,2011,6,63,9,16,1,7,1.5092857,12,97,0,56.666668,73.333336,376
1288,2011,7,376,20.88889,48,6,18,0.60055554,63,95,0,150.33333,117.166664,279
1288,2011,8,279,21.461538,120,1,13,0.54923075,376,12,0,239.33333,153.66667,409
1288,2011,9,409,24.058823,78,2,17,0.45088235,279,63,0,354.66666,205.66667,362
1288,2011,10,362,20.11111,73,1,18,0.505,409,376,0,350,250.16667,376
1288,2011,11,376,17.904762,84,1,21,0.39,362,279,0,382.33334,310.83334,162
1289,2011,1,265,53,120,1,5,1.193,67,0,0,166,166,66
1289,2011,2,66,6.6,36,1,10,1.371,265,0,0,132.66667,132.66667,207
1289,2011,3,207,18.818182,108,2,11,1.2877272,66,67,0,179.33333,151.25,57
1289,2011,4,57,5.7,12,1,10,1.25,207,265,0,110,132.4,198
1289,2011,5,198,19.8,108,1,10,1.352,57,66,0,154,143.33333,19
1289,2011,6,19,3.1666667,12,1,6,1.4516667,198,207,0,91.333336,135.33333,52
1289,2011,7,52,7.428571,12,1,7,1.25,19,57,0,89.666664,99.833336,125
1289,2011,8,125,31.25,108,2,4,1.505,52,198,0,65.333336,109.666664,28
1289,2011,9,28,7,12,1,4,1.25,125,19,0,68.333336,79.833336,39
1289,2011,10,39,6.5,12,1,6,1.4516667,28,52,0,64,76.833336,5
1289,2011,11,5,1.25,2,1,4,1.40125,39,125,0,24,44.666668,24
1290,2011,1,1,1,1,1,1,1.25,38,0,0,19.5,19.5,14
1290,2011,2,14,7,12,2,2,1.25,1,0,0,17.666666,17.666666,44
1290,2011,3,44,8.8,14,1,5,1.371,14,38,0,19.666666,24.25,31
1290,2011,4,31,5.1666665,24,1,6,1.25,44,1,0,29.666666,25.6,40
1290,2011,5,40,6.6666665,12,1,6,1.4516667,31,14,0,38.333332,28,14
1290,2011,6,14,7,12,2,2,1.25,40,44,0,28.333334,24,402
1290,2011,7,402,22.333334,126,1,18,0.47138888,14,31,0,152,90.833336,187
1290,2011,8,187,14.384615,75,1,13,0.54923075,402,40,0,201,119.666664,167
1290,2011,9,167,15.181818,53,1,11,0.5781818,187,14,0,252,140.16667,173
1290,2011,10,173,11.533334,36,1,15,0.39,167,402,0,175.66667,163.83333,251
1290,2011,11,251,13.944445,72,1,18,0.5625,173,187,0,197,199,38
1291,2011,1,72,36,48,24,2,1.25,28,0,0,50,50,52
1291,2011,2,52,10.4,12,4,5,1.25,72,0,0,50.666668,50.666668,63
1291,2011,3,63,7.875,13,2,8,1.25,52,28,0,62.333332,53.75,100
1291,2011,4,100,16.666666,60,1,6,1.25,63,72,0,71.666664,63,68
1291,2011,5,68,9.714286,26,1,7,1.5957143,100,52,0,77,63.833332,14
1291,2011,6,14,4.6666665,12,1,3,1.25,68,63,0,60.666668,61.5,388
1291,2011,7,388,24.25,113,1,16,0.39,14,100,0,156.66667,114.166664,201
1291,2011,8,201,20.1,68,2,10,0.39,388,68,0,201,139,178
1291,2011,9,178,16.181818,39,1,11,0.39,201,14,0,255.66667,158.16667,255
1291,2011,10,255,19.615385,144,1,13,0.46961537,178,388,0,211.33333,184,245
1291,2011,11,245,16.333334,84,2,15,0.4245,255,201,0,226,213.5,59
1292,2011,1,338,22.533333,126,1,15,0.7785556,86,0,0,212,212,6
1292,2011,2,6,1.2,2,1,5,1.734,338,0,0,143.33333,143.33333,37
1292,2011,3,37,5.285714,12,1,7,1.4228572,6,86,0,127,116.75,4
1292,2011,4,4,1.3333334,2,1,3,1.6533333,37,338,0,15.666667,94.2,17
1292,2011,5,17,4.25,12,1,4,1.855,4,6,0,19.333334,81.333336,15
1292,2011,6,15,5,12,1,3,1.6533333,17,37,0,12,69.5,304
1292,2011,7,304,27.636364,108,2,11,0.39,15,4,0,112,63.833332,149
1292,2011,8,149,29.8,74,2,5,0.597,304,17,0,156,87.666664,121
1292,2011,9,121,20.166666,48,12,6,0.39,149,15,0,191.33333,101.666664,104
1292,2011,10,104,9.454545,24,1,11,0.67227274,121,304,0,124.666664,118.333336,117
1292,2011,11,117,9,13,1,13,0.62884617,104,149,0,114,135,25
1293,2011,1,30,6,12,1,5,1.744,32,0,0,31,31,15
1293,2011,2,15,5,12,1,3,1.25,30,0,0,25.666666,25.666666,34
1293,2011,3,34,5.6666665,12,1,6,1.25,15,32,0,26.333334,27.75,28
1293,2011,4,28,7,12,1,4,1.25,34,30,0,25.666666,27.8,30
1293,2011,5,30,5,12,1,6,1.25,28,15,0,30.666666,28.166666,13
1293,2011,6,13,6.5,12,1,2,1.855,30,34,0,23.666666,25,17
1293,2011,7,17,5.6666665,12,1,3,1.6533333,13,28,0,20,22.833334,24
1293,2011,8,24,12,12,12,2,1.25,17,30,0,18,24.333334,24
1293,2011,9,24,4,8,1,6,1.7541667,24,13,0,21.666666,22.666666,6
1293,2011,10,6,1.5,3,1,4,1.5525,24,17,0,18,19,22
1293,2011,11,22,3.6666667,12,1,6,1.4516667,6,24,0,17.333334,17.666666,99
1294,2011,1,26,6.5,12,1,4,1.5525,22,0,0,24,24,38
1294,2011,2,38,6.3333335,12,1,6,1.4516667,26,0,0,28.666666,28.666666,46
1294,2011,3,46,6.571429,26,1,7,1.25,38,22,0,36.666668,33,3
1294,2011,4,3,1,1,1,3,2.0566666,46,26,0,29,27,17
1294,2011,5,17,5.6666665,12,1,3,1.25,3,38,0,22,25.333334,4
1294,2011,6,4,2,2,2,2,1.855,17,46,0,8,22.333334,4
1294,2011,7,4,1.3333334,2,1,3,1.6533333,4,3,0,8.333333,18.666666,14
1294,2011,8,14,4.6666665,6,2,3,1.25,4,17,0,7.3333335,14.666667,7
1294,2011,9,7,1.4,2,1,5,1.492,14,4,0,8.333333,8.166667,29
1294,2011,10,29,3.625,12,1,8,1.855,7,4,0,16.666666,12.5,43
1294,2011,11,43,2.8666666,12,1,15,1.7743334,29,14,0,26.333334,16.833334,93
1297,2011,1,1,1,1,1,1,2.46,40,0,0,20.5,20.5,3
1297,2011,2,3,1,1,1,3,1.6533333,1,0,0,14.666667,14.666667,27
1297,2011,3,27,3.857143,14,1,7,1.4228572,3,40,0,10.333333,17.75,28
1297,2011,4,28,4.6666665,12,1,6,1.6533333,27,1,0,19.333334,19.8,24
1297,2011,5,24,12,12,12,2,1.25,28,3,0,26.333334,20.5,3
1297,2011,6,3,1.5,2,1,2,1.855,24,27,0,18.333334,14.333333,4
1297,2011,7,4,1,1,1,4,1.5525,3,28,0,10.333333,14.833333,38
1297,2011,8,38,5.428571,12,1,7,1.25,4,24,0,15,20.666666,30
1297,2011,9,30,5,12,1,6,1.4516667,38,3,0,24,21.166666,23
1297,2011,10,23,4.6,12,1,5,1.25,30,4,0,30.333334,20.333334,4
1297,2011,11,4,1.3333334,2,1,3,1.25,23,38,0,19,17,3
1298,2011,1,8,2,4,1,4,1.565,13,0,0,10.5,10.5,18
1298,2011,2,18,4.5,12,1,4,1.5525,8,0,0,13,13,10
1298,2011,3,10,2,3,1,5,1.371,18,13,0,12,12.25,14
1298,2011,4,14,4.6666665,12,1,3,1.25,10,8,0,14,12.6,4
1298,2011,5,4,1,1,1,4,1.5525,14,18,0,9.333333,11.166667,12
1298,2011,6,12,12,12,12,1,1.25,4,10,0,10,11,5
1298,2011,7,5,1.6666666,3,1,3,1.6533333,12,14,0,7,10.5,2
1298,2011,8,2,1,1,1,2,1.25,5,4,0,6.3333335,7.8333335,45
1298,2011,9,45,5.625,14,1,8,1.40125,2,12,0,17.333334,13.666667,16
1298,2011,10,16,4,12,1,4,1.5525,45,5,0,21,14,8
1298,2011,11,8,1.1428572,2,1,7,1.7685714,16,2,0,23,14.666667,82
1299,2011,1,519,23.59091,101,1,22,3.1069384,752,0,0,635.5,635.5,636
1299,2011,2,636,30.285715,105,10,21,2.4734013,519,0,0,635.6667,635.6667,1111
1299,2011,3,1111,46.291668,201,6,24,2.4414523,636,752,0,755.3333,754.5,570
1299,2011,4,570,30,112,1,19,2.5444584,1111,519,0,772.3333,717.6,1501
1299,2011,5,1501,62.541668,239,2,24,2.5628314,570,636,0,1060.6666,848.1667,894
1299,2011,6,894,34.384617,152,1,26,2.7222779,1501,1111,0,988.3333,871.8333,755
1299,2011,7,755,31.458334,101,1,24,2.6724007,894,570,0,1050,911.1667,1371
1299,2011,8,1371,54.84,256,4,25,2.3402896,755,1501,0,1006.6667,1033.6666,1764
1299,2011,9,1764,67.84615,247,10,26,2.4343586,1371,894,0,1296.6666,1142.5,746
1299,2011,10,746,31.083334,170,1,24,2.60283,1764,755,0,1293.6666,1171.8334,1486
1299,2011,11,1486,57.153847,340,2,26,2.53293,746,1371,0,1332,1169.3334,497
1301,2011,1,141,7.4210525,48,1,19,3.3405263,124,0,0,132.5,132.5,105
1301,2011,2,105,6.5625,15,1,16,3.4972916,141,0,0,123.333336,123.333336,89
1301,2011,3,89,4.9444447,14,1,18,3.4233334,105,124,0,111.666664,114.75,156
1301,2011,4,156,8.210526,18,2,19,2.9394736,89,141,0,116.666664,123,144
1301,2011,5,144,6.857143,20,1,21,3.0176191,156,105,0,129.66667,126.5,135
1301,2011,6,135,8.4375,48,1,16,3.01375,144,89,0,145,128.33333,608
1301,2011,7,608,30.4,241,1,20,3.3801668,135,156,0,295.66666,206.16667,183
1301,2011,8,183,9.15,48,1,20,3.427,608,144,0,308.66666,219.16667,290
1301,2011,9,290,12.608696,144,1,23,3.269565,183,135,0,360.33334,252.66667,225
1301,2011,10,225,10.227273,55,1,22,3.6324244,290,608,0,232.66667,264.16666,126
1301,2011,11,126,7,14,1,18,3.4233334,225,183,0,213.66667,261.16666,1451
1302,2011,1,16,2.6666667,10,1,6,7.75,16,0,0,16,16,10
1302,2011,2,10,2.5,4,1,4,9.495,16,0,0,14,14,15
1302,2011,3,15,1.875,4,1,8,8.93,10,16,0,13.666667,14.25,8
1302,2011,4,8,2,3,1,4,9.91,15,16,0,11,13,25
1302,2011,5,25,3.125,10,1,8,8.78,8,10,0,16,15,4
1302,2011,6,4,1,1,1,4,11.87,25,15,0,12.333333,13,6
1302,2011,7,6,1.5,2,1,4,9.91,4,8,0,11.666667,11.333333,8
1302,2011,8,8,1.6,2,1,5,11.086,6,25,0,6,11,122
1302,2011,9,122,12.2,100,1,10,10.028,8,4,0,45.333332,28.833334,16
1302,2011,10,16,4,10,1,4,11.7275,122,6,0,48.666668,30.166666,17
1302,2011,11,17,1.5454545,3,1,11,11.704545,16,8,0,51.666668,28.833334,16
1304,2011,1,42,8.4,36,1,5,1.45,7,0,0,24.5,24.5,196
1304,2011,2,196,24.5,144,1,8,1.425,42,0,0,81.666664,81.666664,348
1304,2011,3,348,43.5,156,1,8,1.805,196,7,0,195.33333,148.25,46
1304,2011,4,46,6.571429,12,1,7,1.66,348,42,0,196.66667,127.8,16
1304,2011,5,16,4,12,1,4,1.45,46,196,0,136.66667,109.166664,23
1304,2011,6,23,3.8333333,12,1,6,1.6783333,16,348,0,28.333334,111.833336,31
1304,2011,7,31,4.428571,12,1,7,1.3357143,23,46,0,23.333334,110,15
1304,2011,8,15,7.5,12,3,2,1.45,31,16,0,23,79.833336,65
1304,2011,9,65,10.833333,16,1,6,1.45,15,23,0,37,32.666668,31
1304,2011,10,31,4.428571,13,1,7,1.87,65,31,0,37,30.166666,30
1304,2011,11,30,7.5,12,1,4,1.8175,31,15,0,42,32.5,18
1305,2011,1,592,32.88889,130,1,18,0.9786574,726,0,0,659,659,722
1305,2011,2,722,45.125,175,1,16,0.9268705,592,0,0,680,680,1098
1305,2011,3,1098,47.739132,320,1,23,0.86300725,722,726,0,804,784.5,336
1305,2011,4,336,17.68421,81,1,19,0.8295614,1098,592,0,718.6667,694.8,689
1305,2011,5,689,34.45,192,1,20,0.839875,336,722,0,707.6667,693.8333,981
1305,2011,6,981,49.05,146,1,20,0.715,689,1098,0,668.6667,736.3333,497
1305,2011,7,497,22.59091,96,2,22,0.7503788,981,336,0,722.3333,720.5,637
1305,2011,8,637,31.85,264,1,20,0.8685,497,689,0,705,706.3333,560
1305,2011,9,560,29.473684,74,1,19,0.6977193,637,981,0,564.6667,616.6667,764
1305,2011,10,764,34.727272,240,1,22,0.5838636,560,497,0,653.6667,688,675
1305,2011,11,675,28.125,240,1,24,0.78333336,764,637,0,666.3333,685.6667,149
1306,2011,1,284,23.666666,72,1,12,1.145,583,0,0,433.5,433.5,247
1306,2011,2,247,24.7,48,4,10,0.967,284,0,0,371.33334,371.33334,409
1306,2011,3,409,24.058823,72,12,17,0.8729412,247,583,0,313.33334,380.75,297
1306,2011,4,297,27,48,1,11,1.1381818,409,284,0,317.66666,364,636
1306,2011,5,636,53,288,12,12,0.8463889,297,247,0,447.33334,409.33334,691
1306,2011,6,691,49.357143,264,1,14,1.1604762,636,409,0,541.3333,427.33334,471
1306,2011,7,471,39.25,204,1,12,1.0422916,691,297,0,599.3333,458.5,614
1306,2011,8,614,47.23077,288,1,13,0.9,471,636,0,592,519.6667,578
1306,2011,9,578,34,192,1,17,1.0539216,614,691,0,554.3333,547.8333,839
1306,2011,10,839,38.136364,216,1,22,1.0903031,578,471,0,677,638.1667,805
1306,2011,11,805,40.25,144,1,20,1.0885476,839,614,0,740.6667,666.3333,110
1307,2011,1,102,11.333333,60,1,9,0.675,402,0,0,252,252,108
1307,2011,2,108,13.5,50,1,8,0.61645836,102,0,0,204,204,143
1307,2011,3,143,13,40,1,11,0.5690909,108,402,0,117.666664,188.75,478
1307,2011,4,478,79.666664,262,1,6,0.5366667,143,102,0,243,246.6,215
1307,2011,5,215,17.916666,101,1,12,0.5370833,478,108,0,278.66666,241.33333,49
1307,2011,6,49,9.8,31,1,5,0.543,215,143,0,247.33333,182.5,235
1307,2011,7,235,15.666667,101,1,15,0.55466664,49,478,0,166.33333,204.66667,291
1307,2011,8,291,24.25,100,1,12,0.5972222,235,215,0,191.66667,235.16667,129
1307,2011,9,129,10.75,33,1,12,0.65347224,291,49,0,218.33333,232.83333,367
1307,2011,10,367,22.9375,103,1,16,0.5949375,129,235,0,262.33334,214.33333,643
1307,2011,11,643,27.956522,122,2,23,0.59493476,367,291,0,379.66666,285.66666,185
1308,2011,1,18,4.5,12,1,4,0.63,44,0,0,31,31,91
1308,2011,2,91,22.75,50,5,4,0.45416668,18,0,0,51,51,48
1308,2011,3,48,8,17,1,6,0.48833334,91,44,0,52.333332,50.25,37
1308,2011,4,37,12.333333,13,12,3,0.47833332,48,18,0,58.666668,47.6,10
1308,2011,5,10,3.3333333,4,2,3,0.5566667,37,91,0,31.666666,41.333332,206
1308,2011,6,206,29.428572,100,1,7,0.5285714,10,48,0,84.333336,68.333336,157
1308,2011,7,157,15.7,100,1,10,0.578,206,37,0,124.333336,91.5,163
1308,2011,8,163,32.6,100,2,5,0.572,157,10,0,175.33333,103.5,67
1308,2011,9,67,6.090909,18,1,11,0.66227275,163,206,0,129,106.666664,133
1308,2011,10,133,16.625,100,1,8,0.643125,67,157,0,121,122.666664,329
1308,2011,11,329,19.352942,102,1,17,0.59911764,133,163,0,176.33333,175.83333,31
1309,2011,1,98,14,48,1,7,0.69357145,153,0,0,125.5,125.5,102
1309,2011,2,102,12.75,50,1,8,0.67625,98,0,0,117.666664,117.666664,124
1309,2011,3,124,10.333333,36,1,12,0.6363889,102,153,0,108,119.25,56
1309,2011,4,56,14,22,10,4,0.625,124,98,0,94,106.6,219
1309,2011,5,219,15.642858,61,1,14,0.5225,56,102,0,133,125.333336,135
1309,2011,6,135,13.5,60,1,10,0.5635,219,124,0,136.66667,122.333336,257
1309,2011,7,257,28.555555,100,1,9,0.5661111,135,56,0,203.66667,148.83333,68
1309,2011,8,68,11.333333,50,1,6,0.5566667,257,219,0,153.33333,143.16667,566
1309,2011,9,566,33.294117,311,1,17,0.5885098,68,135,0,297,216.83333,218
1309,2011,10,218,14.533334,103,1,15,0.65133333,566,257,0,284,243.83333,517
1309,2011,11,517,22.47826,116,1,23,0.6313043,218,68,0,433.66666,293.5,85
1310,2011,1,51,4.25,24,1,12,1.1575,99,0,0,75,75,3
1310,2011,2,3,1,1,1,3,1.25,51,0,0,51,51,21
1310,2011,3,21,3.5,12,1,6,1.15,3,99,0,25,43.5,52
1310,2011,4,52,13,48,1,4,1.075,21,51,0,25.333334,45.2,14
1310,2011,5,14,4.6666665,12,1,3,1.05,52,3,0,29,40,36
1310,2011,6,36,5.142857,26,1,7,1.25,14,21,0,34,29.5,62
1310,2011,7,62,10.333333,28,1,6,0.9,36,52,0,37.333332,31.333334,45
1310,2011,8,45,5,20,1,9,1.0833334,62,14,0,47.666668,38.333332,49
1310,2011,9,49,3.5,13,1,14,1.1428572,45,36,0,52,43,93
1310,2011,10,93,7.75,24,1,12,1.075,49,62,0,62.333332,49.833332,211
1310,2011,11,211,8.791667,27,1,24,0.9916667,93,45,0,117.666664,82.666664,538
1311,2011,1,1036,43.166668,187,1,24,13.744519,2093,0,0,1564.5,1564.5,901
1311,2011,2,901,37.541668,150,3,24,13.935043,1036,0,0,1343.3334,1343.3334,1453
1311,2011,3,1453,55.884617,221,10,26,13.679894,901,2093,0,1130,1370.75,1195
1311,2011,4,1195,56.904762,234,7,21,13.159854,1453,1036,0,1183,1335.6,1062
1311,2011,5,1062,42.48,177,2,25,13.458681,1195,901,0,1236.6666,1290,784
1311,2011,6,784,30.153847,134,4,26,13.570634,1062,1453,0,1013.6667,1071.8334,1151
1311,2011,7,1151,46.04,263,4,25,13.803381,784,1195,0,999,1091,843
1311,2011,8,843,35.125,119,7,24,13.878926,1151,1062,0,926,1081.3334,774
1311,2011,9,774,29.76923,66,6,26,14.199421,843,784,0,922.6667,968.1667,1083
1311,2011,10,1083,41.653847,228,5,26,14.180799,774,1151,0,900,949.5,1054
1311,2011,11,1054,40.53846,111,5,26,14.757438,1083,843,0,970.3333,948.1667,450
1312,2011,1,53,3.5333333,11,1,15,14.817778,46,0,0,49.5,49.5,68
1312,2011,2,68,3.4,10,1,20,14.1445,53,0,0,55.666668,55.666668,63
1312,2011,3,63,3,9,1,21,15.873333,68,46,0,61.333332,57.5,70
1312,2011,4,70,3.8888888,9,1,18,16.754791,63,53,0,67,60,115
1312,2011,5,115,6.7647057,35,1,17,15.085735,70,68,0,82.666664,69.166664,66
1312,2011,6,66,4.4,21,1,15,15.584666,115,63,0,83.666664,72.5,68
1312,2011,7,68,3.4,11,1,20,14.919375,66,70,0,83,75,51
1312,2011,8,51,2.6842105,8,1,19,15.65421,68,115,0,61.666668,72.166664,99
1312,2011,9,99,4.5,44,1,22,17.137728,51,66,0,72.666664,78.166664,81
1312,2011,10,81,3.857143,14,1,21,15.885119,99,68,0,77,80,73
1312,2011,11,73,3.4761906,15,1,21,15.413333,81,51,0,84.333336,73,22
1313,2011,1,64,8,33,1,8,4.8625,17,0,0,40.5,40.5,35
1313,2011,2,35,4.375,10,1,8,4.95,64,0,0,38.666668,38.666668,41
1313,2011,3,41,3.1538463,6,1,13,5.335385,35,17,0,46.666668,39.25,32
1313,2011,4,32,3.2,7,1,10,5.618,41,64,0,36,37.8,56
1313,2011,5,56,4.6666665,11,1,12,5.680625,32,35,0,43,40.833332,24
1313,2011,6,24,2.6666667,7,1,9,5.5066667,56,41,0,37.333332,42,32
1313,2011,7,32,3.5555556,9,1,9,5.785,24,32,0,37.333332,36.666668,37
1313,2011,8,37,4.111111,12,1,9,4.95,32,56,0,31,37,33
1313,2011,9,33,5.5,16,1,6,5.6683335,37,24,0,34,35.666668,39
1313,2011,10,39,4.875,22,1,8,6.49375,33,32,0,36.333332,36.833332,44
1313,2011,11,44,3.6666667,18,1,12,6.322222,39,37,0,38.666668,34.833332,6
1314,2011,1,81,8.1,32,1,10,4.3516665,16,0,0,48.5,48.5,87
1314,2011,2,87,7.25,32,1,12,4.2595835,81,0,0,61.333332,61.333332,52
1314,2011,3,52,4.3333335,16,1,12,5.1275,87,16,0,73.333336,59,63
1314,2011,4,63,5.25,18,1,12,4.8516665,52,81,0,67.333336,59.8,64
1314,2011,5,64,5.818182,18,1,11,4.558485,63,87,0,59.666668,60.5,51
1314,2011,6,51,4.25,17,1,12,4.67875,64,52,0,59.333332,66.333336,85
1314,2011,7,85,8.5,32,1,10,4.743,51,63,0,66.666664,67,58
1314,2011,8,58,4.142857,12,1,14,4.5746427,85,64,0,64.666664,62.166668,72
1314,2011,9,72,7.2,20,1,10,5.013,58,51,0,71.666664,65.5,58
1314,2011,10,58,3.625,16,1,16,5.350625,72,85,0,62.666668,64.666664,47
1314,2011,11,47,3.357143,22,1,14,5.9316072,58,58,0,59,61.833332,9
1316,2011,1,22,2.2,6,1,10,7.668,25,0,0,23.5,23.5,6
1316,2011,2,6,1.5,3,1,4,8.745,22,0,0,17.666666,17.666666,29
1316,2011,3,29,4.142857,12,1,7,8.231905,6,25,0,19,20.5,13
1316,2011,4,13,2.6,6,1,5,8.386,29,22,0,16,19,17
1316,2011,5,17,1.8888888,7,1,9,8.545555,13,6,0,19.666666,18.666666,15
1316,2011,6,15,2.5,6,1,6,6.95,17,29,0,15,17,23
1316,2011,7,23,3.8333333,12,1,6,8.046667,15,13,0,18.333334,17.166666,35
1316,2011,8,35,3.8888888,8,1,9,7.348889,23,17,0,24.333334,22,11
1316,2011,9,11,2.2,5,1,5,8.386,35,15,0,23,19,26
1316,2011,10,26,2.6,6,1,10,8.027,11,23,0,24,21.166666,20
1316,2011,11,20,2.2222223,7,1,9,7.747778,26,35,0,19,21.666666,4
1317,2011,1,227,15.133333,180,1,15,5.036667,53,0,0,140,140,89
1317,2011,2,89,6.357143,16,1,14,4.9714284,227,0,0,123,123,102
1317,2011,3,102,6.375,16,1,16,4.687667,89,53,0,139.33333,117.75,101
1317,2011,4,101,5.611111,13,1,18,4.4744444,102,227,0,97.333336,114.4,126
1317,2011,5,126,5.478261,14,1,23,5.040435,101,89,0,109.666664,116.333336,91
1317,2011,6,91,5.6875,18,1,16,4.37625,126,102,0,106,122.666664,70
1317,2011,7,70,3.8888888,12,1,18,4.811111,91,101,0,95.666664,96.5,79
1317,2011,8,79,3.95,12,1,20,4.7045,70,126,0,80,94.833336,91
1317,2011,9,91,5.0555553,18,1,18,4.7737036,79,91,0,80,93,151
1317,2011,10,151,8.882353,61,1,17,4.4531374,91,70,0,107,101.333336,74
1317,2011,11,74,3.8947368,12,1,19,5.5754037,151,79,0,105.333336,92.666664,18
1318,2011,1,40,4.4444447,16,1,9,5.707222,16,0,0,28,28,40
1318,2011,2,40,4,8,1,10,5.952,40,0,0,32,32,40
1318,2011,3,40,3.0769231,5,1,13,5.7207694,40,16,0,40,34,53
1318,2011,4,53,4.4166665,12,1,12,5.57625,40,40,0,44.333332,37.8,115
1318,2011,5,115,6.7647057,25,1,17,5.3931375,53,40,0,69.333336,50.666668,129
1318,2011,6,129,9.923077,48,1,13,5.513974,115,40,0,99,69.5,53
1318,2011,7,53,4.4166665,12,1,12,5.15875,129,53,0,99,71.666664,35
1318,2011,8,35,3.8888888,9,1,9,6.0633335,53,115,0,72.333336,70.833336,29
1318,2011,9,29,3.625,6,1,8,6.2025,35,129,0,39,69,30
1318,2011,10,30,2.5,5,1,12,6.2025,29,53,0,31.333334,65.166664,40
1318,2011,11,40,4.4444447,8,1,9,5.5066667,30,35,0,33,52.666668,2
1319,2011,1,101,10.1,36,1,10,2.277,53,0,0,77,77,106
1319,2011,2,106,9.636364,24,1,11,2.0490909,101,0,0,86.666664,86.666664,217
1319,2011,3,217,12.764706,50,1,17,2.224608,106,53,0,141.33333,119.25,263
1319,2011,4,263,12.523809,54,1,21,2.3321428,217,101,0,195.33333,148,401
1319,2011,5,401,18.227272,99,1,22,1.995,263,106,0,293.66666,190.16667,287
1319,2011,6,287,13.666667,66,1,21,2.2912698,401,217,0,317,229.16667,272
1319,2011,7,272,13.6,96,1,20,2.2206666,287,263,0,320,257.66666,141
1319,2011,8,141,9.4,48,1,15,2.366,272,401,0,233.33333,263.5,33
1319,2011,9,33,4.125,13,1,8,2.495,141,287,0,148.66667,232.83333,40
1319,2011,10,40,3.6363637,12,1,11,2.148182,33,272,0,71.333336,195.66667,130
1319,2011,11,130,8.666667,96,1,15,3.02,40,141,0,67.666664,150.5,16
1320,2011,1,122,8.714286,30,2,14,2.1892858,34,0,0,78,78,78
1320,2011,2,78,7.090909,19,1,11,2.1977272,122,0,0,78,78,260
1320,2011,3,260,14.444445,66,1,18,2.2176852,78,34,0,153.33333,123.5,314
1320,2011,4,314,17.444445,54,1,18,2.30029,260,122,0,217.33333,161.6,292
1320,2011,5,292,12.695652,49,2,23,2.1567392,314,78,0,288.66666,183.33333,222
1320,2011,6,222,11.684211,54,1,19,2.056842,292,260,0,276,214.66667,125
1320,2011,7,125,7.8125,42,1,16,2.154375,222,314,0,213,215.16667,95
1320,2011,8,95,8.636364,31,1,11,2.148182,125,292,0,147.33333,218,28
1320,2011,9,28,3.1111112,6,1,9,2.3133333,95,222,0,82.666664,179.33333,28
1320,2011,10,28,4.6666665,12,1,6,1.95,28,125,0,50.333332,131.66667,61
1320,2011,11,61,15.25,48,1,4,2.42,28,95,0,39,93.166664,61
1321,2011,1,79,11.285714,21,2,7,2.027857,29,0,0,54,54,52
1321,2011,2,52,4.7272725,12,1,11,2.148182,79,0,0,53.333332,53.333332,178
1321,2011,3,178,14.833333,54,1,12,2.2883334,52,29,0,103,84.5,187
1321,2011,4,187,12.466666,54,4,15,2.0611112,178,79,0,139,105,343
1321,2011,5,343,14.291667,98,3,24,1.9891666,187,52,0,236,144.66667,204
1321,2011,6,204,12,62,1,17,2.3238823,343,178,0,244.66667,173.83333,94
1321,2011,7,94,6.714286,48,1,14,2.3957143,204,187,0,213.66667,176.33333,60
1321,2011,8,60,8.571428,24,1,7,2.7285714,94,343,0,119.333336,177.66667,29
1321,2011,9,29,3.625,13,1,8,3.17625,60,204,0,61,152.83333,17
1321,2011,10,17,1.8888888,6,1,9,2.6766667,29,94,0,35.333332,124.5,115
1321,2011,11,115,23,96,2,5,2.544,17,60,0,53.666668,86.5,7
1322,2011,1,7,1.75,3,1,4,2.495,43,0,0,25,25,39
1322,2011,2,39,6.5,16,2,6,1.95,7,0,0,29.666666,29.666666,150
1322,2011,3,150,21.428572,72,8,7,1.95,39,43,0,65.333336,59.75,41
1322,2011,4,41,10.25,16,1,4,1.95,150,7,0,76.666664,56,96
1322,2011,5,96,9.6,36,1,10,2.168,41,39,0,95.666664,62.666668,118
1322,2011,6,118,14.75,73,1,8,2.08625,96,150,0,85,75.166664,58
1322,2011,7,58,4.4615383,12,1,13,2.1176922,118,41,0,90.666664,83.666664,28
1322,2011,8,28,7,12,3,4,1.95,58,96,0,68,81.833336,47
1322,2011,9,47,5.2222223,8,1,9,2.192222,28,118,0,44.333332,64.666664,85
1322,2011,10,85,7.0833335,33,1,12,2.0408332,47,58,0,53.333332,72,62
1322,2011,11,62,5.6363635,16,1,11,2.1977272,85,28,0,64.666664,66.333336,24
1323,2011,1,561,25.5,109,1,22,1.428144,168,0,0,364.5,364.5,269
1323,2011,2,269,15.823529,68,1,17,1.5702941,561,0,0,332.66666,332.66666,273
1323,2011,3,273,22.75,100,1,12,1.48625,269,168,0,367.66666,317.75,42
1323,2011,4,42,4.2,12,1,10,1.5726666,273,561,0,194.66667,262.6,238
1323,2011,5,238,15.866667,61,1,15,1.5861111,42,269,0,184.33333,258.5,184
1323,2011,6,184,9.684211,36,1,19,1.5711579,238,273,0,154.66667,261.16666,171
1323,2011,7,171,9.5,36,2,18,1.4852778,184,42,0,197.66667,196.16667,299
1323,2011,8,299,27.181818,100,2,11,1.2887878,171,238,0,218,201.16667,65
1323,2011,9,65,13,24,1,5,1.492,299,184,0,178.33333,166.5,99
1323,2011,10,99,9.9,25,1,10,1.46175,65,171,0,154.33333,176,254
1323,2011,11,254,12.095238,41,1,21,1.3556349,99,299,0,139.33333,178.66667,143
1324,2011,1,80,16,30,10,5,0.65,62,0,0,71,71,80
1324,2011,2,80,13.333333,20,1,6,0.65,80,0,0,74,74,221
1324,2011,3,221,24.555555,60,10,9,0.68333334,80,62,0,127,110.75,154
1324,2011,4,154,15.4,21,1,10,0.73,221,80,0,151.66667,119.4,285
1324,2011,5,285,31.666666,110,2,9,0.75,154,80,0,220,147,220
1324,2011,6,220,18.333334,40,1,12,0.6625,285,221,0,219.66667,173.33333,187
1324,2011,7,187,15.583333,41,1,12,0.7,220,154,0,230.66667,191.16667,155
1324,2011,8,155,11.923077,20,1,13,0.7653846,187,285,0,187.33333,203.66667,171
1324,2011,9,171,17.1,26,2,10,0.679,155,220,0,171,195.33333,166
1324,2011,10,166,18.444445,73,2,9,0.65,171,187,0,164,197.33333,330
1324,2011,11,330,20.625,50,1,16,0.725,166,155,0,222.33333,204.83333,44
1325,2011,1,186,15.5,41,2,12,0.9529167,72,0,0,129,129,391
1325,2011,2,391,43.444443,200,1,9,0.9222222,186,0,0,216.33333,216.33333,201
1325,2011,3,201,18.272728,40,1,11,0.9563636,391,72,0,259.33334,212.5,86
1325,2011,4,86,10.75,22,1,8,1.09375,201,186,0,226,187.2,300
1325,2011,5,300,17.647058,50,1,17,1.0564706,86,391,0,195.66667,206,270
1325,2011,6,270,14.210526,60,1,19,1.0518421,300,201,0,218.66667,239,164
1325,2011,7,164,12.615385,20,2,13,0.88,270,86,0,244.66667,235.33333,404
1325,2011,8,404,28.857143,220,1,14,0.95678574,164,300,0,279.33334,237.5,173
1325,2011,9,173,10.8125,26,1,16,1.085625,404,270,0,247,232.83333,256
1325,2011,10,256,17.066668,60,1,15,1.0146667,173,164,0,277.66666,261.16666,256
1325,2011,11,256,17.066668,45,1,15,1.0623333,256,404,0,228.33333,253.83333,71
1326,2011,1,114,7.6,17,1,15,1.6846666,36,0,0,75,75,43
1326,2011,2,43,10.75,20,3,4,1.95,114,0,0,64.333336,64.333336,62
1326,2011,3,62,12.4,20,2,5,1.95,43,36,0,73,63.75,23
1326,2011,4,23,5.75,10,1,4,1.95,62,114,0,42.666668,55.6,40
1326,2011,5,40,13.333333,20,10,3,1.95,23,43,0,41.666668,53,4
1326,2011,6,4,1.3333334,2,1,3,2.6766667,40,62,0,22.333334,47.666668,20
1326,2011,7,20,5,10,1,4,2.495,4,23,0,21.333334,32,21
1326,2011,8,21,10.5,20,1,2,1.95,20,40,0,15,28.333334,4
1326,2011,9,4,1.3333334,2,1,3,3.4033334,21,4,0,15,18.666666,13
1326,2011,10,13,6.5,10,3,2,1.95,4,20,0,12.666667,17,44
1326,2011,11,44,4,11,1,11,2.3463635,13,21,0,20.333334,17.666666,598
1327,2011,1,127,15.875,34,1,8,0.8,103,0,0,115,115,53
1327,2011,2,53,7.571429,24,1,7,0.8214286,127,0,0,94.333336,94.333336,175
1327,2011,3,175,15.909091,50,1,11,0.65,53,103,0,118.333336,114.5,144
1327,2011,4,144,14.4,49,1,10,0.68,175,127,0,124,120.4,164
1327,2011,5,164,18.222221,30,1,9,0.78333336,144,53,0,161,127.666664,270
1327,2011,6,270,18,43,1,15,0.7046667,164,175,0,192.66667,155.5,148
1327,2011,7,148,13.454545,40,1,11,0.70454544,270,144,0,194,159,72
1327,2011,8,72,7.2,24,1,10,0.8,148,164,0,163.33333,162.16667,294
1327,2011,9,294,22.615385,78,1,13,0.8346154,72,270,0,171.33333,182,99
1327,2011,10,99,8.25,25,1,12,0.8875,294,148,0,155,174.5,185
1327,2011,11,185,10.277778,40,1,18,0.75555557,99,72,0,192.66667,178,70
1328,2011,1,81,20.25,31,10,4,0.45583335,106,0,0,93.5,93.5,105
1328,2011,2,105,21,41,10,5,0.461,81,0,0,97.333336,97.333336,1451
1328,2011,3,1451,207.28572,1202,12,7,0.49857143,105,106,0,545.6667,435.75,2644
1328,2011,4,2644,203.38461,1201,2,13,0.42423075,1451,81,0,1400,877.4,360
1328,2011,5,360,27.692308,71,1,13,0.47782052,2644,105,0,1485,791.1667,458
1328,2011,6,458,28.625,100,3,16,0.42479166,360,1451,0,1154,849.8333,176
1328,2011,7,176,14.666667,30,1,12,0.45416668,458,2644,0,331.33334,865.6667,101
1328,2011,8,101,12.625,40,1,8,0.42,176,360,0,245,865,85
1328,2011,9,85,10.625,20,3,8,0.5225,101,458,0,120.666664,637.3333,126
1328,2011,10,126,25.2,66,10,5,0.408,85,176,0,104,217.66667,301
1328,2011,11,301,23.153847,93,5,13,0.44365385,126,101,0,170.66667,207.83333,40
1329,2011,1,36,4,8,1,9,2.6683333,100,0,0,68,68,103
1329,2011,2,103,9.363636,20,1,11,2.530606,36,0,0,79.666664,79.666664,83
1329,2011,3,83,5.5333333,17,1,15,2.2353334,103,100,0,74,80.5,64
1329,2011,4,64,5.3333335,9,1,12,2.2691667,83,36,0,83.333336,77.2,64
1329,2011,5,64,9.142858,20,2,7,2.1966667,64,103,0,70.333336,75,98
1329,2011,6,98,7,16,1,14,2.1,64,83,0,75.333336,74.666664,34
1329,2011,7,34,3.7777777,11,1,9,2.7766666,98,64,0,65.333336,74.333336,22
1329,2011,8,22,2.75,8,1,8,2.734375,34,64,0,51.333332,60.833332,94
1329,2011,9,94,7.8333335,16,1,12,2.4738889,22,98,0,50,62.666668,129
1329,2011,10,129,12.9,64,1,10,2.73475,94,34,0,81.666664,73.5,165
1329,2011,11,165,7.173913,25,1,23,2.7472463,129,22,0,129.33333,90.333336,59
1333,2011,1,56,5.6,15,1,10,2.7213333,119,0,0,87.5,87.5,51
1333,2011,2,51,7.285714,12,1,7,3.3557143,56,0,0,75.333336,75.333336,47
1333,2011,3,47,5.875,12,1,8,3.305,51,119,0,51.333332,68.25,14
1333,2011,4,14,3.5,7,1,4,4.015,47,56,0,37.333332,57.4,69
1333,2011,5,69,17.25,48,1,4,2.85,14,51,0,43.333332,59.333332,1
1333,2011,6,1,1,1,1,1,5.79,69,47,0,28,39.666668,15
1333,2011,7,15,3,6,1,5,3.518,1,14,0,28.333334,32.833332,28
1333,2011,8,28,3.5,8,1,8,3.305,15,69,0,14.666667,29,25
1333,2011,9,25,3.5714285,9,1,7,3.9642856,28,1,0,22.666666,25.333334,42
1333,2011,10,42,7,17,2,6,3.1866667,25,15,0,31.666666,30,60
1333,2011,11,60,3.75,13,1,16,3.8079166,42,28,0,42.333332,28.5,10
1336,2011,1,50,8.333333,18,2,6,3.35,7,0,0,28.5,28.5,1
1336,2011,2,1,1,1,1,1,3.35,50,0,0,19.333334,19.333334,11
1336,2011,3,11,2.75,6,1,4,4.99,1,7,0,20.666666,17.25,7
1336,2011,4,7,3.5,6,1,2,4.99,11,50,0,6.3333335,15.2,6
1336,2011,5,6,6,6,6,1,3.35,7,1,0,8,13.666667,1
1336,2011,6,1,1,1,1,1,6.63,6,11,0,4.6666665,12.666667,30
1336,2011,7,30,10,18,6,3,3.35,1,7,0,12.333333,9.333333,6
1336,2011,8,6,6,6,6,1,3.35,30,6,0,12.333333,10.166667,7
1336,2011,9,7,3.5,6,1,2,3.35,6,1,0,14.333333,9.5,22
1336,2011,10,22,5.5,6,4,4,3.35,7,30,0,11.666667,12,14
1336,2011,11,14,2.8,8,1,5,4.8806667,22,6,0,14.333333,13.333333,39
1340,2011,1,199,11.055555,48,2,18,2.0140278,148,0,0,173.5,173.5,5
1340,2011,2,5,2.5,4,1,2,4.37,199,0,0,117.333336,117.333336,18
1340,2011,3,18,3.6,6,1,5,3.518,5,148,0,74,92.5,1
1340,2011,4,1,1,1,1,1,2.95,18,199,0,8,74.2,12
1340,2011,5,12,6,6,6,2,2.95,1,5,0,10.333333,63.833332,20
1340,2011,6,20,6.6666665,13,1,3,2.95,12,18,0,11,42.5,29
1340,2011,7,29,5.8,18,1,5,2.95,20,1,0,20.333334,14.166667,64
1340,2011,8,64,9.142858,20,2,7,2.6671429,29,12,0,37.666668,24,89
1340,2011,9,89,6.357143,22,1,14,1.9348571,64,20,0,60.666668,35.833332,135
1340,2011,10,135,6.75,30,1,20,2.103,89,29,0,96,58.166668,24
1340,2011,11,24,3.4285715,6,1,7,2.7614286,135,64,0,82.666664,60.166668,2
1341,2011,1,114,7.6,23,1,15,1.8413334,137,0,0,125.5,125.5,8
1341,2011,2,8,4,4,4,2,2.95,114,0,0,86.333336,86.333336,7
1341,2011,3,7,3.5,6,1,2,4.37,8,137,0,43,66.5,14
1341,2011,4,14,4.6666665,6,2,3,2.95,7,114,0,9.666667,56,6
1341,2011,5,6,6,6,6,1,2.95,14,8,0,9,47.666668,6
1341,2011,6,6,6,6,6,1,2.95,6,7,0,8.666667,25.833334,18
1341,2011,7,18,3.6,6,2,5,2.95,6,14,0,10,9.833333,40
1341,2011,8,40,8,18,2,5,2.95,18,6,0,21.333334,15.166667,18
1341,2011,9,18,9,12,6,2,2.95,40,6,0,25.333334,17,8
1341,2011,10,8,4,7,1,2,3.66,18,18,0,22,16,31
1341,2011,11,31,5.1666665,11,1,6,3.8177779,8,40,0,19,20.166666,37
1343,2011,1,75,5.769231,18,1,13,6.919423,113,0,0,94,94,170
1343,2011,2,170,7.7272725,31,1,22,6.515341,75,0,0,119.333336,119.333336,166
1343,2011,3,166,6.64,21,1,25,6.74564,170,113,0,137,131,133
1343,2011,4,133,7.8235292,29,1,17,5.8357353,166,75,0,156.33333,131.4,148
1343,2011,5,148,6.7272725,30,1,22,6.7766623,133,170,0,149,134.16667,104
1343,2011,6,104,6.117647,24,1,17,6.1082354,148,166,0,128.33333,132.66667,157
1343,2011,7,157,8.263158,24,1,19,5.9442983,104,133,0,136.33333,146.33333,129
1343,2011,8,129,7.1666665,21,1,18,5.958611,157,148,0,130,139.5,159
1343,2011,9,159,7.95,22,1,20,6.5315833,129,104,0,148.33333,138.33333,204
1343,2011,10,204,10.736842,42,1,19,6.131886,159,157,0,164,150.16667,146
1343,2011,11,146,6.6363635,24,1,22,5.879523,204,129,0,169.66667,149.83333,27
1344,2011,1,801,33.375,124,4,24,3.5723803,613,0,0,707,707,518
1344,2011,2,518,21.583334,74,1,24,3.428217,801,0,0,644,644,855
1344,2011,3,855,32.884617,135,1,26,3.540116,518,613,0,724.6667,696.75,688
1344,2011,4,688,32.761906,103,5,21,3.3288012,855,801,0,687,695,692
1344,2011,5,692,27.68,171,1,25,3.4778972,688,518,0,745,694.5,509
1344,2011,6,509,19.576923,87,3,26,3.4203408,692,855,0,629.6667,677.1667,773
1344,2011,7,773,30.92,132,3,25,3.6269028,509,688,0,658,672.5,547
1344,2011,8,547,22.791666,68,2,24,3.517403,773,692,0,609.6667,677.3333,676
1344,2011,9,676,27.04,92,3,25,3.4248571,547,509,0,665.3333,647.5,767
1344,2011,10,767,31.958334,79,2,24,3.3656073,676,773,0,663.3333,660.6667,805
1344,2011,11,805,30.961538,83,5,26,3.5733767,767,547,0,749.3333,679.5,928
1347,2011,1,73,8.111111,24,1,9,1.6533333,132,0,0,102.5,102.5,68
1347,2011,2,68,13.6,29,3,5,1.3306667,73,0,0,91,91,138
1347,2011,3,138,9.857142,25,1,14,1.7253572,68,132,0,93,102.75,299
1347,2011,4,299,27.181818,96,3,11,1.4354545,138,73,0,168.33333,142,315
1347,2011,5,315,24.23077,96,1,13,1.424641,299,68,0,250.66667,170.83333,384
1347,2011,6,384,29.538462,192,1,13,1.6779487,315,138,0,332.66666,212.83333,182
1347,2011,7,182,13,25,1,14,1.3796428,384,299,0,293.66666,231,134
1347,2011,8,134,13.4,35,2,10,1.6735,182,315,0,233.33333,242,211
1347,2011,9,211,17.583334,48,1,12,1.3429166,134,384,0,175.66667,254.16667,179
1347,2011,10,179,13.769231,30,1,13,1.5447435,211,182,0,174.66667,234.16667,377
1347,2011,11,377,20.944445,96,2,18,1.4075,179,134,0,255.66667,244.5,67
1349,2011,1,183,11.4375,36,1,16,2.0340624,163,0,0,173,173,171
1349,2011,2,171,10.6875,34,1,16,2.0366666,183,0,0,172.33333,172.33333,254
1349,2011,3,254,14.111111,25,1,18,2.0508888,171,163,0,202.66667,192.75,318
1349,2011,4,318,17.666666,74,3,18,1.915,254,183,0,247.66667,217.8,366
1349,2011,5,366,17.428572,74,1,21,1.8503175,318,171,0,312.66666,242.5,262
1349,2011,6,262,15.411765,36,1,17,1.7786274,366,254,0,315.33334,259,188
1349,2011,7,188,13.428572,36,2,14,1.8842857,262,318,0,272,259.83334,202
1349,2011,8,202,18.363636,72,1,11,2.0136364,188,366,0,217.33333,265,254
1349,2011,9,254,13.368421,36,1,19,1.9756141,202,262,0,214.66667,265,241
1349,2011,10,241,14.176471,38,2,17,1.9839215,254,188,0,232.33333,252.16667,347
1349,2011,11,347,15.772727,96,1,22,2.0354545,241,202,0,280.66666,249,474
1350,2011,1,27,6.75,18,1,4,2.06,176,0,0,101.5,101.5,30
1350,2011,2,30,7.5,12,2,4,2.215,27,0,0,77.666664,77.666664,93
1350,2011,3,93,13.285714,25,1,7,2.2357142,30,176,0,50,81.5,128
1350,2011,4,128,18.285715,62,1,7,2.0804763,93,27,0,83.666664,90.8,100
1350,2011,5,100,11.111111,27,1,9,2.2574074,128,30,0,107,92.333336,99
1350,2011,6,99,11,24,1,9,2.0144444,100,93,0,109,79.5,93
1350,2011,7,93,13.285714,24,1,7,1.65,99,128,0,97.333336,90.5,54
1350,2011,8,54,9,24,1,6,2.1966667,93,100,0,82,94.5,258
1350,2011,9,258,19.846153,96,1,13,1.8505129,54,99,0,135,122,245
1350,2011,10,245,15.3125,38,2,16,1.9279166,258,93,0,185.66667,141.5,310
1350,2011,11,310,17.222221,97,1,18,1.9235185,245,54,0,271,176.5,447
1351,2011,1,182,18.2,96,1,10,2.364,1037,0,0,609.5,609.5,98
1351,2011,2,98,16.333334,60,1,6,1.925,182,0,0,439,439,64
1351,2011,3,64,9.142858,14,1,7,1.95,98,1037,0,114.666664,345.25,51
1351,2011,4,51,8.5,12,1,6,2.3133333,64,182,0,71,286.4,254
1351,2011,5,254,42.333332,192,2,6,1.9,51,98,0,123,281,210
1351,2011,6,210,26.25,144,3,8,1.9125,254,64,0,171.66667,143.16667,78
1351,2011,7,78,13,48,1,6,2.445,210,51,0,180.66667,125.833336,107
1351,2011,8,107,10.7,24,1,10,2.604,78,254,0,131.66667,127.333336,235
1351,2011,9,235,13.823529,39,1,17,2.2962353,107,210,0,140,155.83333,218
1351,2011,10,218,12.111111,53,1,18,2.5429258,235,78,0,186.66667,183.66667,443
1351,2011,11,443,23.31579,113,1,19,2.782193,218,107,0,298.66666,215.16667,93
1352,2011,1,677,30.772728,144,3,22,2.9492424,565,0,0,621,621,319
1352,2011,2,319,14.5,61,1,22,3.177318,677,0,0,520.3333,520.3333,678
1352,2011,3,678,29.47826,186,1,23,2.9212825,319,565,0,558,559.75,480
1352,2011,4,480,34.285713,96,4,14,2.8772998,678,677,0,492.33334,543.8,314
1352,2011,5,314,19.625,72,1,16,2.7723958,480,319,0,490.66666,505.5,1077
1352,2011,6,1077,46.826088,153,1,23,2.9614494,314,678,0,623.6667,590.8333,520
1352,2011,7,520,21.666666,102,2,24,2.7470138,1077,480,0,637,564.6667,380
1352,2011,8,380,20,93,1,19,2.7135,520,314,0,659,574.8333,825
1352,2011,9,825,37.5,116,1,22,2.6436365,380,1077,0,575,599.3333,817
1352,2011,10,817,35.52174,344,1,23,2.8599637,825,520,0,674,655.5,1014
1352,2011,11,1014,39,165,4,26,2.8242223,817,380,0,885.3333,772.1667,296
1353,2011,1,42,3.5,10,1,12,7.863333,55,0,0,48.5,48.5,17
1353,2011,2,17,3.4,6,1,5,8.712,42,0,0,38,38,74
1353,2011,3,74,9.25,50,1,8,7.10875,17,55,0,44.333332,47,17
1353,2011,4,17,2.4285715,6,1,7,6.75,74,42,0,36,41,46
1353,2011,5,46,7.6666665,24,2,6,7.4341664,17,17,0,45.666668,41.833332,31
1353,2011,6,31,3.875,12,1,8,8.385,46,74,0,31.333334,37.833332,28
1353,2011,7,28,3.5,10,1,8,7.4675,31,17,0,35,35.5,10
1353,2011,8,10,2,4,1,5,8.058,28,46,0,23,34.333332,45
1353,2011,9,45,4.5,24,1,10,8.305,10,31,0,27.666666,29.5,54
1353,2011,10,54,3.375,14,1,16,8.539375,45,28,0,36.333332,35.666668,90
1353,2011,11,90,5.625,25,1,16,9.220625,54,10,0,63,43,8
1354,2011,1,2920,121.666664,1405,18,24,1.972277,1799,0,0,2359.5,2359.5,1295
1354,2011,2,1295,53.958332,124,1,24,2.1656427,2920,0,0,2004.6666,2004.6666,956
1354,2011,3,956,59.75,606,1,16,2.11075,1295,1799,0,1723.6666,1742.5,42
1354,2011,4,42,10.5,30,2,4,2.3821428,956,2920,0,764.3333,1402.4,2033
1354,2011,5,2033,169.41667,801,20,12,1.7741203,42,1295,0,1010.3333,1507.5,1385
1354,2011,6,1385,57.708332,118,3,24,1.855125,2033,956,0,1153.3334,1438.5,1088
1354,2011,7,1088,41.846153,254,2,26,2.0262601,1385,42,0,1502,1133.1666,600
1354,2011,8,600,26.086956,103,1,23,1.9557198,1088,2033,0,1024.3334,1017.3333,1923
1354,2011,9,1923,73.96154,902,2,26,1.8101374,600,1385,0,1203.6666,1178.5,1137
1354,2011,10,1137,43.73077,162,1,26,1.8269175,1923,1088,0,1220,1361,2625
1354,2011,11,2625,100.96154,696,6,26,1.9409474,1137,600,0,1895,1459.6666,168
1355,2011,1,1771,77,1292,1,23,3.505524,1084,0,0,1427.5,1427.5,714
1355,2011,2,714,31.043478,94,1,23,3.4390643,1771,0,0,1189.6666,1189.6666,91
1355,2011,3,91,9.1,17,1,10,3.092,714,1084,0,858.6667,915,2
1355,2011,4,2,2,2,2,1,2.95,91,1771,0,269,732.4,1237
1355,2011,5,1237,103.083336,447,15,12,3.0354445,2,714,0,443.33334,816.5,565
1355,2011,6,565,23.541666,73,1,24,3.1893215,1237,91,0,601.3333,730,567
1355,2011,7,567,22.68,150,1,25,3.5169067,565,2,0,789.6667,529.3333,284
1355,2011,8,284,12.909091,28,1,22,3.5674849,567,1237,0,472,457.66666,1135
1355,2011,9,1135,47.291668,672,2,24,3.1419265,284,565,0,662,631.6667,623
1355,2011,10,623,24.92,121,2,25,3.2320151,1135,567,0,680.6667,735.1667,1722
1355,2011,11,1722,66.23077,767,1,26,3.1803627,623,284,0,1160,816,106
1357,2011,1,42,3.8181818,16,1,11,5.4172726,62,0,0,52,52,33
1357,2011,2,33,3.3,6,1,10,5.534,42,0,0,45.666668,45.666668,30
1357,2011,3,30,4.285714,16,1,7,5.4061904,33,62,0,35,41.75,4
1357,2011,4,4,2,3,1,2,7.87,30,42,0,22.333334,34.2,8
1357,2011,5,8,2,3,1,4,4.95,4,33,0,14,29.833334,11
1357,2011,6,11,5.5,6,5,2,6.8966665,8,30,0,7.6666665,21.333334,3
1357,2011,7,3,1,1,1,3,6.8966665,11,4,0,7.3333335,14.833333,7
1357,2011,8,7,2.3333333,4,1,3,6.8966665,3,8,0,7,10.5,2
1357,2011,9,2,1,1,1,2,10.79,7,11,0,4,5.8333335,16
1357,2011,10,16,2,4,1,8,6.045,2,3,0,8.333333,7.8333335,32
1357,2011,11,32,4,16,1,8,7.0525,16,7,0,16.666666,11.833333,72
1358,2011,1,213,14.2,82,1,15,4.226333,121,0,0,167,167,14
1358,2011,2,14,3.5,8,1,4,5.66,213,0,0,116,116,3
1358,2011,3,3,1.5,2,1,2,4.95,14,121,0,76.666664,87.75,13
1358,2011,4,13,2.1666667,6,1,6,7.87,3,213,0,10,72.8,19
1358,2011,5,19,9.5,16,3,2,3.45,13,14,0,11.666667,63.833332,5
1358,2011,6,5,1.6666666,2,1,3,6.8966665,19,3,0,12.333333,44.5,2
1358,2011,7,2,1,1,1,2,7.87,5,13,0,8.666667,9.333333,2
1358,2011,8,2,1,1,1,2,10.79,2,19,0,3,7.3333335,4
1358,2011,9,4,1.3333334,2,1,3,6.8966665,2,5,0,2.6666667,7.5,30
1358,2011,10,30,3.75,13,1,8,5.63625,4,2,0,12,10.333333,35
1358,2011,11,35,3.1818182,12,1,11,6.4790907,30,2,0,23,13,42
1359,2011,1,36,4,16,1,9,5.953704,54,0,0,45,45,23
1359,2011,2,23,2.5555556,6,1,9,6.0314813,36,0,0,37.666668,37.666668,13
1359,2011,3,13,2.1666667,3,1,6,5.4366665,23,54,0,24,31.5,5
1359,2011,4,5,1.25,2,1,4,9.33,13,36,0,13.666667,26.2,12
1359,2011,5,12,2.4,6,1,5,6.118,5,23,0,10,23.833334,12
1359,2011,6,12,2,4,1,6,6.41,12,13,0,9.666667,16.833334,2
1359,2011,7,2,2,2,2,1,4.95,12,5,0,8.666667,11.166667,6
1359,2011,8,6,1.5,3,1,4,7.87,2,12,0,6.6666665,8.333333,6
1359,2011,9,6,2,4,1,3,7.87,6,12,0,4.6666665,7.1666665,23
1359,2011,10,23,2.5555556,5,1,9,7.87,6,2,0,11.666667,10.166667,44
1359,2011,11,44,3.142857,16,1,14,8.167619,23,6,0,24.333334,15.5,67
1360,2011,1,10,1.25,3,1,8,6.43875,31,0,0,20.5,20.5,15
1360,2011,2,15,1.875,5,1,8,5.68,10,0,0,18.666666,18.666666,15
1360,2011,3,15,2.142857,4,1,7,5.228095,15,31,0,13.333333,17.75,9
1360,2011,4,9,2.25,4,1,4,7.87,15,10,0,13,16,15
1360,2011,5,15,2.5,7,1,6,6.1666665,9,15,0,13,15.833333,7
1360,2011,6,7,1.4,2,1,5,6.118,15,15,0,10.333333,11.833333,8
1360,2011,7,8,1.3333334,3,1,6,4.95,7,9,0,10,11.5,16
1360,2011,8,16,2.6666667,4,1,6,7.383333,8,15,0,10.333333,11.666667,8
1360,2011,9,8,1.3333334,2,1,6,5.923333,16,7,0,10.666667,10.5,61
1360,2011,10,61,4.0666666,34,1,15,5.510667,8,8,0,28.333334,19.166666,72
1360,2011,11,72,4.5,29,1,16,6.205625,61,16,0,47,28.666666,49
1361,2011,1,30,2.7272727,8,1,11,6.5636363,52,0,0,41,41,18
1361,2011,2,18,2.25,6,1,8,7.505,30,0,0,33.333332,33.333332,8
1361,2011,3,8,1.3333334,3,1,6,8.843333,18,52,0,18.666666,27,13
1361,2011,4,13,2.1666667,4,1,6,5.923333,8,30,0,13,24.2,7
1361,2011,5,7,1.75,3,1,4,6.41,13,18,0,9.333333,21.333334,6
1361,2011,6,6,1.5,2,1,4,7.87,7,8,0,8.666667,13.666667,19
1361,2011,7,19,2.7142856,5,1,7,4.957143,6,13,0,10.666667,11.833333,6
1361,2011,8,6,1.5,3,1,4,6.41,19,7,0,10.333333,9.833333,8
1361,2011,9,8,2,4,1,4,7.14,6,6,0,11,9.833333,41
1361,2011,10,41,6.8333335,21,1,6,5.806667,8,19,0,18.333334,14.5,45
1361,2011,11,45,4.090909,21,1,11,6.567576,41,6,0,31.333334,20.833334,628
1362,2011,1,15,3,10,1,5,1.986,26,0,0,20.5,20.5,57
1362,2011,2,57,7.125,10,1,8,1.476875,15,0,0,32.666668,32.666668,461
1362,2011,3,461,32.92857,360,1,14,1.6769643,57,26,0,177.66667,139.75,484
1362,2011,4,484,48.4,360,2,10,1.5755,461,15,0,334,208.6,77
1362,2011,5,77,6.4166665,13,1,12,1.4684722,484,57,0,340.66666,186.66667,51
1362,2011,6,51,7.285714,20,1,7,1.855,77,461,0,204,190.83333,21
1362,2011,7,21,3,10,1,7,1.7685714,51,484,0,49.666668,191.83333,29
1362,2011,8,29,4.8333335,10,1,6,1.6533333,21,77,0,33.666668,187.16667,13
1362,2011,9,13,4.3333335,11,1,3,2.2583334,29,51,0,21,112.5,23
1362,2011,10,23,2.875,10,1,8,1.855,13,21,0,21.666666,35.666668,110
1362,2011,11,110,11,60,1,10,1.855,23,29,0,48.666668,41.166668,7
1363,2011,1,44,7.3333335,21,1,6,1.96,11,0,0,27.5,27.5,47
1363,2011,2,47,9.4,25,1,5,1.734,44,0,0,34,34,439
1363,2011,3,439,39.909092,360,1,11,1.7475758,47,11,0,176.66667,135.25,479
1363,2011,4,479,47.9,370,1,10,1.5035,439,44,0,321.66666,204,103
1363,2011,5,103,7.923077,20,1,13,1.6223077,479,47,0,340.33334,187.16667,101
1363,2011,6,101,10.1,20,1,10,1.6331667,103,439,0,227.66667,202.16667,42
1363,2011,7,42,5.25,10,1,8,1.930625,101,479,0,82,201.83333,27
1363,2011,8,27,5.4,10,2,5,1.734,42,103,0,56.666668,198.5,102
1363,2011,9,102,14.571428,50,1,7,1.8261905,27,101,0,57,142.33333,41
1363,2011,10,41,4.1,10,1,10,1.734,102,42,0,56.666668,69.333336,61
1363,2011,11,61,5.5454545,21,1,11,1.91,41,27,0,68,62.333332,46
1364,2011,1,13,3.25,10,1,4,1.8675,9,0,0,11,11,36
1364,2011,2,36,5.142857,10,1,7,1.7685714,13,0,0,19.333334,19.333334,470
1364,2011,3,470,33.57143,372,1,14,1.66875,36,9,0,173,132,377
1364,2011,4,377,75.4,360,2,5,1.78,470,13,0,294.33334,181,69
1364,2011,5,69,6.9,20,1,10,1.6331667,377,36,0,305.33334,162.33333,36
1364,2011,6,36,7.2,20,1,5,2.097,69,470,0,160.66667,166.83333,35
1364,2011,7,35,3.8888888,11,1,9,1.5861111,36,377,0,46.666668,170.5,37
1364,2011,8,37,6.1666665,10,2,6,1.25,35,69,0,36,170.66667,10
1364,2011,9,10,10,10,10,1,1.25,37,36,0,27.333334,94,17
1364,2011,10,17,2.4285715,10,1,7,1.9414285,10,35,0,21.333334,34,19
1364,2011,11,19,3.1666667,11,1,6,2.1575,17,37,0,15.333333,25.666666,11
1366,2011,1,172,11.466666,36,1,15,0.77477777,88,0,0,130,130,36
1366,2011,2,36,18,24,12,2,0.835,172,0,0,98.666664,98.666664,20
1366,2011,3,20,3.3333333,6,2,6,1.25,36,88,0,76,79,15
1366,2011,4,15,5,12,1,3,1.25,20,172,0,23.666666,66.2,25
1366,2011,5,25,12.5,24,1,2,1.25,15,36,0,20,59.333332,52
1366,2011,6,52,7.428571,12,1,7,1.13,25,20,0,30.666666,53.333332,64
1366,2011,7,64,5.818182,12,1,11,1.0018182,52,15,0,47,35.333332,60
1366,2011,8,60,8.571428,24,3,7,1.25,64,25,0,58.666668,39.333332,44
1366,2011,9,44,7.3333335,14,1,6,1.25,60,52,0,56,43.333332,58
1366,2011,10,58,4.8333335,12,1,12,1.4516667,44,64,0,54,50.5,52
1366,2011,11,52,5.2,12,2,10,1.4315,58,60,0,51.333332,55,141
1368,2011,1,173,17.3,150,1,10,2.93,47,0,0,110,110,55
1368,2011,2,55,6.875,26,1,8,2.95,173,0,0,91.666664,91.666664,60
1368,2011,3,60,5.4545455,13,1,11,3.2081819,55,47,0,96,83.75,26
1368,2011,4,26,4.3333335,6,1,6,3.8966668,60,173,0,47,72.2,17
1368,2011,5,17,2.125,8,1,8,4.37,26,55,0,34.333332,63,48
1368,2011,6,48,5.3333335,24,1,9,3.3788888,17,60,0,30.333334,63.166668,19
1368,2011,7,19,2.7142856,6,1,7,3.5585713,48,26,0,28,37.5,32
1368,2011,8,32,4,18,1,8,3.305,19,17,0,33,33.666668,20
1368,2011,9,20,2.5,6,1,8,3.8375,32,48,0,23.666666,27,101
1368,2011,10,101,7.214286,48,1,14,3.4285715,20,19,0,51,39.5,111
1368,2011,11,111,5.285714,19,1,21,3.9237144,101,32,0,77.333336,55.166668,65
1369,2011,1,20,2.2222223,6,1,9,20.270555,11,0,0,15.5,15.5,32
1369,2011,2,32,3.5555556,8,1,9,12.75,20,0,0,21,21,46
1369,2011,3,46,2.5555556,7,1,18,16.706944,32,11,0,32.666668,27.25,30
1369,2011,4,30,2.3076923,6,1,13,14.785,46,20,0,36,27.8,52
1369,2011,5,52,2.8888888,6,1,18,13.315278,30,32,0,42.666668,31.833334,104
1369,2011,6,104,6.117647,20,1,17,14.587059,52,46,0,62,47.333332,43
1369,2011,7,43,3.3076923,16,1,13,14.49,104,30,0,66.333336,51.166668,32
1369,2011,8,32,2.6666667,6,1,12,15.8025,43,52,0,59.666668,51.166668,56
1369,2011,9,56,4.6666665,13,1,12,13.5425,32,104,0,43.666668,52.833332,16
1369,2011,10,16,2.6666667,6,1,6,14.785,56,43,0,34.666668,50.5,58
1369,2011,11,58,4.8333335,14,1,12,15.5775,16,32,0,43.333332,51.5,26
1371,2011,1,42,2.4705882,12,1,17,11.088383,21,0,0,31.5,31.5,66
1371,2011,2,66,3.4736843,16,1,19,10.604869,42,0,0,43,43,135
1371,2011,3,135,6.1363635,33,1,22,10.380417,66,21,0,81,66,52
1371,2011,4,52,2.8888888,9,1,18,10.366435,135,42,0,84.333336,63.2,93
1371,2011,5,93,4.2272725,17,1,22,9.946288,52,66,0,93.333336,68.166664,69
1371,2011,6,69,4.0588236,9,1,17,11.292745,93,135,0,71.333336,76.166664,53
1371,2011,7,53,2.9444444,9,1,18,13.047426,69,52,0,71.666664,78,51
1371,2011,8,51,3,10,1,17,12.150294,53,93,0,57.666668,75.5,58
1371,2011,9,58,3.0526316,13,1,19,10.154667,51,69,0,54,62.666668,64
1371,2011,10,64,3.047619,14,1,21,10.028334,58,53,0,57.666668,64.666664,65
1371,2011,11,65,3.25,9,1,20,11.210725,64,51,0,62.333332,60,16
1372,2011,1,187,13.357142,27,1,14,2.0039287,82,0,0,134.5,134.5,302
1372,2011,2,302,20.133333,49,1,15,1.9306667,187,0,0,190.33333,190.33333,301
1372,2011,3,301,15.842105,60,1,19,1.8787719,302,82,0,263.33334,218,287
1372,2011,4,287,16.882353,51,1,17,1.8311765,301,187,0,296.66666,231.8,348
1372,2011,5,348,18.31579,98,1,19,2.1994035,287,302,0,312,251.16667,196
1372,2011,6,196,10.315789,55,1,19,2.1868422,348,301,0,277,270.16666,239
1372,2011,7,239,11.380953,110,1,21,2.2585714,196,287,0,261,278.83334,321
1372,2011,8,321,15.285714,60,1,21,2.0455556,239,348,0,252,282,228
1372,2011,9,228,11.4,35,1,20,2.0705,321,196,0,262.66666,269.83334,344
1372,2011,10,344,18.105263,60,1,19,2.0226316,228,239,0,297.66666,279.33334,324
1372,2011,11,324,18,61,1,18,1.9669048,344,321,0,298.66666,275.33334,37
1373,2011,1,873,51.35294,288,1,17,0.54908824,578,0,0,725.5,725.5,286
1373,2011,2,286,22,148,1,13,0.58666664,873,0,0,579,579,460
1373,2011,3,460,32.857143,144,3,14,0.43065476,286,578,0,539.6667,549.25,818
1373,2011,4,818,62.923077,606,1,13,0.4901923,460,873,0,521.3333,603,1260
1373,2011,5,1260,74.117645,432,1,17,0.53563726,818,286,0,846,712.5,803
1373,2011,6,803,44.61111,484,1,18,0.5710185,1260,460,0,960.3333,750,881
1373,2011,7,881,35.24,222,1,25,0.53974664,803,818,0,981.3333,751.3333,408
1373,2011,8,408,22.666666,144,1,18,0.5311111,881,1260,0,697.3333,771.6667,939
1373,2011,9,939,44.714287,147,1,21,0.5114603,408,803,0,742.6667,851.5,999
1373,2011,10,999,47.57143,168,5,21,0.5151508,939,881,0,782,881.6667,999
1373,2011,11,999,45.409092,352,1,22,0.58285606,999,408,0,979,838.1667,417
1374,2011,1,433,28.866667,156,4,15,0.837,282,0,0,357.5,357.5,90
1374,2011,2,90,10,27,1,9,0.93666667,433,0,0,268.33334,268.33334,236
1374,2011,3,236,29.5,144,3,8,0.83375,90,282,0,253,260.25,151
1374,2011,4,151,13.727273,60,1,11,0.9918182,236,433,0,159,238.4,521
1374,2011,5,521,34.733334,144,4,15,0.8933333,151,90,0,302.66666,285.5,640
1374,2011,6,640,80,578,1,8,0.939375,521,236,0,437.33334,345.16666,417
1374,2011,7,417,37.909092,288,1,11,0.915,640,151,0,526,342.5,263
1374,2011,8,263,21.916666,60,1,12,0.90958333,417,521,0,440,371.33334,195
1374,2011,9,195,15,50,1,13,0.85,263,640,0,291.66666,364.5,223
1374,2011,10,223,13.9375,28,1,16,0.971875,195,417,0,227,376.5,477
1374,2011,11,477,23.85,162,1,20,0.94208336,223,263,0,298.33334,369.16666,31
1375,2011,1,1914,159.5,648,2,12,0.7866667,2710,0,0,2312,2312,829
1375,2011,2,829,69.083336,253,36,12,0.65,1914,0,0,1817.6666,1817.6666,2768
1375,2011,3,2768,138.4,901,36,20,0.70266664,829,2710,0,1837,2055.25,1556
1375,2011,4,1556,103.73333,584,36,15,0.69733334,2768,1914,0,1717.6666,1955.4,1840
1375,2011,5,1840,102.22222,576,1,18,0.7561111,1556,829,0,2054.6667,1936.1666,1449
1375,2011,6,1449,103.5,576,36,14,0.74785715,1840,2768,0,1615,1726,1910
1375,2011,7,1910,136.42857,576,36,14,0.6661905,1449,1556,0,1733,1725.3334,1589
1375,2011,8,1589,88.27778,612,2,18,0.7152778,1910,1840,0,1649.3334,1852,3373
1375,2011,9,3373,140.54167,1224,2,24,0.80854166,1589,1449,0,2290.6667,1952.8334,3215
1375,2011,10,3215,189.11765,612,4,17,0.7247059,3373,1910,0,2725.6667,2229.3333,3188
1375,2011,11,3188,138.60869,1188,2,23,0.9501159,3215,1589,0,3258.6667,2454,292
1376,2011,1,122,10.166667,73,1,12,2.0675,175,0,0,148.5,148.5,97
1376,2011,2,97,9.7,24,1,10,1.978,122,0,0,131.33333,131.33333,156
1376,2011,3,156,12,24,2,13,1.8392308,97,175,0,125,137.5,72
1376,2011,4,72,14.4,24,12,5,1.65,156,122,0,108.333336,124.4,124
1376,2011,5,124,10.333333,24,2,12,1.65,72,97,0,117.333336,124.333336,164
1376,2011,6,164,10.933333,36,1,15,2.0326667,124,156,0,120,122.5,127
1376,2011,7,127,12.7,26,3,10,1.7866666,164,72,0,138.33333,123.333336,835
1376,2011,8,835,92.77778,372,2,9,1.6166667,127,124,0,375.33334,246.33333,103
1376,2011,9,103,9.363636,19,2,11,1.7990909,835,164,0,355,237.5,185
1376,2011,10,185,11.5625,24,1,16,1.855,103,127,0,374.33334,256.33334,204
1376,2011,11,204,11.333333,30,1,18,1.9992592,185,835,0,164,269.66666,99
1377,2011,1,118,7.375,24,1,16,1.6721874,125,0,0,121.5,121.5,30
1377,2011,2,30,2.7272727,12,1,11,1.91,118,0,0,91,91,70
1377,2011,3,70,5.8333335,13,1,12,1.70375,30,125,0,72.666664,85.75,163
1377,2011,4,163,16.3,103,1,10,1.706,70,118,0,87.666664,101.2,110
1377,2011,5,110,10,42,1,11,1.8183334,163,30,0,114.333336,102.666664,48
1377,2011,6,48,3.6923077,18,1,13,2.025641,110,70,0,107,89.833336,134
1377,2011,7,134,8.375,98,1,16,1.9625,48,163,0,97.333336,92.5,46
1377,2011,8,46,3.0666666,12,1,15,1.8146666,134,110,0,76,95.166664,91
1377,2011,9,91,7,36,1,13,1.8084615,46,48,0,90.333336,98.666664,45
1377,2011,10,45,3.2142856,14,1,14,1.8982143,91,134,0,60.666668,79,94
1377,2011,11,94,4.7,39,1,20,2.1373334,45,46,0,76.666664,76.333336,15
1378,2011,1,8,2,3,1,4,2.95,32,0,0,20,20,23
1378,2011,2,23,3.2857144,6,1,7,2.95,8,0,0,21,21,14
1378,2011,3,14,2.8,8,1,5,2.95,23,32,0,15,19.25,1
1378,2011,4,1,1,1,1,1,2.95,14,8,0,12.666667,15.6,5
1378,2011,5,5,2.5,4,1,2,2.95,1,23,0,6.6666665,13.833333,22
1378,2011,6,22,3.142857,6,1,7,3.3557143,5,14,0,9.333333,12.166667,7
1378,2011,7,7,3.5,6,1,2,2.95,22,1,0,11.333333,12,3
1378,2011,8,3,1.5,2,1,2,4.37,7,5,0,10.666667,8.666667,29
1378,2011,9,29,2.9,6,1,10,3.66,3,22,0,13,11.166667,16
1378,2011,10,16,3.2,6,1,5,3.518,29,7,0,16,13.666667,25
1378,2011,11,25,1.6666666,4,1,15,4.433111,16,3,0,23.333334,17,98
1379,2011,1,17,3.4,6,1,5,3.518,9,0,0,13,13,4
1379,2011,2,4,1,1,1,4,2.95,17,0,0,10,10,6
1379,2011,3,6,2,2,2,3,2.95,4,9,0,9,9,8
1379,2011,4,8,4,6,2,2,2.95,6,17,0,6,8.8,8
1379,2011,5,8,2,4,1,4,2.95,8,4,0,7.3333335,8.666667,3
1379,2011,6,3,1,1,1,3,2.95,8,6,0,6.3333335,7.6666665,10
1379,2011,7,10,2.5,6,1,4,3.66,3,8,0,7,6.5,8
1379,2011,8,8,2,2,2,4,3.66,10,8,0,7,7.1666665,18
1379,2011,9,18,3.6,6,1,5,3.234,8,3,0,12,9.166667,27
1379,2011,10,27,3,6,1,9,3.4233334,18,10,0,17.666666,12.333333,25
1379,2011,11,25,2.2727273,5,1,11,3.2942424,27,8,0,23.333334,15.166667,111
1380,2011,1,36,5.142857,18,1,7,5.6928573,34,0,0,35,35,22
1380,2011,2,22,3.6666667,6,1,6,5.596667,36,0,0,30.666666,30.666666,17
1380,2011,3,17,1.8888888,4,1,9,6.4944444,22,34,0,25,27.25,22
1380,2011,4,22,2.75,4,1,8,5.765,17,36,0,20.333334,26.2,24
1380,2011,5,24,3,4,1,8,5.26,22,22,0,21,25.833334,12
1380,2011,6,12,2,4,1,6,5.9333334,24,17,0,19.333334,22.166666,5
1380,2011,7,5,1,1,1,5,7.482,12,22,0,13.666667,17,20
1380,2011,8,20,2.857143,4,1,7,4.8271427,5,24,0,12.333333,16.666666,19
1380,2011,9,19,3.8,6,1,5,4.5193334,20,12,0,14.666667,17,8
1380,2011,10,8,2,4,1,4,4.25,19,5,0,15.666667,14.666667,5
1380,2011,11,5,1.6666666,2,1,3,4.25,8,20,0,10.666667,11.5,1
1381,2011,1,24,3,5,1,8,7.316875,8,0,0,16,16,15
1381,2011,2,15,1.6666666,3,1,9,7.193333,24,0,0,15.666667,15.666667,46
1381,2011,3,46,3.0666666,7,1,15,6.5286665,15,8,0,28.333334,23.25,44
1381,2011,4,44,4.4,10,1,10,7.369,46,24,0,35,27.4,24
1381,2011,5,24,2.6666667,7,1,9,9.001667,44,15,0,38,26.833334,55
1381,2011,6,55,4.230769,16,1,13,6.5892305,24,46,0,41,34.666668,55
1381,2011,7,55,3.4375,14,1,16,5.4784374,55,44,0,44.666668,39.833332,19
1381,2011,8,19,2.7142856,6,1,7,7.047143,55,24,0,43,40.5,8
1381,2011,9,8,2.6666667,4,2,3,5.95,19,55,0,27.333334,34.166668,15
1381,2011,10,15,2.5,4,1,6,6.4925,8,55,0,14,29.333334,17
1381,2011,11,17,1.8888888,3,1,9,6.9333334,15,19,0,13.333333,28.166666,4
1382,2011,1,140,7.7777777,51,1,18,6.5322223,35,0,0,87.5,87.5,137
1382,2011,2,137,8.5625,27,1,16,6.3765626,140,0,0,104,104,623
1382,2011,3,623,24.92,68,1,25,6.4853826,137,35,0,300,233.75,642
1382,2011,4,642,32.1,132,4,20,6.7428546,623,140,0,467.33334,315.4,110
1382,2011,5,110,10,60,1,11,8.319,642,137,0,458.33334,281.16666,68
1382,2011,6,68,5.6666665,27,1,12,7.0920835,110,623,0,273.33334,286.66666,183
1382,2011,7,183,9.15,78,1,20,5.608875,68,642,0,120.333336,293.83334,35
1382,2011,8,35,3.1818182,12,1,11,6.368636,183,110,0,95.333336,276.83334,28
1382,2011,9,28,2.8,6,1,10,7.252,35,68,0,82,177.66667,21
1382,2011,10,21,2.625,5,1,8,7.609375,28,183,0,28,74.166664,46
1382,2011,11,46,2.875,6,1,16,6.8846874,21,35,0,31.666666,63.5,23
1383,2011,1,12,2.4,5,1,5,4.95,10,0,0,11,11,12
1383,2011,2,12,2.4,4,1,5,6.118,12,0,0,11.333333,11.333333,27
1383,2011,3,27,2.4545455,5,1,11,6.2772727,12,10,0,17,15.25,21
1383,2011,4,21,4.2,8,1,5,4.95,27,12,0,20,16.4,11
1383,2011,5,11,3.6666667,4,3,3,4.95,21,12,0,19.666666,15.5,19
1383,2011,6,19,3.1666667,8,1,6,4.95,11,27,0,17,17,3
1383,2011,7,3,1.5,2,1,2,10.79,19,21,0,11,15.5,9
1383,2011,8,9,1.5,2,1,6,6.8966665,3,11,0,10.333333,15,11
1383,2011,9,11,1.5714285,2,1,7,5.7842855,9,19,0,7.6666665,12.333333,12
1383,2011,10,12,2,4,1,6,5.923333,11,3,0,10.666667,10.833333,12
1383,2011,11,12,1.7142857,3,1,7,4.95,12,9,0,11.666667,11,94
1388,2011,1,282,14.1,144,1,20,5.2945,78,0,0,180,180,130
1388,2011,2,130,8.666667,36,1,15,5.2848887,282,0,0,163.33333,163.33333,175
1388,2011,3,175,10.9375,48,1,16,5.220208,130,78,0,195.66667,166.25,64
1388,2011,4,64,5.3333335,28,1,12,5.245278,175,282,0,123,145.8,150
1388,2011,5,150,10,77,1,15,5.366667,64,130,0,129.66667,146.5,68
1388,2011,6,68,5.230769,20,1,13,4.95,150,175,0,94,144.83333,89
1388,2011,7,89,6.357143,28,1,14,5.6371427,68,64,0,102.333336,112.666664,42
1388,2011,8,42,3.8181818,9,1,11,6.2772727,89,150,0,66.333336,98,98
1388,2011,9,98,7,48,1,14,5.8733335,42,68,0,76.333336,85.166664,110
1388,2011,10,110,5.5,16,1,20,5.6313334,98,89,0,83.333336,92.833336,152
1388,2011,11,152,8,52,1,19,5.2389474,110,42,0,120,93.166664,23
1389,2011,1,186,9.789474,77,1,19,6.045088,278,0,0,232,232,370
1389,2011,2,370,17.619047,208,1,21,6.083095,186,0,0,278,278,389
1389,2011,3,389,19.45,306,1,20,6.1275,370,278,0,315,305.75,182
1389,2011,4,182,11.375,116,1,16,5.2809377,389,186,0,313.66666,281,75
1389,2011,5,75,5,14,1,15,6.006762,182,370,0,215.33333,246.66667,306
1389,2011,6,306,20.4,225,1,15,5.632933,75,389,0,187.66667,251.33333,164
1389,2011,7,164,10.933333,110,1,15,6.4925776,306,182,0,181.66667,247.66667,123
1389,2011,8,123,6.4736843,17,1,19,5.9049125,164,75,0,197.66667,206.5,541
1389,2011,9,541,24.59091,426,1,22,6.4647956,123,306,0,276,231.83333,110
1389,2011,10,110,5.5,16,1,20,5.932133,541,164,0,258,219.83333,186
1389,2011,11,186,8.454545,32,1,22,6.5911775,110,123,0,279,238.33333,50
1390,2011,1,97,5.388889,17,1,18,4.175463,89,0,0,93,93,50
1390,2011,2,50,3.5714285,7,1,14,5.0308332,97,0,0,78.666664,78.666664,65
1390,2011,3,65,4.3333335,12,1,15,4.5744443,50,89,0,70.666664,75.25,21
1390,2011,4,21,3.5,13,1,6,5.14125,65,97,0,45.333332,64.4,56
1390,2011,5,56,4.3076925,13,1,13,5.0342307,21,50,0,47.333332,63,34
1390,2011,6,34,2.6153846,5,1,13,4.3207693,56,65,0,37,53.833332,50
1390,2011,7,50,3.5714285,8,1,14,4.5008335,34,21,0,46.666668,46,71
1390,2011,8,71,4.4375,12,1,16,4.5615625,50,56,0,51.666668,49.5,819
1390,2011,9,819,54.6,744,1,15,4.9262223,71,34,0,313.33334,175.16667,82
1390,2011,10,82,4.1,22,1,20,4.2665834,819,50,0,324,185.33333,139
1390,2011,11,139,6.318182,28,1,22,4.5596213,82,71,0,346.66666,199.16667,26
1391,2011,1,18,2.25,5,1,8,18.4975,16,0,0,17,17,3
1391,2011,2,3,1.5,2,1,2,16.95,18,0,0,12.333333,12.333333,8
1391,2011,3,8,2,5,1,4,16.7,3,16,0,9.666667,11.25,2
1391,2011,4,2,1,1,1,2,16.95,8,18,0,4.3333335,9.4,14
1391,2011,5,14,4.6666665,12,1,3,16.283333,2,3,0,8,10.166667,4
1391,2011,6,4,1.3333334,2,1,3,16.95,14,8,0,6.6666665,8.166667,5
1391,2011,7,5,1.25,2,1,4,16.95,4,2,0,7.6666665,6,3
1391,2011,8,3,1.5,2,1,2,16.95,5,14,0,4,6,5
1391,2011,9,5,1.25,2,1,4,21.045,3,4,0,4.3333335,5.5,7
1391,2011,10,7,1.4,2,1,5,16.95,5,5,0,5,6.3333335,13
1391,2011,11,13,1.3,3,1,10,21.864,7,3,0,8.333333,6.1666665,113
1396,2011,1,51,10.2,36,1,5,2.05,18,0,0,34.5,34.5,28
1396,2011,2,28,4,6,1,7,2.1,51,0,0,32.333332,32.333332,23
1396,2011,3,23,2.3,6,1,10,2.303,28,18,0,34,30,40
1396,2011,4,40,5.714286,13,1,7,2.1,23,51,0,30.333334,32,65
1396,2011,5,65,4.642857,9,1,14,2.245,40,28,0,42.666668,37.5,14
1396,2011,6,14,2.3333333,6,1,6,2.9458334,65,23,0,39.666668,36.833332,16
1396,2011,7,16,2.6666667,6,1,6,2.4383333,14,40,0,31.666666,31,4
1396,2011,8,4,1.3333334,2,1,3,3.4533334,16,65,0,11.333333,27,3
1396,2011,9,3,1,1,1,3,2.1,4,14,0,7.6666665,23.666666,4
1396,2011,10,4,4,4,4,1,2.1,3,16,0,3.6666667,17.666666,23
1396,2011,11,23,2.5555556,14,1,9,2.927037,4,4,0,10,10.666667,14
1397,2011,1,51,10.2,36,1,5,2.05,18,0,0,34.5,34.5,30
1397,2011,2,30,4.285714,6,1,7,2.1,51,0,0,33,33,16
1397,2011,3,16,2.2857144,6,1,7,2.39,30,18,0,32.333332,28.75,46
1397,2011,4,46,4.181818,12,1,11,2.469091,16,51,0,30.666666,32.2,51
1397,2011,5,51,5.1,7,1,10,2.2015,46,30,0,37.666668,35.333332,7
1397,2011,6,7,3.5,6,1,2,2.1,51,16,0,34.666668,33.5,13
1397,2011,7,13,2.6,6,1,5,2.1,7,46,0,23.666666,27.166666,1
1397,2011,8,1,1,1,1,1,4.13,13,51,0,7,22.333334,4
1397,2011,9,4,1,1,1,4,2.6075,1,7,0,6,20.333334,6
1397,2011,10,6,2,4,1,3,2.7766666,4,13,0,3.6666667,13.666667,18
1397,2011,11,18,2.25,7,1,8,3.5379167,6,1,0,9.333333,8.166667,5
1399,2011,1,48,16,36,6,3,2.0166667,8,0,0,28,28,18
1399,2011,2,18,6,6,6,3,2.1,48,0,0,24.666666,24.666666,28
1399,2011,3,28,2.8,6,1,10,2.4045,18,8,0,31.333334,25.5,22
1399,2011,4,22,3.142857,7,1,7,2.1,28,48,0,22.666666,24.8,35
1399,2011,5,35,3.8888888,7,1,9,2.2127779,22,18,0,28.333334,26.5,7
1399,2011,6,7,3.5,6,1,2,2.1,35,28,0,21.333334,26.333334,6
1399,2011,7,6,1.5,3,1,4,2.6075,7,22,0,16,19.333334,7
1399,2011,8,7,3.5,6,1,2,2.1,6,35,0,6.6666665,17.5,5
1399,2011,9,5,1.25,2,1,4,2.6075,7,7,0,6,13.666667,3
1399,2011,10,3,1,1,1,3,2.7766666,5,6,0,5,10.5,13
1399,2011,11,13,1.4444444,3,1,9,3.0022223,3,7,0,7,6.8333335,6
1404,2011,1,264,29.333334,192,1,9,0.8788889,15,0,0,139.5,139.5,107
1404,2011,2,107,8.916667,24,1,12,0.915,264,0,0,128.66667,128.66667,85
1404,2011,3,85,6.071429,24,1,14,0.9057143,107,15,0,152,117.75,154
1404,2011,4,154,10.266666,26,1,15,0.85,85,264,0,115.333336,125,161
1404,2011,5,161,10.0625,24,1,16,0.89875,154,107,0,133.33333,131,53
1404,2011,6,53,5.888889,14,1,9,1.0233333,161,85,0,122.666664,137.33333,17
1404,2011,7,17,5.6666665,12,2,3,0.85,53,154,0,77,96.166664,18
1404,2011,8,18,9,12,6,2,0.85,17,161,0,29.333334,81.333336,5
1404,2011,9,5,2.5,4,1,2,0.85,18,53,0,13.333333,68,34
1404,2011,10,34,8.5,12,5,4,0.85,5,17,0,19,48,18
1404,2011,11,18,3,12,1,6,0.85,34,18,0,19,24.166666,1
1405,2011,1,165,23.571428,98,1,7,0.85,15,0,0,90,90,142
1405,2011,2,142,10.923077,24,1,13,0.91,165,0,0,107.333336,107.333336,96
1405,2011,3,96,7.3846154,36,1,13,0.97,142,15,0,134.33333,104.5,128
1405,2011,4,128,8.533334,25,1,15,0.86733335,96,165,0,122,109.2,143
1405,2011,5,143,9.533334,19,1,15,0.902,128,142,0,122.333336,114.833336,48
1405,2011,6,48,8,14,2,6,0.85,143,96,0,106.333336,120.333336,28
1405,2011,7,28,7,24,1,4,0.85,48,128,0,73,97.5,18
1405,2011,8,18,9,12,6,2,0.85,28,143,0,31.333334,76.833336,5
1405,2011,9,5,2.5,4,1,2,0.85,18,48,0,17,61.666668,37
1405,2011,10,37,6.1666665,12,1,6,0.98,5,28,0,20,46.5,27
1405,2011,11,27,3,12,1,9,1.4566667,37,18,0,23,27.166666,13
1408,2011,1,6,1.5,2,1,4,12.75,4,0,0,5,5,9
1408,2011,2,9,2.25,4,1,4,12.75,6,0,0,6.3333335,6.3333335,22
1408,2011,3,22,3.6666667,12,1,6,13.4675,9,4,0,12.333333,10.25,9
1408,2011,4,9,1.8,2,1,5,12.75,22,6,0,13.333333,10,27
1408,2011,5,27,2.7,9,1,10,13.3605,9,9,0,19.333334,12.833333,9
1408,2011,6,9,1.2857143,2,1,7,13.622143,27,22,0,15,13.666667,10
1408,2011,7,10,1.4285715,3,1,7,12.75,9,9,0,15.333333,14.333333,2
1408,2011,8,2,1,1,1,2,18.855,10,27,0,7,13.166667,6
1408,2011,9,6,1.2,2,1,5,15.192,2,9,0,6,10.5,10
1408,2011,10,10,1.4285715,3,1,7,12.75,6,10,0,6,10.666667,7
1408,2011,11,7,1.4,2,1,5,13.971,10,2,0,7.6666665,7.3333335,4
1410,2011,1,2,1,1,1,2,0.84,49,0,0,25.5,25.5,41
1410,2011,2,41,10.25,24,3,4,0.5225,2,0,0,30.666666,30.666666,28
1410,2011,3,28,7,24,1,4,0.5225,41,49,0,23.666666,30,79
1410,2011,4,79,26.333334,48,7,3,0.42,28,2,0,49.333332,39.8,25
1410,2011,5,25,12.5,24,1,2,0.42,79,41,0,44,37.333332,55
1410,2011,6,55,11,25,1,5,0.42,25,28,0,53,38.333332,2
1410,2011,7,2,2,2,2,1,0.42,55,79,0,27.333334,38.333332,72
1410,2011,8,72,36,48,24,2,0.42,2,25,0,43,43.5,35
1410,2011,9,35,5.8333335,24,1,6,0.42,72,55,0,36.333332,44.666668,249
1410,2011,10,249,35.57143,192,1,7,0.47,35,2,0,118.666664,73,162
1410,2011,11,162,16.2,48,1,10,0.42,249,72,0,148.66667,95.833336,54
1411,2011,1,266,26.6,192,1,10,0.6395,508,0,0,387,387,90
1411,2011,2,90,11.25,27,2,8,0.5225,266,0,0,288,288,271
1411,2011,3,271,38.714287,192,1,7,0.44928572,90,508,0,209,283.75,163
1411,2011,4,163,23.285715,48,1,7,0.56642854,271,266,0,174.66667,259.6,136
1411,2011,5,136,17,51,1,8,0.520625,163,90,0,190,239,133
1411,2011,6,133,13.3,26,1,10,0.4405,136,271,0,144,176.5,65
1411,2011,7,65,8.125,50,1,8,0.48833334,133,163,0,111.333336,143,167
1411,2011,8,167,18.555555,48,3,9,0.4588889,65,136,0,121.666664,155.83333,537
1411,2011,9,537,33.5625,224,2,16,0.46447918,167,133,0,256.33334,200.16667,475
1411,2011,10,475,26.38889,120,1,18,0.5145556,537,65,0,393,252.16667,744
1411,2011,11,744,39.157894,247,1,19,0.4168421,475,167,0,585.3333,353.5,76
1412,2011,1,176,25.142857,96,1,7,0.54,265,0,0,220.5,220.5,79
1412,2011,2,79,13.166667,27,1,6,0.42,176,0,0,173.33333,173.33333,259
1412,2011,3,259,32.375,72,1,8,0.496875,79,265,0,171.33333,194.75,661
1412,2011,4,661,94.42857,576,1,7,0.47,259,176,0,333,288,437
1412,2011,5,437,54.625,120,1,8,0.5225,661,79,0,452.33334,312.83334,161
1412,2011,6,161,14.636364,48,1,11,0.46969697,437,259,0,419.66666,295.5,201
1412,2011,7,201,18.272728,48,1,11,0.49454546,161,661,0,266.33334,299.66666,82
1412,2011,8,82,10.25,24,1,8,0.625,201,437,0,148,300.16666,311
1412,2011,9,311,22.214285,84,1,14,0.43464285,82,161,0,198,308.83334,239
1412,2011,10,239,12.578947,48,1,19,0.52789474,311,201,0,210.66667,238.5,449
1412,2011,11,449,24.944445,120,1,18,0.42,239,82,0,333,240.5,64
1413,2011,1,2,2,2,2,1,0.42,65,0,0,33.5,33.5,2
1413,2011,2,2,1,1,1,2,0.42,2,0,0,23,23,25
1413,2011,3,25,12.5,24,1,2,0.42,2,65,0,9.666667,23.5,5
1413,2011,4,5,2.5,4,1,2,0.625,25,2,0,10.666667,19.8,2
1413,2011,5,2,2,2,2,1,0.42,5,2,0,10.666667,16.833334,225
1413,2011,6,225,37.5,192,1,6,0.395,2,25,0,77.333336,43.5,224
1413,2011,7,224,32,192,1,7,0.45714286,225,5,0,150.33333,80.5,36
1413,2011,8,36,9,24,3,4,0.42,224,2,0,161.66667,86.166664,258
1413,2011,9,258,32.25,192,1,8,0.40125,36,225,0,172.66667,125,125
1413,2011,10,125,13.888889,48,1,9,0.51111114,258,224,0,139.66667,145,69
1413,2011,11,69,7.6666665,25,1,9,0.42,125,36,0,150.66667,156.16667,34
1414,2011,1,33,11,24,1,3,0.635,187,0,0,110,110,1
1414,2011,2,1,1,1,1,1,0.42,33,0,0,73.666664,73.666664,104
1414,2011,3,104,17.333334,27,1,6,0.585,1,187,0,46,81.25,606
1414,2011,4,606,151.5,576,2,4,0.405,104,33,0,237,186.2,4
1414,2011,5,4,2,2,2,2,0.42,606,1,0,238,155.83333,275
1414,2011,6,275,34.375,192,1,8,0.39375,4,104,0,295,170.5,195
1414,2011,7,195,65,192,1,3,0.37,275,606,0,158,197.5,5
1414,2011,8,5,2.5,4,1,2,0.42,195,4,0,158.33333,198.16667,230
1414,2011,9,230,38.333332,192,2,6,0.395,5,275,0,143.33333,219.16667,64
1414,2011,10,64,9.142858,24,2,7,0.42,230,195,0,99.666664,128.83333,72
1414,2011,11,72,5.142857,24,1,14,0.42,64,5,0,122,140.16667,11
1415,2011,1,196,24.5,73,1,8,0.53791666,372,0,0,284,284,75
1415,2011,2,75,8.333333,29,1,9,0.57944447,196,0,0,214.33333,214.33333,221
1415,2011,3,221,24.555555,48,1,9,0.46555555,75,372,0,164,216,767
1415,2011,4,767,76.7,586,1,10,0.5195,221,196,0,354.33334,326.2,272
1415,2011,5,272,22.666666,96,1,12,0.5225,767,75,0,420,317.16666,496
1415,2011,6,496,35.42857,193,1,14,0.4575,272,221,0,511.66666,337.83334,138
1415,2011,7,138,11.5,49,1,12,0.5338889,496,767,0,302,328.16666,170
1415,2011,8,170,15.454545,34,1,11,0.5318182,138,272,0,268,344,625
1415,2011,9,625,32.894737,200,1,19,0.4993421,170,496,0,311,411.33334,546
1415,2011,10,546,32.117645,192,1,17,0.48415688,625,138,0,447,374.5,507
1415,2011,11,507,24.142857,72,1,21,0.42,546,170,0,559.3333,413.66666,111
1416,2011,1,81,13.5,48,1,6,0.49166667,29,0,0,55,55,33
1416,2011,2,33,6.6,24,1,5,0.584,81,0,0,47.666668,47.666668,138
1416,2011,3,138,23,48,1,6,0.42,33,29,0,84,70.25,68
1416,2011,4,68,9.714286,24,1,7,0.6542857,138,81,0,79.666664,69.8,108
1416,2011,5,108,27,48,10,4,0.5225,68,33,0,104.666664,76.166664,230
1416,2011,6,230,23,193,1,10,0.5705,108,138,0,135.33333,109.666664,201
1416,2011,7,201,33.5,194,1,6,0.4075,230,68,0,179.66667,129.66667,100
1416,2011,8,100,12.5,24,2,8,0.42,201,108,0,177,140.83333,392
1416,2011,9,392,26.133333,192,1,15,0.41,100,230,0,231,183.16667,169
1416,2011,10,169,14.083333,48,1,12,0.46305555,392,201,0,220.33333,200,181
1416,2011,11,181,12.066667,33,1,15,0.42,169,100,0,247.33333,212.16667,36
1417,2011,1,197,65.666664,192,2,3,0.48833334,1383,0,0,790,790,244
1417,2011,2,244,40.666668,144,1,6,0.41,197,0,0,608,608,430
1417,2011,3,430,53.75,216,1,8,0.4125,244,1383,0,290.33334,563.5,713
1417,2011,4,713,142.6,576,5,5,0.408,430,197,0,462.33334,593.4,143
1417,2011,5,143,20.428572,60,1,7,0.41142857,713,244,0,428.66666,518.3333,267
1417,2011,6,267,29.666666,197,1,9,0.45333335,143,430,0,374.33334,332.33334,352
1417,2011,7,352,39.11111,192,2,9,0.4488889,267,713,0,254,358.16666,107
1417,2011,8,107,13.375,24,3,8,0.42,352,143,0,242,335.33334,468
1417,2011,9,468,33.42857,192,1,14,0.40928572,107,267,0,309,341.66666,276
1417,2011,10,276,18.4,73,1,15,0.42,468,352,0,283.66666,268.83334,117
1417,2011,11,117,9,33,1,13,0.42,276,107,0,287,264.5,58
1418,2011,1,130,16.25,48,1,8,0.499375,77,0,0,103.5,103.5,80
1418,2011,2,80,11.428572,24,1,7,0.6542857,130,0,0,95.666664,95.666664,308
1418,2011,3,308,38.5,83,8,8,0.5096875,80,77,0,172.66667,148.75,86
1418,2011,4,86,17.2,51,2,5,0.584,308,130,0,158,136.2,95
1418,2011,5,95,10.555555,25,1,9,0.5566667,86,80,0,163,129.33333,109
1418,2011,6,109,12.111111,24,1,9,0.42,95,308,0,96.666664,134.66667,42
1418,2011,7,42,4.2,24,1,10,0.5225,109,86,0,82,120,164
1418,2011,8,164,14.909091,29,1,11,0.45727274,42,95,0,105,134,190
1418,2011,9,190,17.272728,48,2,11,0.47590908,164,109,0,132,114.333336,270
1418,2011,10,270,15.882353,48,1,17,0.4802941,190,42,0,208,145,340
1418,2011,11,340,21.25,51,1,16,0.42,270,164,0,266.66666,185.83333,40
1420,2011,1,268,67,264,1,4,0.7325,192,0,0,230,230,151
1420,2011,2,151,16.777779,48,1,9,0.51111114,268,0,0,203.66667,203.66667,357
1420,2011,3,357,59.5,250,1,6,0.5175,151,192,0,258.66666,242,74
1420,2011,4,74,18.5,48,1,4,0.625,357,268,0,194,208.4,224
1420,2011,5,224,28,72,1,8,0.47125,74,151,0,218.33333,211,104
1420,2011,6,104,14.857142,48,1,7,0.47857141,224,357,0,134,196.33333,34
1420,2011,7,34,4.857143,26,1,7,0.5566667,104,74,0,120.666664,157.33333,58
1420,2011,8,58,8.285714,24,1,7,0.5957143,34,224,0,65.333336,141.83333,331
1420,2011,9,331,41.375,240,1,8,0.5235417,58,104,0,141,137.5,421
1420,2011,10,421,38.272728,265,1,11,0.5051515,331,34,0,270,195.33333,359
1420,2011,11,359,25.642857,264,1,14,0.6911905,421,58,0,370.33334,217.83333,348
1421,2011,1,184,36.8,84,4,5,0.42,199,0,0,191.5,191.5,213
1421,2011,2,213,35.5,72,1,6,0.42,184,0,0,198.66667,198.66667,321
1421,2011,3,321,64.2,240,1,5,0.49,213,199,0,239.33333,229.25,529
1421,2011,4,529,132.25,480,1,4,0.5075,321,184,0,354.33334,289.2,98
1421,2011,5,98,19.6,48,1,5,0.584,529,213,0,316,257.33334,174
1421,2011,6,174,29,96,1,6,0.48833334,98,321,0,267,253.16667,34
1421,2011,7,34,5.6666665,26,1,6,0.5225,174,529,0,102,228.16667,269
1421,2011,8,269,67.25,240,1,4,0.5075,34,98,0,159,237.5,45
1421,2011,9,45,7.5,36,1,6,0.6591667,269,174,0,116,191.5,74
1421,2011,10,74,18.5,25,1,4,0.57375,45,34,0,129.33333,115.666664,128
1421,2011,11,128,12.8,25,1,10,0.584,74,269,0,82.333336,120.666664,251
1422,2011,1,1,1,1,1,1,0.85,1,0,0,1,1,25
1422,2011,2,25,12.5,24,1,2,0.42,1,0,0,9,9,242
1422,2011,3,242,80.666664,240,1,3,0.67333335,25,1,0,89.333336,67.25,48
1422,2011,4,48,24,24,24,2,0.42,242,1,0,105,63.4,74
1422,2011,5,74,24.666666,48,2,3,0.5566667,48,25,0,121.333336,65.166664,4
1422,2011,6,4,4,4,4,1,0.42,74,242,0,42,65.666664,5
1422,2011,7,5,1.6666666,2,1,3,0.5566667,4,48,0,27.666666,66.333336,5
1422,2011,8,5,1.6666666,3,1,3,0.5566667,5,74,0,4.6666665,63,12
1422,2011,9,12,4,10,1,3,0.42,5,4,0,7.3333335,24.666666,49
1422,2011,10,49,16.333334,24,1,3,0.42,12,5,0,22,24.833334,31
1422,2011,11,31,7.75,25,1,4,0.57375,49,5,0,30.666666,17.666666,7
1424,2011,1,373,93.25,264,1,4,0.5225,386,0,0,379.5,379.5,411
1424,2011,2,411,45.666668,240,1,9,0.4588889,373,0,0,390,390,57
1424,2011,3,57,11.4,24,1,5,0.584,411,386,0,280.33334,306.75,627
1424,2011,4,627,89.57143,481,1,7,0.56214285,57,373,0,365,370.8,253
1424,2011,5,253,31.625,96,12,8,0.445625,627,411,0,312.33334,351.16666,137
1424,2011,6,137,13.7,24,1,10,0.543,253,57,0,339,309.66666,47
1424,2011,7,47,5.2222223,29,1,9,0.5566667,137,627,0,145.66667,255.33333,371
1424,2011,8,371,37.1,240,1,10,0.4345,47,253,0,185,248.66667,372
1424,2011,9,372,37.2,240,2,10,0.4796,371,137,0,263.33334,301.16666,406
1424,2011,10,406,40.6,240,1,10,0.537,372,47,0,383,264.33334,484
1424,2011,11,484,24.2,267,1,20,0.63620836,406,371,0,420.66666,302.83334,597
1425,2011,1,11,3.6666667,6,1,3,0.7,55,0,0,33,33,78
1425,2011,2,78,15.6,25,2,5,0.502,11,0,0,48,48,73
1425,2011,3,73,10.428572,24,1,7,0.5957143,78,55,0,54,54.25,49
1425,2011,4,49,24.5,25,24,2,0.42,73,11,0,66.666664,53.2,27
1425,2011,5,27,13.5,26,1,2,0.7275,49,78,0,49.666668,48.833332,245
1425,2011,6,245,81.666664,240,1,3,0.4,27,73,0,107,80.5,10
1425,2011,7,10,1.6666666,3,1,6,0.5566667,245,49,0,94,80.333336,56
1425,2011,8,56,11.2,24,1,5,0.502,10,27,0,103.666664,76.666664,76
1425,2011,9,76,10.857142,24,1,7,0.47857141,56,245,0,47.333332,77.166664,247
1425,2011,10,247,41.166668,240,1,6,0.615,76,10,0,126.333336,110.166664,48
1425,2011,11,48,6,24,1,8,0.57375,247,56,0,123.666664,113.666664,168
1426,2011,1,240,240,240,240,1,0.42,62,0,0,151,151,1
1426,2011,2,1,1,1,1,1,0.42,240,0,0,101,101,265
1426,2011,3,265,88.333336,240,1,3,0.5366667,1,62,0,168.66667,142,529
1426,2011,4,529,132.25,480,1,4,0.5075,265,240,0,265,219.4,1
1426,2011,5,1,1,1,1,1,0.42,529,1,0,265,183,53
1426,2011,6,53,13.25,24,1,4,0.42,1,265,0,194.33333,181.5,10
1426,2011,7,10,1.6666666,3,1,6,0.42,53,529,0,21.333334,143.16667,76
1426,2011,8,76,15.2,24,1,5,0.502,10,1,0,46.333332,155.66667,55
1426,2011,9,55,11,48,1,5,0.543,76,53,0,47,120.666664,362
1426,2011,10,362,30.166666,240,1,12,0.56875,55,10,0,164.33333,92.833336,323
1426,2011,11,323,20.1875,242,1,16,0.6103125,362,76,0,246.66667,146.5,127
1427,2011,1,69,13.8,49,1,5,0.627,86,0,0,77.5,77.5,82
1427,2011,2,82,20.5,24,10,4,0.5225,69,0,0,79,79,74
1427,2011,3,74,18.5,24,2,4,0.42,82,86,0,75,77.75,27
1427,2011,4,27,9,25,1,3,0.76166666,74,69,0,61,67.6,50
1427,2011,5,50,12.5,24,1,4,0.625,27,82,0,50.333332,64.666664,51
1427,2011,6,51,10.2,24,1,5,0.584,50,74,0,42.666668,58.833332,8
1427,2011,7,8,1.1428572,2,1,7,0.6542857,51,27,0,36.333332,48.666668,83
1427,2011,8,83,11.857142,26,1,7,0.625,8,50,0,47.333332,48.833332,33
1427,2011,9,33,5.5,24,1,6,0.6933333,83,51,0,41.333332,42,9
1427,2011,10,9,1.8,3,1,5,0.625,33,8,0,41.666668,39,56
1427,2011,11,56,3.5,10,1,16,0.67625,9,83,0,32.666668,40,181
1429,2011,1,68,6.8,24,1,10,2.1486666,376,0,0,222,222,263
1429,2011,2,263,18.785715,144,1,14,1.9892857,68,0,0,235.66667,235.66667,142
1429,2011,3,142,12.909091,36,1,11,1.9668182,263,376,0,157.66667,212.25,119
1429,2011,4,119,13.222222,36,1,9,1.5061111,142,68,0,174.66667,193.6,331
1429,2011,5,331,20.6875,180,1,16,1.5980208,119,263,0,197.33333,216.5,101
1429,2011,6,101,10.1,25,1,10,2.0181668,331,142,0,183.66667,170.66667,148
1429,2011,7,148,8.705882,28,1,17,1.9430392,101,119,0,193.33333,184,63
1429,2011,8,63,9,24,1,7,1.6690476,148,331,0,104,150.66667,277
1429,2011,9,277,13.85,48,1,20,1.75575,63,101,0,162.66667,173.16667,343
1429,2011,10,343,17.15,72,2,20,1.9225416,277,148,0,227.66667,210.5,757
1429,2011,11,757,30.28,90,3,25,1.9183834,343,63,0,459,281.5,201
1430,2011,1,31,3.1,8,1,10,5.4515,78,0,0,54.5,54.5,248
1430,2011,2,248,31,217,1,8,3.959375,31,0,0,119,119,29
1430,2011,3,29,4.8333335,14,1,6,3.75,248,78,0,102.666664,96.5,128
1430,2011,4,128,10.666667,48,1,12,4.0291667,29,31,0,135,102.8,64
1430,2011,5,64,5.3333335,12,1,12,3.75,128,248,0,73.666664,96.333336,90
1430,2011,6,90,18,73,2,5,4.008,64,29,0,94,98.333336,122
1430,2011,7,122,9.384615,72,1,13,3.9484615,90,128,0,92,113.5,15
1430,2011,8,15,2.5,4,1,6,4.9866667,122,64,0,75.666664,74.666664,139
1430,2011,9,139,8.6875,72,1,16,3.7953124,15,90,0,92,93,113
1430,2011,10,113,5.9473686,23,1,19,3.8964474,139,122,0,89,90.5,80
1430,2011,11,80,4.7058825,10,1,17,4.6847744,113,15,0,110.666664,93.166664,25
1431,2011,1,1463,73.15,444,1,20,1.7120667,465,0,0,964,964,238
1431,2011,2,238,12.526316,48,1,19,1.9521053,1463,0,0,722,722,677
1431,2011,3,677,37.61111,205,1,18,1.6881481,238,465,0,792.6667,710.75,264
1431,2011,4,264,13.894737,48,1,19,2.0887718,677,1463,0,393,621.4,465
1431,2011,5,465,23.25,206,1,20,1.7013333,264,238,0,468.66666,595.3333,484
1431,2011,6,484,25.473684,99,1,19,1.8915789,465,677,0,404.33334,598.5,564
1431,2011,7,564,28.2,119,2,20,1.7363334,484,264,0,504.33334,448.66666,589
1431,2011,8,589,31,109,2,19,1.8484211,564,465,0,545.6667,507.16666,707
1431,2011,9,707,29.458334,144,1,24,1.7481389,589,484,0,620,512.1667,668
1431,2011,10,668,30.363636,109,3,22,1.8209091,707,564,0,654.6667,579.5,1250
1431,2011,11,1250,48.076923,168,1,26,1.9619468,668,589,0,875,710.3333,248
1432,2011,1,293,19.533333,98,1,15,1.812,365,0,0,329,329,171
1432,2011,2,171,15.545455,96,1,11,2.1536365,293,0,0,276.33334,276.33334,232
1432,2011,3,232,10.545455,48,1,22,1.8239394,171,365,0,232,265.25,117
1432,2011,4,117,7.8,24,1,15,1.9051111,232,293,0,173.33333,235.6,321
1432,2011,5,321,18.882353,114,1,17,1.8824314,117,171,0,223.33333,249.83333,259
1432,2011,6,259,14.388889,96,1,18,1.9881481,321,232,0,232.33333,232.16667,230
1432,2011,7,230,11.5,51,1,20,1.855,259,117,0,270,221.66667,350
1432,2011,8,350,16.666666,96,1,21,1.8096825,230,321,0,279.66666,251.5,545
1432,2011,9,545,22.708334,120,1,24,1.9056945,350,259,0,375,303.66666,595
1432,2011,10,595,25.869566,97,1,23,1.9637392,545,230,0,496.66666,383.33334,625
1432,2011,11,625,24.038462,99,3,26,2.043544,595,350,0,588.3333,434,166
1433,2011,1,1052,50.095238,300,1,21,1.8490477,407,0,0,729.5,729.5,161
1433,2011,2,161,9.470589,36,1,17,2.0841177,1052,0,0,540,540,703
1433,2011,3,703,31.954546,196,2,22,1.7666667,161,407,0,638.6667,580.75,243
1433,2011,4,243,12.789474,40,1,19,1.9089473,703,1052,0,369,513.2,509
1433,2011,5,509,23.136364,64,1,22,1.8177273,243,161,0,485,512.5,746
1433,2011,6,746,35.52381,194,1,21,1.9953969,509,703,0,499.33334,569,598
1433,2011,7,598,28.47619,143,1,21,1.8826984,746,243,0,617.6667,493.33334,362
1433,2011,8,362,17.238094,76,2,21,1.754127,598,509,0,568.6667,526.8333,884
1433,2011,9,884,35.36,156,1,25,1.80496,362,746,0,614.6667,557,792
1433,2011,10,792,33,206,1,24,1.7618055,884,598,0,679.3333,648.5,1175
1433,2011,11,1175,47,213,5,25,1.9921796,792,362,0,950.3333,759.5,181
1434,2011,1,281,16.529411,125,1,17,1.875098,641,0,0,461,461,410
1434,2011,2,410,31.538462,192,1,13,2.0207691,281,0,0,444,444,805
1434,2011,3,805,44.72222,288,7,18,1.6944444,410,641,0,498.66666,534.25,304
1434,2011,4,304,21.714285,153,1,14,2.040476,805,281,0,506.33334,488.2,383
1434,2011,5,383,20.157894,108,2,19,1.7166667,304,410,0,497.33334,470.66666,554
1434,2011,6,554,32.588234,220,1,17,1.7609804,383,805,0,413.66666,456.16666,203
1434,2011,7,203,12.6875,28,1,16,1.65,554,304,0,380,443.16666,342
1434,2011,8,342,19,108,1,18,1.8722222,203,383,0,366.33334,431.83334,733
1434,2011,9,733,30.541666,193,1,24,1.7354167,342,554,0,426,419.83334,542
1434,2011,10,542,23.565218,65,1,23,1.8365797,733,203,0,539,459.5,653
1434,2011,11,653,25.115385,123,2,26,1.9207436,542,342,0,642.6667,504.5,172
1435,2011,1,509,26.789474,97,1,19,1.8676316,417,0,0,463,463,308
1435,2011,2,308,20.533333,108,1,15,1.7526667,509,0,0,411.33334,411.33334,804
1435,2011,3,804,36.545456,216,1,22,1.8054545,308,417,0,540.3333,509.5,305
1435,2011,4,305,17.941177,60,1,17,1.875098,804,509,0,472.33334,468.6,397
1435,2011,5,397,18.904762,48,1,21,1.7046666,305,308,0,502,456.66666,371
1435,2011,6,371,21.82353,96,1,17,1.702549,397,804,0,357.66666,449,426
1435,2011,7,426,20.285715,122,2,21,1.6480953,371,305,0,398,435.16666,413
1435,2011,8,413,25.8125,100,1,16,1.695,426,397,0,403.33334,452.66666,621
1435,2011,9,621,27,180,1,23,1.7792754,413,371,0,486.66666,422.16666,582
1435,2011,10,582,26.454546,112,1,22,1.8504546,621,426,0,538.6667,468.33334,736
1435,2011,11,736,29.44,99,1,25,1.8317828,582,413,0,646.3333,524.8333,229
1436,2011,1,634,42.266666,288,1,15,2.097889,342,0,0,488,488,263
1436,2011,2,263,17.533333,96,1,15,1.7824445,634,0,0,413,413,443
1436,2011,3,443,22.15,98,1,20,1.676,263,342,0,446.66666,420.5,222
1436,2011,4,222,13.875,27,2,16,1.726875,443,634,0,309.33334,380.8,432
1436,2011,5,432,20.571428,118,1,21,1.7457143,222,263,0,365.66666,389.33334,101
1436,2011,6,101,6.3125,18,1,16,1.90625,432,443,0,251.66667,349.16666,194
1436,2011,7,194,10.210526,36,1,19,1.8945614,101,222,0,242.33333,275.83334,413
1436,2011,8,413,19.666666,100,1,21,1.87,194,432,0,236,300.83334,450
1436,2011,9,450,18,108,1,25,1.81,413,101,0,352.33334,302,459
1436,2011,10,459,19.125,101,1,24,1.7984444,450,194,0,440.66666,341.5,602
1436,2011,11,602,23.153847,118,3,26,2.0265384,459,413,0,503.66666,369.83334,166
1437,2011,1,761,33.086956,148,1,23,1.6892246,1159,0,0,960,960,378
1437,2011,2,378,18,94,1,21,1.5836167,761,0,0,766,766,906
1437,2011,3,906,36.24,154,2,25,1.82272,378,1159,0,681.6667,801,569
1437,2011,4,569,27.095238,98,1,21,1.7818254,906,761,0,617.6667,754.6,804
1437,2011,5,804,32.16,220,1,25,1.8164533,569,378,0,759.6667,762.8333,635
1437,2011,6,635,31.75,97,1,20,1.7391666,804,906,0,669.3333,675.5,611
1437,2011,7,611,25.458334,156,1,24,2.0440834,635,569,0,683.3333,650.5,397
1437,2011,8,397,17.26087,60,1,23,1.8966666,611,804,0,547.6667,653.6667,1017
1437,2011,9,1017,44.217392,145,1,23,1.7967826,397,635,0,675,672.1667,526
1437,2011,10,526,25.047619,109,1,21,1.892127,1017,611,0,646.6667,665,636
1437,2011,11,636,26.5,121,1,24,2.0581825,526,397,0,726.3333,637,290
1438,2011,1,88,22,48,1,4,1.5175,9,0,0,48.5,48.5,47
1438,2011,2,47,6.714286,12,1,7,1.5957143,88,0,0,48,48,89
1438,2011,3,89,14.833333,48,1,6,1.42,47,9,0,74.666664,58.25,44
1438,2011,4,44,6.285714,12,1,7,1.6821429,89,88,0,60,55.4,80
1438,2011,5,80,10,24,1,8,1.5525,44,47,0,71,59.5,38
1438,2011,6,38,9.5,31,1,4,1.645,80,89,0,54,64.333336,40
1438,2011,7,40,3.6363637,11,1,11,1.0545454,38,44,0,52.666668,56.333332,20
1438,2011,8,20,5,12,1,4,1.5525,40,80,0,32.666668,51.833332,13
1438,2011,9,13,6.5,12,1,2,1.855,20,38,0,24.333334,39.166668,6
1438,2011,10,6,2,3,1,3,1.6533333,13,40,0,13,32.833332,28
1438,2011,11,28,2.8,12,1,10,2.1575,6,20,0,15.666667,24.166666,3
1439,2011,1,465,29.0625,104,1,16,1.469,630,0,0,547.5,547.5,367
1439,2011,2,367,30.583334,100,1,12,1.3695834,465,0,0,487.33334,487.33334,307
1439,2011,3,307,20.466667,72,1,15,1.3306667,367,630,0,379.66666,442.25,379
1439,2011,4,379,34.454544,96,1,11,1.3139395,307,465,0,351,429.6,707
1439,2011,5,707,39.27778,174,1,18,1.4731481,379,367,0,464.33334,475.83334,191
1439,2011,6,191,14.692307,49,1,13,1.3676924,707,307,0,425.66666,402.66666,636
1439,2011,7,636,35.333332,240,1,18,1.2466667,191,379,0,511.33334,431.16666,590
1439,2011,8,590,36.875,242,1,16,1.3566146,636,707,0,472.33334,468.33334,890
1439,2011,9,890,49.444443,245,1,18,1.4170601,590,191,0,705.3333,565.5,745
1439,2011,10,745,33.863636,192,1,22,1.3513637,890,636,0,741.6667,626.5,1307
1439,2011,11,1307,54.458332,314,1,24,1.4716598,745,590,0,980.6667,726.5,954
1440,2011,1,179,13.769231,34,1,13,1.65,281,0,0,230,230,178
1440,2011,2,178,14.833333,48,1,12,1.7183334,179,0,0,212.66667,212.66667,401
1440,2011,3,401,19.095238,62,2,21,1.7280953,178,281,0,252.66667,259.75,552
1440,2011,4,552,42.46154,303,1,13,1.7884616,401,179,0,377,318.2,335
1440,2011,5,335,16.75,72,1,20,1.9670666,552,178,0,429.33334,321,125
1440,2011,6,125,9.615385,24,2,13,1.713077,335,401,0,337.33334,295,247
1440,2011,7,247,15.4375,53,1,16,1.6375,125,552,0,235.66667,306.33334,1177
1440,2011,8,1177,69.23529,456,1,17,1.7868627,247,335,0,516.3333,472.83334,682
1440,2011,9,682,26.23077,160,2,26,1.7630769,1177,125,0,702,519.6667,582
1440,2011,10,582,25.304348,62,2,23,1.7272464,682,247,0,813.6667,524.6667,847
1440,2011,11,847,32.576923,105,1,26,1.8997161,582,1177,0,703.6667,610,302
1441,2011,1,41,5.125,13,2,8,1.25,62,0,0,51.5,51.5,10
1441,2011,2,10,3.3333333,6,2,3,1.25,41,0,0,37.666668,37.666668,145
1441,2011,3,145,14.5,60,1,10,1.25,10,62,0,65.333336,64.5,175
1441,2011,4,175,11.666667,72,1,15,1.386,145,41,0,110,86.6,76
1441,2011,5,76,10.857142,25,2,7,1.4228572,175,10,0,132,84.833336,54
1441,2011,6,54,7.714286,12,1,7,1.25,76,145,0,101.666664,83.5,50
1441,2011,7,50,5,14,1,10,1.613,54,175,0,60,85,94
1441,2011,8,94,10.444445,24,4,9,1.3066666,50,76,0,66,99,252
1441,2011,9,252,21,81,1,12,1.2783333,94,54,0,132,116.833336,145
1441,2011,10,145,8.055555,24,1,18,1.4180555,252,50,0,163.66667,111.833336,224
1441,2011,11,224,11.2,63,1,20,1.4062917,145,94,0,207,136.5,93
1442,2011,1,69,6.2727275,25,1,11,1.25,99,0,0,84,84,301
1442,2011,2,301,60.2,288,1,5,1.212,69,0,0,156.33333,156.33333,215
1442,2011,3,215,14.333333,66,1,15,1.25,301,99,0,195,171,415
1442,2011,4,415,31.923077,156,1,13,1.291923,215,69,0,310.33334,219.8,83
1442,2011,5,83,9.222222,38,1,9,1.3844445,415,301,0,237.66667,197,76
1442,2011,6,76,7.6,20,1,10,1.25,83,215,0,191.33333,193.16667,274
1442,2011,7,274,21.076923,145,1,13,1.3357692,76,415,0,144.33333,227.33333,110
1442,2011,8,110,10,38,1,11,1.3880303,274,83,0,153.33333,195.5,259
1442,2011,9,259,16.1875,83,1,16,1.3972917,110,76,0,214.33333,202.83333,280
1442,2011,10,280,14,152,1,20,1.38375,259,274,0,216.33333,180.33333,307
1442,2011,11,307,13.954545,63,1,22,1.3939167,280,110,0,282,217.66667,343
1443,2011,1,48,5.3333335,13,1,9,1.25,81,0,0,64.5,64.5,173
1443,2011,2,173,34.6,144,1,5,1.212,48,0,0,100.666664,100.666664,98
1443,2011,3,98,10.888889,60,1,9,1.3844445,173,81,0,106.333336,100,368
1443,2011,4,368,33.454544,156,1,11,1.2704545,98,48,0,213,153.6,20
1443,2011,5,20,3.3333333,8,1,6,1.25,368,173,0,162,131.33333,49
1443,2011,6,49,6.125,13,1,8,1.25,20,98,0,145.66667,126,67
1443,2011,7,67,9.571428,24,1,7,1.2932143,49,368,0,45.333332,129.16667,970
1443,2011,8,970,80.833336,448,1,12,1.3218056,67,20,0,362,262,119
1443,2011,9,119,11.9,36,1,10,1.25,970,49,0,385.33334,265.5,93
1443,2011,10,93,8.454545,53,1,11,1.2413636,119,67,0,394,219.66667,557
1443,2011,11,557,29.31579,229,1,19,1.5360526,93,970,0,256.33334,309.16666,59
1444,2011,1,70,7.7777777,12,2,9,1.0233333,87,0,0,78.5,78.5,77
1444,2011,2,77,11,24,1,7,1.0171429,70,0,0,78,78,115
1444,2011,3,115,12.777778,36,1,9,0.98,77,87,0,87.333336,87.25,37
1444,2011,4,37,6.1666665,12,1,6,0.98,115,70,0,76.333336,77.2,77
1444,2011,5,77,12.833333,36,1,6,0.98,37,77,0,76.333336,77.166664,30
1444,2011,6,30,6,12,2,5,0.85,77,115,0,48,67.666664,39
1444,2011,7,39,7.8,24,1,5,1.318,30,37,0,48.666668,62.5,67
1444,2011,8,67,9.571428,16,1,7,0.9614286,39,77,0,45.333332,60.833332,45
1444,2011,9,45,7.5,13,1,6,1.305,67,30,0,50.333332,49.166668,88
1444,2011,10,88,8.8,26,1,10,1.201,45,39,0,66.666664,57.666668,179
1444,2011,11,179,9.421053,26,1,19,1.2023684,88,67,0,104,74.666664,23
1445,2011,1,51,8.5,12,1,6,0.85,112,0,0,81.5,81.5,42
1445,2011,2,42,5.25,12,1,8,1.045,51,0,0,68.333336,68.333336,89
1445,2011,3,89,8.090909,36,1,11,0.94454545,42,112,0,60.666668,73.5,33
1445,2011,4,33,6.6,16,1,5,1.162,89,51,0,54.666668,65.4,27
1445,2011,5,27,5.4,12,1,5,1.318,33,42,0,49.666668,59,29
1445,2011,6,29,4.8333335,12,1,6,0.85,27,89,0,29.666666,45.166668,40
1445,2011,7,40,6.6666665,12,1,6,1.11,29,33,0,32,43.333332,38
1445,2011,8,38,7.6,12,1,5,1.006,40,27,0,35.666668,42.666668,42
1445,2011,9,42,8.4,12,1,5,1.162,38,29,0,40,34.833332,87
1445,2011,10,87,6.214286,18,1,14,1.0171429,42,40,0,55.666668,43.833332,243
1445,2011,11,243,12.15,52,1,20,1.04825,87,38,0,124,79.833336,46
1447,2011,1,113,8.071428,48,1,14,4.3597617,286,0,0,199.5,199.5,230
1447,2011,2,230,17.692308,144,1,13,3.9601283,113,0,0,209.66667,209.66667,244
1447,2011,3,244,12.2,52,1,20,3.9175,230,286,0,195.66667,218.25,109
1447,2011,4,109,6.8125,16,1,16,3.981875,244,113,0,194.33333,196.4,135
1447,2011,5,135,7.5,28,1,18,4.20375,109,230,0,162.66667,186.16667,76
1447,2011,6,76,5.428571,24,1,14,4.28,135,244,0,106.666664,151.16667,200
1447,2011,7,200,12.5,56,1,16,4.3053126,76,109,0,137,165.66667,403
1447,2011,8,403,20.15,240,1,20,4.111417,200,135,0,226.33333,194.5,233
1447,2011,9,233,11.095238,52,1,21,3.7855952,403,76,0,278.66666,192.66667,859
1447,2011,10,859,37.347828,324,2,23,4.047902,233,200,0,498.33334,317.66666,468
1447,2011,11,468,20.347826,55,1,23,4.631464,859,403,0,520,373.16666,24
1456,2011,1,118,14.75,44,1,8,0.9475,179,0,0,148.5,148.5,22
1456,2011,2,22,5.5,12,1,4,1.045,118,0,0,106.333336,106.333336,33
1456,2011,3,33,6.6,12,2,5,0.85,22,179,0,57.666668,88,27
1456,2011,4,27,9,20,1,3,0.85,33,118,0,27.333334,75.8,6
1456,2011,5,6,6,6,6,1,0.85,27,22,0,22,64.166664,31
1456,2011,6,31,6.2,15,1,5,1.24,6,33,0,21.333334,39.5,78
1456,2011,7,78,19.5,48,6,4,0.85,31,27,0,38.333332,32.833332,65
1456,2011,8,65,8.125,21,1,8,0.85,78,6,0,58,40,1300
1456,2011,9,1300,72.22222,360,1,18,0.7602751,65,31,0,481,251.16667,3028
1456,2011,10,3028,121.12,378,12,25,0.4100684,1300,78,0,1464.3334,751.3333,5003
1456,2011,11,5003,192.42308,430,18,26,0.3754028,3028,65,0,3110.3333,1584.1666,720
1461,2011,1,7,2.3333333,5,1,3,4.19,34,0,0,20.5,20.5,9
1461,2011,2,9,4.5,6,3,2,3.755,7,0,0,16.666666,16.666666,162
1461,2011,3,162,20.25,144,1,8,2.795,9,34,0,59.333332,53,15
1461,2011,4,15,3.75,6,1,4,2.55,162,7,0,62,45.4,36
1461,2011,5,36,9,18,6,4,2.55,15,9,0,71,43.833332,28
1461,2011,6,28,7,12,1,4,3.1525,36,162,0,26.333334,42.833332,348
1461,2011,7,348,87,288,6,4,2.55,28,15,0,137.33333,99.666664,56
1461,2011,8,56,18.666666,48,2,3,2.55,348,36,0,144,107.5,229
1461,2011,9,229,25.444445,144,1,9,2.7677777,56,28,0,211,118.666664,91
1461,2011,10,91,6.0666666,18,1,15,3.139111,229,348,0,125.333336,131.33333,37
1461,2011,11,37,3.7,12,1,10,3.3935,91,56,0,119,131.5,9
1462,2011,1,21,3,7,1,7,3.9414287,25,0,0,23,23,45
1462,2011,2,45,6.428571,18,1,7,3.2385714,21,0,0,30.333334,30.333334,34
1462,2011,3,34,4.857143,13,1,7,3.0664287,45,25,0,33.333332,31.25,120
1462,2011,4,120,30,102,6,4,2.55,34,21,0,66.333336,49,54
1462,2011,5,54,9,18,1,6,3.755,120,45,0,69.333336,49.833332,57
1462,2011,6,57,8.142858,30,2,7,2.7795238,54,34,0,77,55.166668,85
1462,2011,7,85,12.142858,48,1,7,2.8942857,57,120,0,65.333336,65.833336,38
1462,2011,8,38,7.6,18,2,5,2.55,85,54,0,60,64.666664,30
1462,2011,9,30,3.3333333,6,1,9,3.3533332,38,57,0,51,64,32
1462,2011,10,32,4,12,1,8,3.001875,30,85,0,33.333332,49.333332,29
1462,2011,11,29,2.9,6,1,10,3.3935,32,38,0,30.333334,45.166668,4
1463,2011,1,54,5.4,24,1,10,3.775,65,0,0,59.5,59.5,113
1463,2011,2,113,11.3,30,1,10,3.032,54,0,0,77.333336,77.333336,192
1463,2011,3,192,17.454546,152,1,11,2.865,113,65,0,119.666664,106,503
1463,2011,4,503,31.4375,150,1,16,2.884375,192,54,0,269.33334,185.4,103
1463,2011,5,103,7.923077,19,1,13,3.106154,503,113,0,266,171.66667,79
1463,2011,6,79,9.875,36,1,8,2.85125,103,192,0,228.33333,174,329
1463,2011,7,329,41.125,288,1,8,2.85125,79,503,0,170.33333,219.83333,34
1463,2011,8,34,5.6666665,24,1,6,3.755,329,103,0,147.33333,206.66667,298
1463,2011,9,298,22.923077,146,2,13,2.940128,34,79,0,220.33333,224.33333,246
1463,2011,10,246,16.4,126,1,15,2.8445556,298,329,0,192.66667,181.5,270
1463,2011,11,270,20.76923,145,1,13,3.2433333,246,34,0,271.33334,209.33333,47
1464,2011,1,292,26.545454,156,1,11,1.4911363,1144,0,0,718,718,565
1464,2011,2,565,37.666668,288,1,15,1.5398333,292,0,0,667,667,692
1464,2011,3,692,46.133335,156,6,15,1.3456666,565,1144,0,516.3333,673.25,492
1464,2011,4,492,27.333334,169,1,18,1.4101388,692,292,0,583,637,137
1464,2011,5,137,15.222222,28,2,9,1.3396297,492,565,0,440.33334,553.6667,114
1464,2011,6,114,9.5,24,1,12,1.3004167,137,692,0,247.66667,382,194
1464,2011,7,194,12.933333,48,1,15,1.5323334,114,492,0,148.33333,365.66666,119
1464,2011,8,119,13.222222,24,9,9,1.3620371,194,137,0,142.33333,291.33334,457
1464,2011,9,457,28.5625,144,1,16,1.3767709,119,114,0,256.66666,252.16667,1129
1464,2011,10,1129,51.31818,224,1,22,1.4897575,457,194,0,568.3333,358.33334,792
1464,2011,11,792,37.714287,171,1,21,1.5743572,1129,119,0,792.6667,467.5,105
1465,2011,1,56,6.2222223,24,1,9,1.11,118,0,0,87,87,17
1465,2011,2,17,4.25,12,1,4,1.045,56,0,0,63.666668,63.666668,114
1465,2011,3,114,11.4,26,1,10,0.928,17,118,0,62.333332,76.25,5
1465,2011,4,5,1.25,2,1,4,1.24,114,56,0,45.333332,62,45
1465,2011,5,45,7.5,13,1,6,1.175,5,17,0,54.666668,59.166668,63
1465,2011,6,63,7,14,1,9,0.98,45,114,0,37.666668,50,65
1465,2011,7,65,13,24,2,5,0.85,63,5,0,57.666668,51.5,47
1465,2011,8,47,5.875,12,1,8,0.9475,65,45,0,58.333332,56.5,52
1465,2011,9,52,10.4,36,1,5,1.162,47,63,0,54.666668,46.166668,125
1465,2011,10,125,10.416667,25,1,12,0.85,52,65,0,74.666664,66.166664,101
1465,2011,11,101,4.8095236,19,1,21,1.2226666,125,47,0,92.666664,75.5,48
1466,2011,1,33,4.714286,12,1,7,1.1885715,82,0,0,57.5,57.5,55
1466,2011,2,55,7.857143,24,1,7,0.9614286,33,0,0,56.666668,56.666668,76
1466,2011,3,76,6.909091,12,1,11,0.88545454,55,82,0,54.666668,61.5,55
1466,2011,4,55,7.857143,13,1,7,0.9057143,76,33,0,62,60.2,47
1466,2011,5,47,7.8333335,12,1,6,1.045,55,55,0,59.333332,58,16
1466,2011,6,16,4,12,1,4,0.85,47,76,0,39.333332,47,3
1466,2011,7,3,1.5,2,1,2,0.85,16,55,0,22,42,27
1466,2011,8,27,6.75,13,1,4,1.24,3,47,0,15.333333,37.333332,114
1466,2011,9,114,11.4,48,1,10,1.045,27,16,0,48,43.666668,96
1466,2011,10,96,8.727273,24,1,11,0.98,114,3,0,79,50.5,249
1466,2011,11,249,12.45,48,1,20,1.07555,96,27,0,153,84.166664,68
1473,2011,1,31,5.1666665,13,1,6,1.375,622,0,0,326.5,326.5,381
1473,2011,2,381,22.411764,72,2,17,1.1061765,31,0,0,344.66666,344.66666,395
1473,2011,3,395,21.944445,48,2,18,0.9872222,381,622,0,269,357.25,158
1473,2011,4,158,11.285714,24,1,14,0.99857146,395,31,0,311.33334,317.4,204
1473,2011,5,204,17,49,1,12,1.02875,158,381,0,252.33333,298.5,188
1473,2011,6,188,14.461538,60,1,13,1.11,204,395,0,183.33333,226.16667,210
1473,2011,7,210,13.125,48,1,16,1.0645,188,158,0,200.66667,256,215
1473,2011,8,215,14.333333,36,1,15,1.084,210,204,0,204.33333,228.33333,694
1473,2011,9,694,33.04762,94,1,21,0.928619,215,188,0,373,278.16666,2653
1473,2011,10,2653,115.347824,1908,3,23,0.9446739,694,210,0,1187.3334,694,953
1473,2011,11,953,38.12,87,1,25,1.0495067,2653,215,0,1433.3334,818.8333,97
1475,2011,1,4,2,3,1,2,1.63,57,0,0,30.5,30.5,62
1475,2011,2,62,20.666666,48,2,3,0.85,4,0,0,41,41,12
1475,2011,3,12,12,12,12,1,0.85,62,57,0,26,33.75,20
1475,2011,4,20,5,12,1,4,1.2725,12,4,0,31.333334,31,29
1475,2011,5,29,5.8,12,1,5,1.006,20,62,0,20.333334,30.666666,48
1475,2011,6,48,9.6,12,6,5,1.006,29,12,0,32.333332,29.166666,50
1475,2011,7,50,5.5555553,14,1,9,1.0666667,48,20,0,42.333332,36.833332,3
1475,2011,8,3,3,3,3,1,0.85,50,29,0,33.666668,27,318
1475,2011,9,318,28.90909,96,1,11,0.88136363,3,48,0,123.666664,78,653
1475,2011,10,653,38.411766,146,2,17,0.6182353,318,50,0,324.66666,183.5,1276
1475,2011,11,1276,49.076923,222,4,26,0.5102344,653,3,0,749,391.33334,290
1480,2011,1,3,1,1,1,3,1.65,137,0,0,70,70,105
1480,2011,2,105,8.75,48,1,12,1.4133333,3,0,0,81.666664,81.666664,59
1480,2011,3,59,5.3636365,17,1,11,1.2281818,105,137,0,55.666668,76,143
1480,2011,4,143,13,24,1,11,1.050909,59,3,0,102.333336,89.4,74
1480,2011,5,74,9.25,30,1,8,1.045,143,105,0,92,86.833336,80
1480,2011,6,80,6.6666665,25,1,12,1.5,74,59,0,99,77.333336,243
1480,2011,7,243,22.09091,150,1,11,1.1178788,80,143,0,132.33333,117.333336,127
1480,2011,8,127,11.545455,37,1,11,1.0627273,243,74,0,150,121,286
1480,2011,9,286,19.066668,65,1,15,1.0510666,127,80,0,218.66667,158.83333,427
1480,2011,10,427,22.473684,84,1,19,0.9298246,286,243,0,280,206.16667,401
1480,2011,11,401,17.434782,53,1,23,0.96336645,427,127,0,371.33334,260.66666,132
1482,2011,1,42,14,32,4,3,2.4,65,0,0,53.5,53.5,356
1482,2011,2,356,59.333332,320,6,6,2.475,42,0,0,154.33333,154.33333,33
1482,2011,3,33,4.125,8,1,8,3.1525,356,65,0,143.66667,124,276
1482,2011,4,276,34.5,192,1,8,2.4375,33,42,0,221.66667,154.4,89
1482,2011,5,89,8.9,40,1,10,2.776,276,356,0,132.66667,143.5,129
1482,2011,6,129,11.727273,64,2,11,2.4681818,89,33,0,164.66667,154.16667,18
1482,2011,7,18,9,14,4,2,3.1525,129,276,0,78.666664,150.16667,28
1482,2011,8,28,4.6666665,10,1,6,3.0855556,18,89,0,58.333332,95.5,14
1482,2011,9,14,3.5,10,1,4,2.85125,28,129,0,20,92.333336,78
1482,2011,10,78,6,16,1,13,2.7353847,14,18,0,40,59.333332,92
1482,2011,11,92,7.076923,30,1,13,3.4460256,78,28,0,61.333332,59.833332,33
1483,2011,1,28,4,8,2,7,14.955238,27,0,0,27.5,27.5,58
1483,2011,2,58,6.4444447,24,1,9,14.440371,28,0,0,37.666668,37.666668,67
1483,2011,3,67,3.7222223,13,1,18,14.724908,58,27,0,51,45,88
1483,2011,4,88,6.285714,25,1,14,14.367262,67,28,0,71,53.6,84
1483,2011,5,84,4.4210525,12,1,19,15.585395,88,58,0,79.666664,58.666668,101
1483,2011,6,101,4.590909,15,1,22,16.835833,84,67,0,91,71,118
1483,2011,7,118,6.2105265,20,1,19,16.906359,101,88,0,101,86,79
1483,2011,8,79,6.5833335,18,1,12,17.105694,118,84,0,99.333336,89.5,24
1483,2011,9,24,2.1818182,8,1,11,16.37,79,101,0,73.666664,82.333336,31
1483,2011,10,31,3.1,8,1,10,16.182,24,118,0,44.666668,72.833336,54
1483,2011,11,54,3.1764705,12,1,17,16.206373,31,79,0,36.333332,67.833336,23
1484,2011,1,17,3.4,12,1,5,18.778,7,0,0,12,12,22
1484,2011,2,22,2.75,9,1,8,15.683333,17,0,0,15.333333,15.333333,26
1484,2011,3,26,2.3636363,8,1,11,19.951818,22,7,0,21.666666,18,46
1484,2011,4,46,3.8333333,10,1,12,15.866806,26,17,0,31.333334,23.6,51
1484,2011,5,51,3.642857,17,1,14,15.111905,46,22,0,41,28.166666,42
1484,2011,6,42,2.8,9,1,15,16.572666,51,26,0,46.333332,34,46
1484,2011,7,46,3.8333333,10,1,12,16.395,42,46,0,46.333332,38.833332,34
1484,2011,8,34,3.7777777,16,1,9,16.38,46,51,0,40.666668,40.833332,8
1484,2011,9,8,1.3333334,2,1,6,18.84,34,42,0,29.333334,37.833332,11
1484,2011,10,11,2.2,4,1,5,15.31,8,46,0,17.666666,32,1
1484,2011,11,1,1,1,1,1,15.95,11,34,0,6.6666665,23.666666,4
1485,2011,1,41,5.125,12,2,8,9.678125,38,0,0,39.5,39.5,104
1485,2011,2,104,6.9333334,16,1,15,9.745845,41,0,0,61,61,72
1485,2011,3,72,3.6,11,1,20,10.470417,104,38,0,72.333336,63.75,201
1485,2011,4,201,11.823529,72,2,17,9.862059,72,41,0,125.666664,91.2,365
1485,2011,5,365,18.25,98,1,20,10.496875,201,104,0,212.66667,136.83333,138
1485,2011,6,138,6.2727275,24,1,22,11.013227,365,72,0,234.66667,153.5,132
1485,2011,7,132,6,26,1,22,10.690644,138,201,0,211.66667,168.66667,84
1485,2011,8,84,4.9411764,34,1,17,10.978039,132,365,0,118,165.33333,32
1485,2011,9,32,2.909091,12,1,11,11.1845455,84,138,0,82.666664,158.66667,15
1485,2011,10,15,2.5,5,1,6,11.0633335,32,132,0,43.666668,127.666664,67
1485,2011,11,67,3.1904762,12,1,21,12.102698,15,84,0,38,78,42
1488,2011,1,435,48.333332,108,1,9,0.44833332,692,0,0,563.5,563.5,162
1488,2011,2,162,32.4,144,1,5,1.19,435,0,0,429.66666,429.66666,37
1488,2011,3,37,18.5,36,1,2,1.24,162,692,0,211.33333,331.5,180
1488,2011,4,180,60,108,36,3,0.8066667,37,435,0,126.333336,301.2,957
1488,2011,5,957,106.333336,576,1,9,1.1977777,180,162,0,391.33334,410.5,1204
1488,2011,6,1204,66.888885,360,1,18,0.4586111,957,37,0,780.3333,495.83334,1077
1488,2011,7,1077,48.954544,110,2,22,0.3128788,1204,180,0,1079.3334,602.8333,541
1488,2011,8,541,49.18182,108,36,11,0.25545454,1077,957,0,940.6667,666,973
1488,2011,9,973,74.84615,217,36,13,0.2176923,541,1204,0,863.6667,822,1440
1488,2011,10,1440,90,612,36,16,0.19,973,1077,0,984.6667,1032,1658
1488,2011,11,1658,87.26316,216,2,19,0.26578948,1440,541,0,1357,1148.8334,252
1490,2011,1,319,21.266666,98,1,15,0.986,15,0,0,167,167,232
1490,2011,2,232,38.666668,108,1,6,0.8175,319,0,0,188.66667,188.66667,267
1490,2011,3,267,24.272728,192,2,11,0.88545454,232,15,0,272.66666,208.25,47
1490,2011,4,47,5.875,24,1,8,0.9475,267,319,0,182,176,163
1490,2011,5,163,16.3,96,1,10,1.032,47,232,0,159,173.83333,116
1490,2011,6,116,12.888889,97,1,9,1.1027777,163,267,0,108.666664,190.66667,34
1490,2011,7,34,5.6666665,25,1,6,1.3483334,116,47,0,104.333336,143.16667,48
1490,2011,8,48,6.857143,15,1,7,0.9614286,34,163,0,66,112.5,122
1490,2011,9,122,9.384615,24,1,13,0.94,48,116,0,68,88.333336,79
1490,2011,10,79,6.5833335,22,1,12,0.8825,122,34,0,83,93.666664,54
1490,2011,11,54,4.1538463,24,1,13,1.09,79,48,0,85,75.5,42
1491,2011,1,168,28,48,24,6,0.29,185,0,0,176.5,176.5,152
1491,2011,2,152,16.88889,24,1,9,0.29,168,0,0,168.33333,168.33333,290
1491,2011,3,290,26.363636,53,6,11,0.31454545,152,185,0,203.33333,198.75,252
1491,2011,4,252,28,48,12,9,0.29,290,168,0,231.33333,209.4,251
1491,2011,5,251,25.1,63,3,10,0.29,252,152,0,264.33334,216.33333,61
1491,2011,6,61,20.333334,24,13,3,0.38,251,290,0,188,195.66667,214
1491,2011,7,214,26.75,50,4,8,0.29,61,252,0,175.33333,203.33333,192
1491,2011,8,192,14.769231,48,1,13,0.4353846,214,251,0,155.66667,210,615
1491,2011,9,615,34.166668,84,1,18,0.37611112,192,61,0,340.33334,264.16666,278
1491,2011,10,278,18.533333,66,1,15,0.53,615,214,0,361.66666,268.5,298
1491,2011,11,298,13.545455,32,1,22,0.6036364,278,192,0,397,276.33334,78
1492,2011,1,96,24,24,24,4,0.29,151,0,0,123.5,123.5,98
1492,2011,2,98,24.5,25,24,4,0.42,96,0,0,115,115,470
1492,2011,3,470,94,432,1,5,0.39,98,151,0,221.33333,203.75,97
1492,2011,4,97,19.4,24,1,5,0.398,470,96,0,221.66667,182.4,155
1492,2011,5,155,22.142857,48,1,7,0.36714286,97,98,0,240.66667,177.83333,27
1492,2011,6,27,9,24,1,3,0.65,155,470,0,93,157.16667,215
1492,2011,7,215,26.875,96,1,8,0.4925,27,97,0,132.33333,177,146
1492,2011,8,146,18.25,37,1,8,0.38,215,155,0,129.33333,185,248
1492,2011,9,248,27.555555,120,1,9,0.52555555,146,27,0,203,148,259
1492,2011,10,259,25.9,120,1,10,0.49,248,215,0,217.66667,175,80
1492,2011,11,80,8,28,1,10,0.5933333,259,146,0,195.66667,162.5,33
1493,2011,1,465,29.0625,144,1,16,0.53,2694,0,0,1579.5,1579.5,2725
1493,2011,2,2725,170.3125,888,4,16,0.44604167,465,0,0,1961.3334,1961.3334,3645
1493,2011,3,3645,173.57143,1321,1,21,0.42650795,2725,2694,0,2278.3333,2382.25,2226
1493,2011,4,2226,130.94118,869,1,17,0.36991596,3645,465,0,2865.3333,2351,1476
1493,2011,5,1476,98.4,936,1,15,0.3881111,2226,2725,0,2449,2205.1667,2429
1493,2011,6,2429,121.45,876,1,20,0.4175,1476,3645,0,2043.6666,2161,1273
1493,2011,7,1273,53.041668,689,1,24,0.42229167,2429,2226,0,1726,2295.6667,2444
1493,2011,8,2444,111.09091,1021,1,22,0.39151517,1273,1476,0,2048.6667,2248.8333,1600
1493,2011,9,1600,88.888885,456,1,18,0.455,2444,2429,0,1772.3334,1908,1553
1493,2011,10,1553,73.95238,600,1,21,0.49126983,1600,1273,0,1865.6666,1795.8334,2982
1493,2011,11,2982,124.25,888,1,24,0.525001,1553,2444,0,2045,2046.8334,623
1494,2011,1,123,7.6875,27,1,16,5.431875,179,0,0,151,151,118
1494,2011,2,118,10.727273,73,1,11,5.183636,123,0,0,140,140,206
1494,2011,3,206,9.809524,51,1,21,5.141746,118,179,0,149,156.5,52
1494,2011,4,52,4,9,3,13,5.1746154,206,123,0,125.333336,135.6,137
1494,2011,5,137,6.5238094,33,1,21,5.44873,52,118,0,131.66667,135.83333,58
1494,2011,6,58,4.4615383,16,1,13,5.5220513,137,206,0,82.333336,115.666664,91
1494,2011,7,91,5.352941,15,1,17,5.465294,58,52,0,95.333336,110.333336,127
1494,2011,8,127,7.9375,54,1,16,4.928125,91,137,0,92,111.833336,135
1494,2011,9,135,6.1363635,13,1,22,5.7463636,127,58,0,117.666664,100,197
1494,2011,10,197,8.565217,30,1,23,5.3156524,135,91,0,153,124.166664,679
1494,2011,11,679,26.115385,234,2,26,5.7722764,197,127,0,337,214.5,107
1496,2011,1,147,16.333334,84,1,9,4.0735188,251,0,0,199,199,62
1496,2011,2,62,7.75,30,1,8,4.6325,147,0,0,153.33333,153.33333,146
1496,2011,3,146,8.588235,80,1,17,4.492647,62,251,0,118.333336,151.5,112
1496,2011,4,112,9.333333,25,1,12,4.364097,146,147,0,106.666664,143.6,172
1496,2011,5,172,10.75,81,1,16,4.152604,112,62,0,143.33333,148.33333,138
1496,2011,6,138,8.117647,37,1,17,4.404706,172,146,0,140.66667,129.5,118
1496,2011,7,118,7.375,24,1,16,3.8272917,138,112,0,142.66667,124.666664,246
1496,2011,8,246,18.923077,160,1,13,4.649808,118,172,0,167.33333,155.33333,209
1496,2011,9,209,11,37,1,19,4.3357897,246,138,0,191,165.83333,267
1496,2011,10,267,11.125,37,2,24,4.458507,209,118,0,240.66667,191.66667,421
1496,2011,11,421,16.192308,109,3,26,4.797705,267,246,0,299,233.16667,198
1497,2011,1,355,27.307692,162,1,13,1.4753846,267,0,0,311,311,151
1497,2011,2,151,10.066667,25,1,15,1.613,355,0,0,257.66666,257.66666,742
1497,2011,3,742,53,356,2,14,1.2906548,151,267,0,416,378.75,427
1497,2011,4,427,32.846153,160,1,13,1.6230769,742,355,0,440,388.4,549
1497,2011,5,549,32.294117,332,1,17,1.5629412,427,151,0,572.6667,415.16666,285
1497,2011,6,285,15.833333,84,1,18,1.6015,549,742,0,420.33334,418.16666,306
1497,2011,7,306,14.571428,36,1,21,1.6303571,285,427,0,380,410,223
1497,2011,8,223,13.9375,36,1,16,1.6983334,306,549,0,271.33334,422,254
1497,2011,9,254,13.368421,34,2,19,1.6493421,223,285,0,261,340.66666,478
1497,2011,10,478,22.761906,61,2,21,1.5960034,254,306,0,318.33334,349.16666,676
1497,2011,11,676,28.166666,78,2,24,1.7643224,478,223,0,469.33334,370.33334,181
1498,2011,1,133,12.090909,49,1,11,2.0995455,279,0,0,206,206,338
1498,2011,2,338,16.9,122,1,20,1.743,133,0,0,250,250,437
1498,2011,3,437,21.85,145,1,20,1.629,338,279,0,302.66666,296.75,378
1498,2011,4,378,19.894737,48,1,19,1.6577193,437,133,0,384.33334,313,415
1498,2011,5,415,20.75,72,3,20,1.7153333,378,338,0,410,330,207
1498,2011,6,207,13.8,50,1,15,1.7812,415,437,0,333.33334,318,380
1498,2011,7,380,20,109,1,19,1.815614,207,378,0,334,359.16666,534
1498,2011,8,534,25.428572,108,2,21,1.7942857,380,415,0,373.66666,391.83334,520
1498,2011,9,520,24.761906,61,2,21,1.8536508,534,207,0,478,405.66666,779
1498,2011,10,779,31.16,84,2,25,1.8867733,520,380,0,611,472.5,1426
1498,2011,11,1426,54.846153,250,1,26,2.0354726,779,534,0,908.3333,641,324
1499,2011,1,60,6.6666665,24,2,9,9.788889,346,0,0,203,203,25
1499,2011,2,25,2.7777777,6,1,9,9.95,60,0,0,143.66667,143.66667,100
1499,2011,3,100,8.333333,26,1,12,10.009444,25,346,0,61.666668,132.75,56
1499,2011,4,56,5.6,24,1,10,11.15,100,60,0,60.333332,117.4,61
1499,2011,5,61,7.625,14,2,8,11.366667,56,25,0,72.333336,108,66
1499,2011,6,66,5.5,24,1,12,11.616667,61,100,0,61,61.333332,80
1499,2011,7,80,5.714286,24,1,14,13.177381,66,56,0,69,64.666664,50
1499,2011,8,50,3.5714285,12,1,14,12.295714,80,61,0,65.333336,68.833336,154
1499,2011,9,154,8.105263,24,1,19,13.18807,50,66,0,94.666664,77.833336,110
1499,2011,10,110,7.3333335,52,1,15,12.642222,154,80,0,104.666664,86.833336,194
1499,2011,11,194,10.777778,60,2,18,12.629723,110,50,0,152.66667,109,40
1500,2011,1,34,4.857143,10,1,7,4.95,91,0,0,62.5,62.5,94
1500,2011,2,94,11.75,60,2,8,4.8625,34,0,0,73,73,37
1500,2011,3,37,4.625,9,3,8,4.95,94,91,0,55,64,23
1500,2011,4,23,2.875,6,1,8,5.7,37,34,0,51.333332,55.8,35
1500,2011,5,35,3.8888888,12,1,9,6.6455555,23,94,0,31.666666,52.333332,20
1500,2011,6,20,2,3,1,10,6.2755,35,37,0,26,40.5,55
1500,2011,7,55,5.5,24,1,10,6.8265,20,23,0,36.666668,44,118
1500,2011,8,118,10.727273,72,1,11,6.208182,55,35,0,64.333336,48,132
1500,2011,9,132,8.25,33,1,16,6.4508333,118,20,0,101.666664,63.833332,156
1500,2011,10,156,8.210526,35,1,19,6.034912,132,55,0,135.33333,86,126
1500,2011,11,126,6.631579,24,1,19,6.5255265,156,118,0,138,101.166664,18
1501,2011,1,118,5.130435,13,1,23,9.611014,143,0,0,130.5,130.5,191
1501,2011,2,191,9.095238,50,1,21,9.568159,118,0,0,150.66667,150.66667,106
1501,2011,3,106,6.2352943,45,1,17,9.758628,191,143,0,138.33333,139.5,12
1501,2011,4,12,3,9,1,4,12.423333,106,118,0,103,114,92
1501,2011,5,92,10.222222,23,1,9,9.517889,12,191,0,70,110.333336,241
1501,2011,6,241,10.478261,39,1,23,8.604246,92,106,0,115,126.666664,133
1501,2011,7,133,5.7826085,30,1,23,9.346739,241,12,0,155.33333,129.16667,199
1501,2011,8,199,8.652174,41,2,23,9.14856,133,92,0,191,130.5,232
1501,2011,9,232,9.28,55,2,25,8.78748,199,241,0,188,151.5,207
1501,2011,10,207,8.625,45,2,24,9.663591,232,133,0,212.66667,184,157
1501,2011,11,157,6.28,15,1,25,9.424498,207,199,0,198.66667,194.83333,70
1502,2011,1,100,4.5454545,15,1,22,10.174712,195,0,0,147.5,147.5,138
1502,2011,2,138,6.571429,32,1,21,10.304143,100,0,0,144.33333,144.33333,123
1502,2011,3,123,7.6875,49,1,16,9.987031,138,195,0,120.333336,139,5
1502,2011,4,5,1.6666666,2,1,3,8.216666,123,100,0,88.666664,112.2,82
1502,2011,5,82,11.714286,49,2,7,8.278571,5,138,0,70,107.166664,205
1502,2011,6,205,10.25,76,2,20,8.600583,82,123,0,97.333336,108.833336,95
1502,2011,7,95,5.9375,36,1,16,8.929218,205,5,0,127.333336,108,144
1502,2011,8,144,8.470589,20,2,17,9.423314,95,82,0,148,109,201
1502,2011,9,201,8.375,54,1,24,8.817822,144,205,0,146.66667,122,139
1502,2011,10,139,6.0434785,40,1,23,8.782247,201,95,0,161.33333,144.33333,147
1502,2011,11,147,5.88,49,1,25,9.717,139,144,0,162.33333,155.16667,53
1503,2011,1,33,2.75,7,1,12,10.2375,37,0,0,35,35,30
1503,2011,2,30,2.7272727,7,1,11,8.5,33,0,0,33.333332,33.333332,101
1503,2011,3,101,5.9411764,48,1,17,8.689117,30,37,0,54.666668,50.25,52
1503,2011,4,52,4.7272725,14,1,11,9.382424,101,33,0,61,50.6,33
1503,2011,5,33,2.5384614,12,1,13,9.06,52,30,0,62,47.666668,35
1503,2011,6,35,2.6923077,9,1,13,8.5,33,101,0,40,47.333332,16
1503,2011,7,16,2.6666667,8,1,6,8.5,35,52,0,28,44.5,51
1503,2011,8,51,4.6363635,26,1,11,8.81803,16,33,0,34,48,23
1503,2011,9,23,2.5555556,6,1,9,9.403334,51,35,0,30,35,59
1503,2011,10,59,5.9,36,1,10,9.228,23,16,0,44.333332,36.166668,26
1503,2011,11,26,2.8888888,8,1,9,10.306666,59,51,0,36,35,24
1504,2011,1,59,3.1052632,13,1,19,9.637105,61,0,0,60,60,39
1504,2011,2,39,4.3333335,14,1,9,8.753889,59,0,0,53,53,1
1504,2011,3,1,1,1,1,1,8.5,39,61,0,33,40,1
1504,2011,4,1,1,1,1,1,0.76,1,59,0,13.666667,32.2,53
1504,2011,5,53,5.888889,19,1,9,8.429167,1,39,0,18.333334,35.666668,131
1504,2011,6,131,6.55,18,1,20,9.001625,53,1,0,61.666668,47.333332,59
1504,2011,7,59,3.1052632,11,1,19,9.512684,131,1,0,81,47.333332,88
1504,2011,8,88,4.888889,15,1,18,9.130278,59,53,0,92.666664,55.5,131
1504,2011,9,131,8.1875,42,2,16,9.3715105,88,131,0,92.666664,77.166664,92
1504,2011,10,92,4.3809524,14,1,21,9.002698,131,59,0,103.666664,92.333336,105
1504,2011,11,105,5,19,1,21,9.814643,92,88,0,109.333336,101,35
1505,2011,1,257,23.363636,160,1,11,4.5658183,9,0,0,133,133,130
1505,2011,2,130,26,124,1,5,6.884,257,0,0,132,132,64
1505,2011,3,64,5.818182,16,1,11,6.316364,130,9,0,150.33333,115,36
1505,2011,4,36,4,12,1,9,4.95,64,257,0,76.666664,99.2,81
1505,2011,5,81,5.785714,21,1,14,6.0235715,36,130,0,60.333332,96.166664,85
1505,2011,6,85,6.5384617,40,1,13,5.7007694,81,64,0,67.333336,108.833336,81
1505,2011,7,81,4.7647057,22,1,17,4.4810295,85,36,0,82.333336,79.5,60
1505,2011,8,60,4.6153846,12,1,13,5.9134617,81,81,0,75.333336,67.833336,64
1505,2011,9,64,7.111111,17,1,9,6.62,60,85,0,68.333336,67.833336,24
1505,2011,10,24,2.6666667,6,1,9,5.2283335,64,81,0,49.333332,65.833336,51
1505,2011,11,51,4.6363635,16,1,11,6.0886364,24,60,0,46.333332,60.833332,24
1506,2011,1,1445,65.681816,423,1,22,2.157538,894,0,0,1169.5,1169.5,1211
1506,2011,2,1211,60.55,358,1,20,2.034143,1445,0,0,1183.3334,1183.3334,1787
1506,2011,3,1787,68.73077,657,1,26,2.082533,1211,894,0,1481,1334.25,495
1506,2011,4,495,27.5,96,5,18,2.1412036,1787,1445,0,1164.3334,1166.4,1125
1506,2011,5,1125,48.913044,344,12,23,2.0833406,495,1211,0,1135.6666,1159.5,1110
1506,2011,6,1110,46.25,392,1,24,2.2948472,1125,1787,0,910,1195.5,506
1506,2011,7,506,21.083334,100,1,24,2.1799445,1110,495,0,913.6667,1039,1832
1506,2011,8,1832,76.333336,448,2,24,2.098816,506,1125,0,1149.3334,1142.5,971
1506,2011,9,971,37.346153,290,1,26,2.1495888,1832,1110,0,1103,1006.5,991
1506,2011,10,991,45.045456,204,2,22,2.0697262,971,506,0,1264.6666,1089.1666,1464
1506,2011,11,1464,56.307693,275,1,26,2.2127197,991,1832,0,1142,1145.6666,429
1507,2011,1,1134,54,389,1,21,2.4911191,486,0,0,810,810,1043
1507,2011,2,1043,52.15,384,1,20,2.2104833,1134,0,0,887.6667,887.6667,1654
1507,2011,3,1654,66.16,664,1,25,2.2674067,1043,486,0,1277,1079.25,406
1507,2011,4,406,22.555555,70,1,18,2.2847962,1654,1134,0,1034.3334,944.6,983
1507,2011,5,983,40.958332,384,2,24,2.1489534,406,1043,0,1014.3333,951,1018
1507,2011,6,1018,48.47619,388,2,21,2.2083912,983,1654,0,802.3333,1039.6666,472
1507,2011,7,472,18.88,101,1,25,2.3072,1018,406,0,824.3333,929.3333,1618
1507,2011,8,1618,64.72,448,1,25,2.318381,472,983,0,1036,1025.1666,983
1507,2011,9,983,39.32,230,2,25,2.1221032,1618,1018,0,1024.3334,913.3333,923
1507,2011,10,923,40.130436,268,1,23,2.1590893,983,472,0,1174.6666,999.5,886
1507,2011,11,886,35.44,218,2,25,2.4497204,923,1618,0,930.6667,983.3333,187
1508,2011,1,150,8.823529,27,1,17,2.5006862,99,0,0,124.5,124.5,302
1508,2011,2,302,18.875,144,1,16,2.5580208,150,0,0,183.66667,183.66667,435
1508,2011,3,435,22.894737,130,1,19,2.434035,302,99,0,295.66666,246.5,146
1508,2011,4,146,11.230769,36,1,13,2.5946155,435,150,0,294.33334,226.4,255
1508,2011,5,255,15.9375,67,1,16,2.1594584,146,302,0,278.66666,231.16667,528
1508,2011,6,528,25.142857,193,1,21,2.327111,255,435,0,309.66666,302.66666,175
1508,2011,7,175,11.666667,69,1,15,2.6364443,528,146,0,319.33334,306.83334,359
1508,2011,8,359,17.95,140,1,20,2.3995333,175,255,0,354,316.33334,318
1508,2011,9,318,16.736841,76,1,19,2.74693,359,528,0,284,296.83334,431
1508,2011,10,431,25.352942,192,2,17,2.63951,318,175,0,369.33334,344.33334,411
1508,2011,11,411,19.571428,101,1,21,3.0112302,431,359,0,386.66666,370.33334,72
1511,2011,1,50,4.1666665,12,1,12,10.698334,89,0,0,69.5,69.5,38
1511,2011,2,38,4.75,26,1,8,9.859375,50,0,0,59,59,92
1511,2011,3,92,6.133333,24,1,15,9.961445,38,89,0,60,67.25,38
1511,2011,4,38,3.4545455,8,2,11,10.273182,92,50,0,56,61.4,30
1511,2011,5,30,3,8,1,10,10.806,38,38,0,53.333332,56.166668,45
1511,2011,6,45,6.428571,20,1,7,11.121072,30,92,0,37.666668,48.833332,45
1511,2011,7,45,3.2142856,16,1,14,9.742857,45,38,0,40,48,100
1511,2011,8,100,7.142857,40,1,14,10.371548,45,30,0,63.333332,58.333332,51
1511,2011,9,51,5.1,24,1,10,10.661,100,45,0,65.333336,51.5,49
1511,2011,10,49,2.8823528,10,1,17,10.453529,51,45,0,66.666664,53.333332,109
1511,2011,11,109,6.8125,18,1,16,10.936198,49,100,0,69.666664,66.5,30
1512,2011,1,35,3.1818182,10,1,11,9.884091,64,0,0,49.5,49.5,30
1512,2011,2,30,5,18,1,6,12.053611,35,0,0,43,43,82
1512,2011,3,82,6.8333335,24,1,12,10.3914585,30,64,0,49,52.75,28
1512,2011,4,28,3.5,9,2,8,10.262813,82,35,0,46.666668,47.8,40
1512,2011,5,40,4.4444447,16,1,9,9.788889,28,30,0,50,46.5,44
1512,2011,6,44,5.5,20,1,8,9.708333,40,82,0,37.333332,43.166668,27
1512,2011,7,27,2.7,6,2,10,10.951,44,28,0,37,41.833332,146
1512,2011,8,146,13.272727,83,2,11,9.965606,27,40,0,72.333336,61.166668,48
1512,2011,9,48,4.3636365,24,1,11,9.818182,146,44,0,73.666664,55.5,32
1512,2011,10,32,2.6666667,8,1,12,9.829166,48,27,0,75.333336,56.166668,86
1512,2011,11,86,4.7777777,12,1,18,10.8225,32,146,0,55.333332,63.833332,20
1513,2011,1,54,5.4,14,1,10,8.864,58,0,0,56,56,68
1513,2011,2,68,6.8,27,2,10,8.301666,54,0,0,60,60,54
1513,2011,3,54,4.5,24,1,12,8.429167,68,58,0,58.666668,58.5,56
1513,2011,4,56,4,12,2,14,8.729643,54,54,0,59.333332,58,46
1513,2011,5,46,3.0666666,10,1,15,8.471666,56,68,0,52,56,27
1513,2011,6,27,5.4,16,1,5,8.33,46,54,0,43,50.833332,20
1513,2011,7,20,2,3,1,10,8.5,27,56,0,31,45.166668,38
1513,2011,8,38,3.4545455,10,1,11,8.461364,20,46,0,28.333334,40.166668,21
1513,2011,9,21,2.3333333,4,1,9,9.403334,38,27,0,26.333334,34.666668,47
1513,2011,10,47,4.7,20,1,10,9.662833,21,20,0,35.333332,33.166668,89
1513,2011,11,89,4.0454545,8,1,22,9.061591,47,38,0,52.333332,40.333332,17
1516,2011,1,79,9.875,42,1,8,2.521875,88,0,0,83.5,83.5,25
1516,2011,2,25,3.5714285,6,2,7,2.8942857,79,0,0,64,64,55
1516,2011,3,55,5,8,1,11,2.55,25,88,0,53,61.75,20
1516,2011,4,20,5,10,1,4,3.3533332,55,79,0,33.333332,53.4,87
1516,2011,5,87,12.428572,29,2,7,2.722143,20,25,0,54,59,35
1516,2011,6,35,5,12,1,7,3.4107144,87,55,0,47.333332,50.166668,31
1516,2011,7,31,3.875,12,1,8,2.55,35,20,0,51,42.166668,61
1516,2011,8,61,6.7777777,32,1,9,3.0355556,31,87,0,42.333332,48.166668,43
1516,2011,9,43,8.6,32,1,5,2.942,61,35,0,45,46.166668,117
1516,2011,10,117,7.3125,40,1,16,2.8167708,43,31,0,73.666664,62.333332,86
1516,2011,11,86,6.6153846,35,1,13,3.0579488,117,61,0,82,62.166668,79
1517,2011,1,46,5.75,19,1,8,1.645,45,0,0,45.5,45.5,7
1517,2011,2,7,3.5,6,1,2,3.755,46,0,0,32.666668,32.666668,27
1517,2011,3,27,5.4,11,1,5,2.55,7,45,0,26.666666,31.25,4
1517,2011,4,4,2,2,2,2,2.55,27,46,0,12.666667,25.8,20
1517,2011,5,20,4,10,1,5,2.55,4,7,0,17,24.833334,1
1517,2011,6,1,1,1,1,1,2.55,20,27,0,8.333333,17.5,2
1517,2011,7,2,1,1,1,2,3.755,1,4,0,7.6666665,10.166667,1
1517,2011,8,1,1,1,1,1,2.55,2,20,0,1.3333334,9.166667,7
1517,2011,9,7,2.3333333,4,1,3,2.55,1,1,0,3.3333333,5.8333335,17
1517,2011,10,17,4.25,6,1,4,2.55,7,2,0,8.333333,8,17
1517,2011,11,17,2.4285715,6,1,7,3.2385714,17,1,0,13.666667,7.5,44
1521,2011,1,142,10.142858,64,1,14,2.3907142,290,0,0,216,216,131
1521,2011,2,131,8.733334,26,1,15,2.2855556,142,0,0,187.66667,187.66667,100
1521,2011,3,100,7.142857,14,1,14,2.5385714,131,290,0,124.333336,165.75,105
1521,2011,4,105,10.5,36,1,10,1.994,100,142,0,112,153.6,136
1521,2011,5,136,10.461538,28,1,13,2.0017948,105,131,0,113.666664,150.66667,74
1521,2011,6,74,6.7272725,24,1,11,2.3863637,136,100,0,105,114.666664,171
1521,2011,7,171,15.545455,74,1,11,2.2372727,74,105,0,127,119.5,47
1521,2011,8,47,5.2222223,12,1,9,2.0048149,171,136,0,97.333336,105.5,191
1521,2011,9,191,12.733334,74,1,15,1.953111,47,74,0,136.33333,120.666664,31
1521,2011,10,31,3.1,12,1,10,2.65,191,171,0,89.666664,108.333336,222
1521,2011,11,222,9.652174,40,1,23,2.277826,31,47,0,148,122.666664,583
1522,2011,1,107,6.6875,17,1,16,2.1345832,444,0,0,275.5,275.5,233
1522,2011,2,233,14.5625,87,1,16,2.2054167,107,0,0,261.33334,261.33334,196
1522,2011,3,196,9.333333,26,1,21,2.1425397,233,444,0,178.66667,245,54
1522,2011,4,54,5.4,14,1,10,2.572,196,107,0,161,206.8,172
1522,2011,5,172,13.230769,43,2,13,2.3453846,54,233,0,140.66667,201,104
1522,2011,6,104,8,24,2,13,2.2746153,172,196,0,110,144.33333,93
1522,2011,7,93,9.3,25,1,10,2.4248,104,54,0,123,142,77
1522,2011,8,77,5.923077,14,1,13,2.383846,93,172,0,91.333336,116,188
1522,2011,9,188,11.058824,30,4,17,2.4583824,77,104,0,119.333336,114.666664,135
1522,2011,10,135,8.4375,19,1,16,2.8604584,188,93,0,133.33333,128.16667,257
1522,2011,11,257,12.85,47,1,20,2.5464168,135,77,0,193.33333,142.33333,303
1523,2011,1,144,9,25,3,16,2.379375,488,0,0,316,316,343
1523,2011,2,343,21.4375,84,1,16,1.9245833,144,0,0,325,325,251
1523,2011,3,251,12.55,60,2,20,2.033,343,488,0,246,306.5,102
1523,2011,4,102,6.8,17,1,15,2.2908888,251,144,0,232,265.6,225
1523,2011,5,225,14.0625,49,2,16,2.0543334,102,343,0,192.66667,258.83334,197
1523,2011,6,197,11.588235,60,1,17,2.0241177,225,251,0,174.66667,210.33333,251
1523,2011,7,251,13.944445,66,1,18,2.2887037,197,102,0,224.33333,228.16667,179
1523,2011,8,179,16.272728,80,1,11,1.8372728,251,225,0,209,200.83333,308
1523,2011,9,308,19.25,83,1,16,1.91,179,197,0,246,210.33333,340
1523,2011,10,340,17,144,1,20,2.0075,308,251,0,275.66666,250,585
1523,2011,11,585,29.25,284,1,20,2.7702334,340,179,0,411,310,755
1525,2011,1,83,6.3846154,24,1,13,5.8783336,105,0,0,94,94,79
1525,2011,2,79,6.5833335,16,1,12,5.923333,83,0,0,89,89,73
1525,2011,3,73,5.214286,27,1,14,6.176429,79,105,0,78.333336,85,93
1525,2011,4,93,5.8125,24,1,16,5.9355,73,83,0,81.666664,86.6,54
1525,2011,5,54,6.75,12,1,8,5.315,93,79,0,73.333336,81.166664,43
1525,2011,6,43,4.3,9,1,10,5.172,54,73,0,63.333332,70.833336,66
1525,2011,7,66,7.3333335,17,1,9,4.911111,43,93,0,54.333332,68,46
1525,2011,8,46,5.111111,16,1,9,5.598889,66,54,0,51.666668,62.5,28
1525,2011,9,28,4.6666665,8,1,6,4.95,46,43,0,46.666668,55,53
1525,2011,10,53,6.625,16,1,8,5.68,28,66,0,42.333332,48.333332,56
1525,2011,11,56,5.6,17,1,10,5.242,53,46,0,45.666668,48.666668,19
1526,2011,1,40,5,12,1,8,1.68,86,0,0,63,63,59
1526,2011,2,59,8.428572,13,1,7,1.8442857,40,0,0,61.666668,61.666668,87
1526,2011,3,87,7.909091,37,1,11,1.6918182,59,86,0,62,68,45
1526,2011,4,45,9,24,1,5,1.818,87,40,0,63.666668,63.4,71
1526,2011,5,71,11.833333,36,2,6,2.03,45,59,0,67.666664,64.666664,50
1526,2011,6,50,7.142857,14,2,7,1.45,71,87,0,55.333332,58.666668,38
1526,2011,7,38,9.5,12,2,4,1.45,50,45,0,53,58.333332,41
1526,2011,8,41,6.8333335,12,4,6,1.7566667,38,71,0,43,55.333332,63
1526,2011,9,63,6.3,13,1,10,1.992,41,50,0,47.333332,51.333332,98
1526,2011,10,98,12.25,40,1,8,2.0316668,63,38,0,67.333336,60.166668,153
1526,2011,11,153,10.2,37,1,15,1.9713334,98,41,0,104.666664,73.833336,29
1527,2011,1,45,7.5,13,1,6,0.985,347,0,0,196,196,444
1527,2011,2,444,111,288,2,4,0.785,45,0,0,278.66666,278.66666,201
1527,2011,3,201,33.5,145,8,6,0.915,444,347,0,230,259.25,106
1527,2011,4,106,13.25,24,10,8,0.85,201,45,0,250.33333,228.6,54
1527,2011,5,54,10.8,14,4,5,0.928,106,444,0,120.333336,199.5,58
1527,2011,6,58,11.6,20,2,5,0.832,54,201,0,72.666664,151.33333,260
1527,2011,7,260,18.571428,193,1,14,0.85821426,58,106,0,124,187.16667,76
1527,2011,8,76,15.2,25,1,5,1.0996,260,54,0,131.33333,125.833336,103
1527,2011,9,103,10.3,49,1,10,1.2985,76,58,0,146.33333,109.5,287
1527,2011,10,287,20.5,144,1,14,1.0821428,103,260,0,155.33333,139.66667,136
1527,2011,11,136,7.5555553,48,1,18,1.3122222,287,76,0,175.33333,153.33333,49
1529,2011,1,19,2.7142856,10,1,7,2.5842857,66,0,0,42.5,42.5,401
1529,2011,2,401,57.285713,201,10,7,2.0842857,19,0,0,162,162,82
1529,2011,3,82,10.25,45,1,8,2.3133333,401,66,0,167.33333,142,71
1529,2011,4,71,7.1,20,1,10,2.168,82,19,0,184.66667,127.8,52
1529,2011,5,52,7.428571,10,1,7,1.95,71,401,0,68.333336,115.166664,72
1529,2011,6,72,8,28,1,9,2.1211112,52,82,0,65,116.166664,138
1529,2011,7,138,9.2,21,1,15,1.662,72,71,0,87.333336,136,42
1529,2011,8,42,6,16,1,7,2.2203572,138,52,0,84,76.166664,245
1529,2011,9,245,12.894737,33,1,19,1.7470927,42,72,0,141.66667,103.333336,202
1529,2011,10,202,11.882353,52,1,17,1.7115686,245,138,0,163,125.166664,325
1529,2011,11,325,14.130435,38,1,23,1.737884,202,42,0,257.33334,170.66667,162
1530,2011,1,94,5.529412,21,1,17,8.963676,324,0,0,209,209,165
1530,2011,2,165,16.5,80,1,10,6.886,94,0,0,194.33333,194.33333,251
1530,2011,3,251,13.944445,80,1,18,6.624815,165,324,0,170,208.5,59
1530,2011,4,59,3.9333334,12,1,15,7.141333,251,94,0,158.33333,178.6,21
1530,2011,5,21,3,6,1,7,8.097143,59,165,0,110.333336,152.33333,27
1530,2011,6,27,2.7,8,1,10,9.173,21,251,0,35.666668,102.833336,27
1530,2011,7,27,2.0769231,4,1,13,7.606923,27,59,0,25,91.666664,51
1530,2011,8,51,4.25,13,1,12,7.745,27,21,0,35,72.666664,91
1530,2011,9,91,6.0666666,13,1,15,6.618,51,27,0,56.333332,46,93
1530,2011,10,93,4.894737,15,1,19,7.4136844,91,27,0,78.333336,51.666668,177
1530,2011,11,177,8.428572,48,1,21,7.4739285,93,51,0,120.333336,77.666664,32
1533,2011,1,589,28.047619,78,1,21,2.2440872,1536,0,0,1062.5,1062.5,785
1533,2011,2,785,39.25,344,1,20,2.2199583,589,0,0,970,970,1785
1533,2011,3,1785,77.608696,728,1,23,2.2336154,785,1536,0,1053,1173.75,313
1533,2011,4,313,18.411764,50,2,17,2.2033403,1785,589,0,961,1001.6,1509
1533,2011,5,1509,71.85714,336,2,21,2.117517,313,785,0,1202.3334,1086.1666,383
1533,2011,6,383,16.652174,129,2,23,2.145645,1509,1785,0,735,894,1189
1533,2011,7,1189,49.541668,325,1,24,2.1116319,383,313,0,1027,994,634
1533,2011,8,634,30.190475,320,1,21,2.236024,1189,1509,0,735.3333,968.8333,1055
1533,2011,9,1055,42.2,360,1,25,2.2467434,634,383,0,959.3333,847.1667,678
1533,2011,10,678,28.25,402,1,24,2.2837152,1055,1189,0,789,908,966
1533,2011,11,966,40.25,322,1,24,2.6841066,678,634,0,899.6667,817.5,101
1534,2011,1,11,1.5714285,4,1,7,10.178572,18,0,0,14.5,14.5,23
1534,2011,2,23,2.3,6,1,10,10.563,11,0,0,17.333334,17.333334,14
1534,2011,3,14,1.75,3,1,8,9.0775,23,18,0,16,16.5,25
1534,2011,4,25,3.5714285,10,1,7,7.7785716,14,11,0,20.666666,18.2,20
1534,2011,5,20,4,10,2,5,9.729,25,23,0,19.666666,18.5,11
1534,2011,6,11,2.2,7,1,5,10.536,20,14,0,18.666666,17.333334,6
1534,2011,7,6,2,4,1,3,10.5633335,11,25,0,12.333333,16.5,17
1534,2011,8,17,3.4,10,1,5,10.18,6,20,0,11.333333,15.5,125
1534,2011,9,125,25,102,1,5,9.677,17,11,0,49.333332,34,16
1534,2011,10,16,2.2857144,4,1,7,9.698571,125,6,0,52.666668,32.5,66
1534,2011,11,66,6.6,50,1,10,10.3365,16,17,0,69,40.166668,12
1535,2011,1,303,21.642857,112,1,14,0.86654764,249,0,0,276,276,234
1535,2011,2,234,19.5,100,2,12,0.93666667,303,0,0,262,262,443
1535,2011,3,443,23.31579,111,1,19,0.924693,234,249,0,326.66666,307.25,313
1535,2011,4,313,26.083334,100,5,12,0.84458333,443,303,0,330,308.4,589
1535,2011,5,589,32.72222,200,1,18,0.95111114,313,234,0,448.33334,355.16666,692
1535,2011,6,692,32.95238,115,1,21,1.0119841,589,443,0,531.3333,429,339
1535,2011,7,339,17.842106,102,1,19,0.895614,692,313,0,540,435,707
1535,2011,8,707,33.666668,220,1,21,0.9072619,339,589,0,579.3333,513.8333,332
1535,2011,9,332,18.444445,56,1,18,1.0753334,707,692,0,459.33334,495.33334,493
1535,2011,10,493,25.947369,312,1,19,1.035193,332,339,0,510.66666,525.3333,424
1535,2011,11,424,16.96,43,1,25,1.00288,493,707,0,416.33334,497.83334,96
1536,2011,1,173,10.8125,21,1,16,2.0116668,222,0,0,197.5,197.5,591
1536,2011,2,591,26.863636,210,1,22,1.7732728,173,0,0,328.66666,328.66666,751
1536,2011,3,751,31.291666,277,1,24,1.8586667,591,222,0,505,434.25,556
1536,2011,4,556,27.8,110,5,20,1.8776667,751,173,0,632.6667,458.6,719
1536,2011,5,719,32.68182,126,2,22,1.7652727,556,591,0,675.3333,502,386
1536,2011,6,386,16.782608,100,1,23,2.004319,719,751,0,553.6667,529.3333,771
1536,2011,7,771,32.125,171,1,24,1.7772685,386,556,0,625.3333,629,964
1536,2011,8,964,43.81818,267,2,22,1.8178788,771,719,0,707,691.1667,654
1536,2011,9,654,29.727272,135,1,22,1.973106,964,386,0,796.3333,675,316
1536,2011,10,316,14.363636,43,1,22,1.9543636,654,771,0,644.6667,635,552
1536,2011,11,552,23,110,1,24,1.8438889,316,964,0,507.33334,607.1667,69
1537,2011,1,128,14.222222,31,1,9,2.4233334,78,0,0,103,103,282
1537,2011,2,282,16.588236,100,1,17,2.167451,128,0,0,162.66667,162.66667,539
1537,2011,3,539,29.944445,270,1,18,2.2914815,282,78,0,316.33334,256.75,115
1537,2011,4,115,7.1875,22,1,16,2.45625,539,128,0,312,228.4,268
1537,2011,5,268,14.105263,102,1,19,2.445351,115,282,0,307.33334,235,189
1537,2011,6,189,9.947369,24,1,19,2.753772,268,539,0,190.66667,253.5,388
1537,2011,7,388,20.421053,116,2,19,2.4920752,189,115,0,281.66666,296.83334,511
1537,2011,8,511,24.333334,137,1,21,2.3827143,388,268,0,362.66666,335,414
1537,2011,9,414,19.714285,53,1,21,2.5756054,511,189,0,437.66666,314.16666,147
1537,2011,10,147,7,24,1,21,2.7633333,414,388,0,357.33334,319.5,291
1537,2011,11,291,12.652174,104,1,23,3.0483696,147,511,0,284,323.33334,70
1538,2011,1,30,3.75,10,1,8,3.38875,56,0,0,43,43,85
1538,2011,2,85,12.142858,55,1,7,3.097143,30,0,0,57,57,84
1538,2011,3,84,9.333333,50,2,9,2.185,85,56,0,66.333336,63.75,31
1538,2011,4,31,3.4444444,6,1,9,2.4383333,84,30,0,66.666664,57.2,58
1538,2011,5,58,5.2727275,17,1,11,2.5613637,31,85,0,57.666668,57.333332,39
1538,2011,6,39,4.875,10,1,8,2.226875,58,84,0,42.666668,54.5,36
1538,2011,7,36,4.5,10,1,8,2.734375,39,31,0,44.333332,55.5,32
1538,2011,8,32,4,10,1,8,2.6075,36,58,0,35.666668,46.666668,37
1538,2011,9,37,3.3636363,15,1,11,2.5613637,32,39,0,35,38.833332,37
1538,2011,10,37,4.625,13,1,8,3.115,37,36,0,35.333332,39.833332,65
1538,2011,11,65,4.3333335,11,1,15,3.272889,37,32,0,46.333332,41,123
1540,2011,1,357,14.875,52,1,24,3.6611428,444,0,0,400.5,400.5,514
1540,2011,2,514,21.416666,104,1,24,3.6275,357,0,0,438.33334,438.33334,653
1540,2011,3,653,24.185184,73,1,27,3.7150688,514,444,0,508,492,379
1540,2011,4,379,18.95,62,1,20,3.5619848,653,357,0,515.3333,469.4,615
1540,2011,5,615,26.73913,93,1,23,3.4675963,379,514,0,549,493.66666,563
1540,2011,6,563,22.52,174,1,25,3.9248667,615,653,0,519,513.5,777
1540,2011,7,777,32.375,419,1,24,3.8366945,563,379,0,651.6667,583.5,452
1540,2011,8,452,20.545454,136,1,22,3.7511797,777,615,0,597.3333,573.1667,1399
1540,2011,9,1399,53.807693,644,1,26,3.622272,452,563,0,876,697.5,419
1540,2011,10,419,16.115385,39,1,26,3.5818353,1399,777,0,756.6667,704.1667,1221
1540,2011,11,1221,46.96154,355,2,26,3.9876142,419,452,0,1013,805.1667,483
1542,2011,1,144,11.076923,50,1,13,4.125385,22,0,0,83,83,402
1542,2011,2,402,21.157894,103,1,19,3.6980703,144,0,0,189.33333,189.33333,251
1542,2011,3,251,13.210526,62,1,19,3.9915438,402,22,0,265.66666,204.75,230
1542,2011,4,230,20.90909,105,1,11,3.43,251,144,0,294.33334,209.8,209
1542,2011,5,209,12.294118,51,1,17,3.5627172,230,402,0,230,209.66667,140
1542,2011,6,140,8.235294,40,1,17,4.228,209,251,0,193,229.33333,178
1542,2011,7,178,10.470589,50,1,17,3.8285882,140,230,0,175.66667,235,101
1542,2011,8,101,6.3125,15,1,16,4.10375,178,209,0,139.66667,184.83333,283
1542,2011,9,283,14.894737,77,1,19,3.8409474,101,140,0,187.33333,190.16667,141
1542,2011,10,141,10.071428,55,1,14,4.254286,283,178,0,175,175.33333,76
1542,2011,11,76,4,11,1,19,4.270351,141,101,0,166.66667,153.16667,13
1543,2011,1,132,10.153846,50,1,13,3.5527692,79,0,0,105.5,105.5,111
1543,2011,2,111,8.538462,51,1,13,4.026923,132,0,0,107.333336,107.333336,45
1543,2011,3,45,5.625,11,3,8,3.1275,111,79,0,96,91.75,95
1543,2011,4,95,7.3076925,15,1,13,3.3505127,45,132,0,83.666664,92.4,92
1543,2011,5,92,7.076923,16,1,13,3.5325642,95,111,0,77.333336,92.333336,91
1543,2011,6,91,7,32,1,13,3.9330769,92,45,0,92.666664,94.333336,63
1543,2011,7,63,5.7272725,15,2,11,3.4663637,91,95,0,82,82.833336,50
1543,2011,8,50,4.5454545,10,1,11,3.9827273,63,92,0,68,72.666664,130
1543,2011,9,130,10.833333,26,1,12,3.4233334,50,91,0,81,86.833336,117
1543,2011,10,117,9.75,51,1,12,3.3672223,130,63,0,99,90.5,86
1543,2011,11,86,6.142857,18,1,14,3.8966668,117,50,0,111,89.5,37
1544,2011,1,155,11.923077,48,1,13,1.5728205,134,0,0,144.5,144.5,119
1544,2011,2,119,9.916667,26,1,12,1.7165972,155,0,0,136,136,167
1544,2011,3,167,12.846154,25,1,13,1.5015385,119,134,0,147,143.75,142
1544,2011,4,142,10.923077,39,1,13,1.4826924,167,155,0,142.66667,143.4,123
1544,2011,5,123,8.785714,40,1,14,1.7253572,142,119,0,144,140,107
1544,2011,6,107,8.230769,25,1,13,1.684359,123,167,0,124,135.5,147
1544,2011,7,147,9.1875,25,1,16,1.4957813,107,142,0,125.666664,134.16667,223
1544,2011,8,223,13.117647,26,1,17,1.4753921,147,123,0,159,151.5,167
1544,2011,9,167,8.789474,48,1,19,1.7212632,223,107,0,179,151.5,127
1544,2011,10,127,8.466666,25,1,15,1.6062778,167,147,0,172.33333,149,154
1544,2011,11,154,7.3333335,24,1,21,1.7973809,127,223,0,149.33333,154.16667,118
1545,2011,1,15,5,12,1,3,2.22,43,0,0,29,29,48
1545,2011,2,48,4.8,12,1,10,2.142,15,0,0,35.333332,35.333332,41
1545,2011,3,41,8.2,24,1,5,1.978,48,43,0,34.666668,36.75,160
1545,2011,4,160,20,96,1,8,1.83,41,15,0,83,61.4,80
1545,2011,5,80,8.888889,36,1,9,1.8322222,160,48,0,93.666664,64.5,35
1545,2011,6,35,4.375,14,1,8,2.47,80,41,0,91.666664,63.166668,299
1545,2011,7,299,24.916666,193,2,12,1.71,35,160,0,138,110.5,100
1545,2011,8,100,7.142857,16,1,14,2.0014286,299,80,0,144.66667,119.166664,43
1545,2011,9,43,4.3,12,1,10,2.306,100,35,0,147.33333,119.5,47
1545,2011,10,47,3.9166667,12,1,12,2.1966667,43,299,0,63.333332,100.666664,39
1545,2011,11,39,2.2941177,14,1,17,2.6790197,47,100,0,43,93.833336,13
1546,2011,1,35,7,15,1,5,2.32,45,0,0,40,40,119
1546,2011,2,119,10.818182,27,1,11,1.9481819,35,0,0,66.333336,66.333336,100
1546,2011,3,100,7.6923075,24,1,13,2.2184615,119,45,0,84.666664,74.75,280
1546,2011,4,280,20,98,1,14,1.6428572,100,35,0,166.33333,115.8,128
1546,2011,5,128,10.666667,24,1,12,2.1465557,280,119,0,169.33333,117.833336,94
1546,2011,6,94,5.875,15,1,16,2.1625,128,100,0,167.33333,126,273
1546,2011,7,273,27.3,192,1,10,1.876,94,280,0,165,165.66667,145
1546,2011,8,145,8.529411,26,1,17,2.0680392,273,128,0,170.66667,170,33
1546,2011,9,33,3,12,1,11,2.0972726,145,94,0,150.33333,158.83333,97
1546,2011,10,97,6.928571,13,1,14,1.9428571,33,273,0,91.666664,128.33333,80
1546,2011,11,80,4.4444447,14,1,18,2.4092593,97,145,0,70,120.333336,47
1547,2011,1,33,5.5,12,1,6,1.2183334,40,0,0,36.5,36.5,38
1547,2011,2,38,7.6,12,1,5,1.658,33,0,0,37,37,58
1547,2011,3,58,5.8,13,1,10,1.5323334,38,40,0,43,42.25,135
1547,2011,4,135,12.272727,43,1,11,1.487,58,33,0,77,60.8,92
1547,2011,5,92,11.5,24,3,8,1.505,135,38,0,95,66,80
1547,2011,6,80,6.6666665,14,1,12,1.7225,92,58,0,102.333336,72.666664,76
1547,2011,7,76,7.6,14,2,10,1.25,80,135,0,82.666664,79.833336,81
1547,2011,8,81,7.3636365,13,1,11,1.47,76,92,0,79,87,74
1547,2011,9,74,8.222222,24,1,9,1.3844445,81,80,0,77,89.666664,31
1547,2011,10,31,4.428571,13,1,7,1.6821429,74,76,0,62,72.333336,33
1547,2011,11,33,6.6,14,1,5,1.734,31,81,0,46,62.5,23
1548,2011,1,85,12.142858,24,1,7,1.25,79,0,0,82,82,92
1548,2011,2,92,7.076923,24,1,13,1.6076924,85,0,0,85.333336,85.333336,67
1548,2011,3,67,6.7,13,1,10,1.6015,92,79,0,81.333336,80.75,159
1548,2011,4,159,13.25,30,3,12,1.3508333,67,85,0,106,96.4,115
1548,2011,5,115,9.583333,27,1,12,1.5020833,159,92,0,113.666664,99.5,173
1548,2011,6,173,10.176471,97,1,17,1.5409803,115,67,0,149,115.166664,252
1548,2011,7,252,22.90909,192,1,11,1.5077273,173,159,0,180,143,152
1548,2011,8,152,8.444445,19,1,18,1.4180555,252,115,0,192.33333,153,23
1548,2011,9,23,3.8333333,13,1,6,1.4516667,152,173,0,142.33333,145.66667,68
1548,2011,10,68,6.8,20,1,10,1.4315,23,252,0,81,130.5,66
1548,2011,11,66,4.4,24,1,15,1.6533333,68,152,0,52.333332,122.333336,19
1549,2011,1,56,9.333333,12,2,6,1.42,45,0,0,50.5,50.5,104
1549,2011,2,104,10.4,24,1,10,1.371,56,0,0,68.333336,68.333336,70
1549,2011,3,70,6.3636365,15,1,11,1.8733333,104,45,0,76.666664,68.75,241
1549,2011,4,241,24.1,96,2,10,1.231,70,56,0,138.33333,103.2,41
1549,2011,5,41,8.2,13,1,5,1.613,241,104,0,117.333336,92.833336,98
1549,2011,6,98,8.166667,24,1,12,1.4516667,41,70,0,126.666664,101.666664,273
1549,2011,7,273,24.818182,192,1,11,1.3977273,98,241,0,137.33333,137.83333,124
1549,2011,8,124,8.266666,26,1,15,1.371,273,41,0,165,141.16667,27
1549,2011,9,27,3.375,12,1,8,1.40125,124,98,0,141.33333,134,59
1549,2011,10,59,5.9,20,1,10,1.7945,27,273,0,70,103.666664,43
1549,2011,11,43,4.3,12,1,10,1.7138333,59,124,0,43,104,62
1550,2011,1,52,5.2,14,1,10,1.655,37,0,0,44.5,44.5,92
1550,2011,2,92,7.6666665,21,1,12,1.5525,52,0,0,60.333332,60.333332,132
1550,2011,3,132,9.428572,40,1,14,1.7946428,92,37,0,92,78.25,85
1550,2011,4,85,7.0833335,21,1,12,1.4852778,132,52,0,103,79.6,74
1550,2011,5,74,5.6923075,21,1,13,1.8084615,85,92,0,97,78.666664,93
1550,2011,6,93,9.3,21,1,10,1.3306667,74,132,0,84,88,45
1550,2011,7,45,7.5,30,1,6,1.6533333,93,85,0,70.666664,86.833336,155
1550,2011,8,155,14.090909,43,1,11,1.426,45,74,0,97.666664,97.333336,79
1550,2011,9,79,5.642857,20,1,14,1.6101191,155,93,0,93,88.5,129
1550,2011,10,129,9.214286,62,1,14,1.4228572,79,45,0,121,95.833336,141
1550,2011,11,141,10.846154,70,1,13,1.684359,129,155,0,116.333336,107,43
1551,2011,1,46,5.75,10,1,8,1.70375,35,0,0,40.5,40.5,99
1551,2011,2,99,8.25,20,2,12,1.5020833,46,0,0,60,60,112
1551,2011,3,112,7,26,1,16,1.9333333,99,35,0,85.666664,73,85
1551,2011,4,85,8.5,16,2,10,1.5625833,112,46,0,98.666664,75.4,45
1551,2011,5,45,6.428571,20,1,7,2.027857,85,99,0,80.666664,70.333336,75
1551,2011,6,75,6.818182,20,1,11,1.69,45,112,0,68.333336,77,45
1551,2011,7,45,3.75,12,1,12,1.8045833,75,85,0,55,76.833336,144
1551,2011,8,144,12,40,1,12,1.6701388,45,45,0,88,84.333336,80
1551,2011,9,80,7.2727275,21,1,11,1.9466667,144,75,0,89.666664,79,122
1551,2011,10,122,9.384615,75,1,13,1.4206411,80,45,0,115.333336,85.166664,82
1551,2011,11,82,10.25,30,1,8,1.5525,122,144,0,94.666664,91.333336,31
1552,2011,1,42,4.6666665,10,1,9,1.8605555,32,0,0,37,37,73
1552,2011,2,73,10.428572,20,1,7,1.5957143,42,0,0,49,49,102
1552,2011,3,102,7.285714,27,2,14,1.7946428,73,32,0,72.333336,62.25,60
1552,2011,4,60,6.6666665,12,1,9,1.5188888,102,42,0,78.333336,61.8,62
1552,2011,5,62,5.1666665,20,1,12,1.9054166,60,73,0,74.666664,61.833332,69
1552,2011,6,69,8.625,20,1,8,1.40125,62,102,0,63.666668,68,24
1552,2011,7,24,4.8,11,1,5,1.613,69,60,0,51.666668,65,124
1552,2011,8,124,11.272727,30,1,11,1.525,24,62,0,72.333336,73.5,58
1552,2011,9,58,5.8,21,1,10,1.855,124,69,0,68.666664,66.166664,106
1552,2011,10,106,8.833333,52,1,12,1.40125,58,24,0,96,73.833336,57
1552,2011,11,57,4.75,20,1,12,1.4684722,106,124,0,73.666664,73,35
1553,2011,1,45,5.625,11,1,8,1.858125,27,0,0,36,36,84
1553,2011,2,84,7.6363635,20,1,11,1.6533333,45,0,0,52,52,77
1553,2011,3,77,7.7,25,1,10,1.783,84,27,0,68.666664,58.25,68
1553,2011,4,68,7.5555553,10,1,9,1.5188888,77,45,0,76.333336,60.2,33
1553,2011,5,33,4.125,20,1,8,2.081875,68,84,0,59.333332,55.666668,72
1553,2011,6,72,6.5454545,20,1,11,1.8,33,77,0,57.666668,63.166668,15
1553,2011,7,15,2.5,10,1,6,1.855,72,68,0,40,58.166668,114
1553,2011,8,114,11.4,40,1,10,1.4718333,15,33,0,67,63.166668,31
1553,2011,9,31,3.4444444,12,1,9,1.7877778,114,72,0,53.333332,55.5,93
1553,2011,10,93,7.1538463,30,1,13,1.3896154,31,15,0,79.333336,59.666668,62
1553,2011,11,62,6.2,21,1,10,1.8348334,93,114,0,62,64.5,20
1554,2011,1,44,3.6666667,11,1,12,1.8276389,46,0,0,45,45,89
1554,2011,2,89,8.090909,20,1,11,1.305,44,0,0,59.666668,59.666668,100
1554,2011,3,100,8.333333,26,1,12,1.7677778,89,46,0,77.666664,69.75,68
1554,2011,4,68,7.5555553,10,2,9,1.3620371,100,44,0,85.666664,69.4,43
1554,2011,5,43,6.142857,30,1,7,1.7685714,68,89,0,70.333336,65,76
1554,2011,6,76,7.6,20,1,10,1.6735,43,100,0,62.333332,70,21
1554,2011,7,21,7,10,1,3,1.25,76,68,0,46.666668,66.166664,98
1554,2011,8,98,12.25,42,1,8,1.5020833,21,43,0,65,67.666664,35
1554,2011,9,35,4.375,12,1,8,1.8045833,98,76,0,51.333332,56.833332,99
1554,2011,10,99,8.25,40,1,12,1.5861111,35,21,0,77.333336,62,101
1554,2011,11,101,8.416667,30,1,12,1.6029167,99,98,0,78.333336,71.666664,24
1555,2011,1,32,3.5555556,13,1,9,2.1377778,29,0,0,30.5,30.5,85
1555,2011,2,85,8.5,20,1,10,1.4315,32,0,0,48.666668,48.666668,71
1555,2011,3,71,5.9166665,15,1,12,1.8958334,85,29,0,62.666668,54.25,69
1555,2011,4,69,7.6666665,13,1,9,1.5412962,71,32,0,75,57.2,48
1555,2011,5,48,6.857143,20,1,7,1.9414285,69,85,0,62.666668,55.666668,57
1555,2011,6,57,8.142858,15,1,7,1.6533333,48,71,0,58,60.333332,27
1555,2011,7,27,3.857143,10,1,7,1.9414285,57,69,0,44,59.5,95
1555,2011,8,95,10.555555,20,1,9,1.5188888,27,48,0,59.666668,61.166668,31
1555,2011,9,31,3.4444444,12,1,9,1.6533333,95,57,0,51,54.5,58
1555,2011,10,58,7.25,21,1,8,1.40125,31,27,0,61.333332,52.666668,95
1555,2011,11,95,9.5,30,1,10,1.613,58,95,0,61.333332,60.5,13
1556,2011,1,35,5.8333335,13,1,6,1.6225,23,0,0,29,29,66
1556,2011,2,66,6.6,20,1,10,1.613,35,0,0,41.333332,41.333332,82
1556,2011,3,82,8.2,27,1,10,1.698,66,23,0,61,51.5,67
1556,2011,4,67,8.375,12,1,8,1.476875,82,35,0,71.666664,54.6,37
1556,2011,5,37,7.4,20,1,5,1.734,67,66,0,62,51.666668,60
1556,2011,6,60,7.5,20,1,8,1.3508333,37,82,0,54.666668,57.833332,28
1556,2011,7,28,5.6,11,1,5,1.976,60,67,0,41.666668,56.666668,84
1556,2011,8,84,10.5,20,1,8,1.5525,28,37,0,57.333332,59.666668,25
1556,2011,9,25,5,12,1,5,1.734,84,60,0,45.666668,50.166668,70
1556,2011,10,70,10,22,1,7,1.4228572,25,28,0,59.666668,50.666668,68
1556,2011,11,68,8.5,30,1,8,1.5525,70,84,0,54.333332,55.833332,32
1557,2011,1,28,3.5,10,1,8,1.8675,26,0,0,27,27,77
1557,2011,2,77,9.625,20,1,8,1.40125,28,0,0,43.666668,43.666668,81
1557,2011,3,81,9,25,1,9,1.6133333,77,26,0,62,53,65
1557,2011,4,65,6.5,11,1,10,1.6735,81,28,0,74.333336,55.4,46
1557,2011,5,46,4.6,31,1,10,1.5323334,65,77,0,64,53.833332,44
1557,2011,6,44,8.8,21,1,5,1.3306667,46,81,0,51.666668,56.833332,25
1557,2011,7,25,4.1666665,10,1,6,1.855,44,65,0,38.333332,56.333332,87
1557,2011,8,87,10.875,24,1,8,1.70375,25,46,0,52,58,31
1557,2011,9,31,3.1,12,1,10,1.976,87,44,0,47.666668,49.666668,77
1557,2011,10,77,7.7,23,1,10,1.3105,31,25,0,65,51.666668,47
1557,2011,11,47,4.7,11,1,10,1.5525,77,87,0,51.666668,51.833332,10
1558,2011,1,31,5.1666665,11,1,6,1.5566666,6,0,0,18.5,18.5,61
1558,2011,2,61,10.166667,20,1,6,1.4516667,31,0,0,32.666668,32.666668,68
1558,2011,3,68,6.181818,15,1,11,2.0095456,61,6,0,53.333332,41.5,65
1558,2011,4,65,9.285714,16,3,7,1.5669048,68,31,0,64.666664,46.2,48
1558,2011,5,48,6,30,1,8,1.930625,65,61,0,60.333332,46.5,38
1558,2011,6,38,6.3333335,10,1,6,1.7541667,48,68,0,50.333332,51.833332,14
1558,2011,7,14,2.8,10,1,5,1.734,38,65,0,33.333332,49,83
1558,2011,8,83,10.375,20,1,8,1.476875,14,48,0,45,52.666668,25
1558,2011,9,25,6.25,12,1,4,1.5525,83,38,0,40.666668,45.5,39
1558,2011,10,39,5.571429,20,1,7,1.6821429,25,14,0,49,41.166668,44
1558,2011,11,44,6.285714,20,1,7,1.5957143,39,83,0,36,40.5,11
1559,2011,1,37,9.25,10,7,4,1.40125,25,0,0,31,31,63
1559,2011,2,63,7.875,20,1,8,1.40125,37,0,0,41.666668,41.666668,89
1559,2011,3,89,11.125,40,1,8,1.583125,63,25,0,63,53.5,65
1559,2011,4,65,6.5,10,1,10,1.34075,89,37,0,72.333336,55.8,32
1559,2011,5,32,4.571429,20,1,7,1.5957143,65,63,0,62,51.833332,53
1559,2011,6,53,5.3,14,1,10,1.734,32,89,0,50,56.5,33
1559,2011,7,33,6.6,20,1,5,1.492,53,65,0,39.333332,55.833332,79
1559,2011,8,79,13.166667,40,1,6,1.7205555,33,32,0,55,58.5,27
1559,2011,9,27,6.75,12,1,4,1.25,79,53,0,46.333332,48.166668,26
1559,2011,10,26,3.7142856,10,1,7,1.4228572,27,33,0,44,41.666668,54
1559,2011,11,54,7.714286,20,1,7,1.3364285,26,79,0,35.666668,45.333332,11
1560,2011,1,15,1.5,3,1,10,2.107,27,0,0,21,21,97
1560,2011,2,97,8.818182,24,1,11,1.58,15,0,0,46.333332,46.333332,41
1560,2011,3,41,3.1538463,11,1,13,2.4046154,97,27,0,51,45,61
1560,2011,4,61,10.166667,14,2,6,1.5525,41,15,0,66.333336,48.2,68
1560,2011,5,68,5.6666665,38,1,12,2.1474166,61,97,0,56.666668,51.5,55
1560,2011,6,55,5.5,12,1,10,1.7945,68,41,0,61.333332,56.166668,18
1560,2011,7,18,3,12,1,6,1.9558333,55,61,0,47,56.666668,195
1560,2011,8,195,15,96,1,13,1.809359,18,68,0,89.333336,73,33
1560,2011,9,33,2.75,12,1,12,1.8718055,195,55,0,82,71.666664,208
1560,2011,10,208,23.11111,100,1,9,1.557963,33,18,0,145.33333,96.166664,52
1560,2011,11,52,4.7272725,15,1,11,1.635,208,195,0,97.666664,93.5,123
1564,2011,1,36,4,12,1,9,8.384444,33,0,0,34.5,34.5,84
1564,2011,2,84,5.25,15,1,16,8.279583,36,0,0,51,51,70
1564,2011,3,70,5.3846154,20,1,13,8.000384,84,33,0,63.333332,55.75,57
1564,2011,4,57,4.3846154,12,1,13,7.8115387,70,36,0,70.333336,56,181
1564,2011,5,181,10.6470585,114,1,17,8.372991,57,84,0,102.666664,76.833336,553
1564,2011,6,553,30.722221,301,1,18,8.0375,181,70,0,263.66666,163.5,95
1564,2011,7,95,6.785714,21,1,14,8.523809,553,57,0,276.33334,173.33333,64
1564,2011,8,64,4.266667,20,1,15,8.828667,95,181,0,237.33333,170,270
1564,2011,9,270,16.875,232,1,16,8.805157,64,553,0,143,203.33333,76
1564,2011,10,76,4,14,1,19,8.273421,270,95,0,136.66667,206.5,74
1564,2011,11,74,4.352941,11,1,17,8.812058,76,64,0,140,188.66667,28
1566,2011,1,145,8.055555,32,1,18,9.377222,50,0,0,97.5,97.5,128
1566,2011,2,128,6.736842,20,1,19,8.033474,145,0,0,107.666664,107.666664,127
1566,2011,3,127,6.047619,25,1,21,9.121111,128,50,0,133.33333,112.5,76
1566,2011,4,76,5.0666666,15,1,15,9.8116,127,145,0,110.333336,105.2,128
1566,2011,5,128,7.529412,20,2,17,8.597059,76,128,0,110.333336,109,64
1566,2011,6,64,3.047619,10,1,21,9.028413,128,127,0,89.333336,111.333336,105
1566,2011,7,105,5.25,25,1,20,8.934667,64,76,0,99,104.666664,119
1566,2011,8,119,4.9583335,20,1,24,9.441944,105,128,0,96,103.166664,387
1566,2011,9,387,18.428572,305,1,21,9.942341,119,64,0,203.66667,146.5,96
1566,2011,10,96,6,21,1,16,9.633532,387,105,0,200.66667,149.83333,78
1566,2011,11,78,4.105263,21,1,19,11.80307,96,119,0,187,141.5,21
1567,2011,1,456,38,120,24,12,1.2420833,2617,0,0,1536.5,1536.5,3795
1567,2011,2,3795,345,2400,24,11,1.2131819,456,0,0,2289.3333,2289.3333,744
1567,2011,3,744,43.764706,144,24,17,1.3755882,3795,2617,0,1665,1903,2609
1567,2011,4,2609,173.93333,1104,1,15,1.3713889,744,456,0,2382.6667,2044.2,802
1567,2011,5,802,47.17647,96,1,17,1.3786764,2609,3795,0,1385,1837.1666,1161
1567,2011,6,1161,72.5625,576,1,16,1.46,802,744,0,1524,1594.5,1034
1567,2011,7,1034,86.166664,576,1,12,1.4258333,1161,2609,0,999,1690.8334,315
1567,2011,8,315,28.636364,72,1,11,1.5340909,1034,802,0,836.6667,1110.8334,417
1567,2011,9,417,34.75,72,1,12,1.5625,315,1161,0,588.6667,1056.3334,904
1567,2011,10,904,41.090908,144,2,22,1.484697,417,1034,0,545.3333,772.1667,1133
1567,2011,11,1133,53.95238,236,2,21,1.8025,904,315,0,818,827.3333,257
1568,2011,1,31,1.8235294,3,1,17,3.5613725,364,0,0,197.5,197.5,57
1568,2011,2,57,4.071429,12,1,14,2.9233334,31,0,0,150.66667,150.66667,28
1568,2011,3,28,3.5,9,1,8,2.8,57,364,0,38.666668,120,57
1568,2011,4,57,5.181818,13,1,11,2.2081819,28,31,0,47.333332,107.4,46
1568,2011,5,46,5.111111,12,1,9,2.4966667,57,57,0,43.666668,97.166664,49
1568,2011,6,49,12.25,40,1,4,3.01,46,28,0,50.666668,44.666668,33
1568,2011,7,33,4.714286,8,2,7,2.645,49,57,0,42.666668,45,50
1568,2011,8,50,3.3333333,8,1,15,2.3823333,33,46,0,44,43.833332,261
1568,2011,9,261,13.736842,72,1,19,2.4482455,50,49,0,114.666664,82.666664,220
1568,2011,10,220,9.565217,31,1,23,2.3794928,261,33,0,177,109.833336,595
1568,2011,11,595,22.884615,90,2,26,2.391359,220,50,0,358.66666,201.33333,55
1570,2011,1,61,12.2,48,1,5,2.762,87,0,0,74,74,16
1570,2011,2,16,4,12,1,4,3.04,61,0,0,54.666668,54.666668,11
1570,2011,3,11,2.75,6,1,4,3.04,16,87,0,29.333334,43.75,25
1570,2011,4,25,12.5,24,1,2,3.04,11,61,0,17.333334,40,12
1570,2011,5,12,3,4,2,4,1.95,25,16,0,16,35.333332,4
1570,2011,6,4,1.3333334,2,1,3,1.95,12,11,0,13.666667,21.5,1
1570,2011,7,1,1,1,1,1,1.95,4,25,0,5.6666665,11.5,61
1570,2011,8,61,15.25,48,2,4,1.875,1,12,0,22,19,156
1570,2011,9,156,11.142858,60,1,14,2.1361904,61,4,0,72.666664,43.166668,139
1570,2011,10,139,9.266666,48,1,15,2.0753334,156,1,0,118.666664,62.166668,141
1570,2011,11,141,5.64,21,1,25,2.6839333,139,61,0,145.33333,83.666664,17
1571,2011,1,334,14.521739,80,1,23,4.202621,466,0,0,400,400,642
1571,2011,2,642,27.913044,161,4,23,3.8057861,334,0,0,480.66666,480.66666,500
1571,2011,3,500,19.23077,96,2,26,3.875859,642,466,0,492,485.5,515
1571,2011,4,515,27.105263,76,1,19,3.4562423,500,334,0,552.3333,491.4,662
1571,2011,5,662,27.583334,91,1,24,3.5693672,515,642,0,559,519.8333,655
1571,2011,6,655,26.2,74,4,25,3.8253448,662,500,0,610.6667,551.3333,679
1571,2011,7,679,27.16,159,1,25,3.7626133,655,515,0,665.3333,608.8333,554
1571,2011,8,554,25.181818,76,3,22,3.6288311,679,662,0,629.3333,594.1667,813
1571,2011,9,813,31.26923,107,3,26,3.4762235,554,655,0,682,646.3333,642
1571,2011,10,642,26.75,204,3,24,3.817514,813,679,0,669.6667,667.5,523
1571,2011,11,523,20.115385,58,1,26,4.1225896,642,554,0,659.3333,644.3333,317
1573,2011,1,490,24.5,126,1,20,3.7583778,479,0,0,484.5,484.5,664
1573,2011,2,664,28.869566,183,4,23,3.6208966,490,0,0,544.3333,544.3333,782
1573,2011,3,782,30.076923,123,2,26,3.5879047,664,479,0,645.3333,603.75,589
1573,2011,4,589,31,82,1,19,3.3559127,782,490,0,678.3333,600.8,815
1573,2011,5,815,33.958332,142,6,24,3.4661825,589,664,0,728.6667,636.5,1466
1573,2011,6,1466,61.083332,783,10,24,3.6527858,815,782,0,956.6667,801,1147
1573,2011,7,1147,45.88,485,1,25,3.5173256,1466,589,0,1142.6666,910.5,632
1573,2011,8,632,30.095238,102,2,21,3.4535737,1147,815,0,1081.6666,905.1667,998
1573,2011,9,998,39.92,110,5,25,3.453694,632,1466,0,925.6667,941.1667,886
1573,2011,10,886,36.916668,228,6,24,3.596951,998,1147,0,838.6667,990.6667,614
1573,2011,11,614,23.615385,74,1,26,3.7312272,886,632,0,832.6667,957.1667,315
1575,2011,1,48,9.6,30,1,5,3.337,79,0,0,63.5,63.5,72
1575,2011,2,72,36,48,24,2,0.85,48,0,0,66.333336,66.333336,24
1575,2011,3,24,6,9,2,4,3.305,72,79,0,48,55.75,7
1575,2011,4,7,3.5,6,1,2,2.95,24,48,0,34.333332,46,122
1575,2011,5,122,30.5,72,1,4,2.8125,7,72,0,51,58.666668,8
1575,2011,6,8,2,3,1,4,2.8275,122,24,0,45.666668,46.833332,22
1575,2011,7,22,2.4444444,6,1,9,2.568889,8,7,0,50.666668,42.5,17
1575,2011,8,17,3.4,6,1,5,2.754,22,122,0,15.666667,33.333332,16
1575,2011,9,16,1.7777778,3,1,9,2.4781482,17,8,0,18.333334,32,15
1575,2011,10,15,1.875,4,1,8,2.5825,16,22,0,16,33.333332,35
1575,2011,11,35,2.0588236,6,1,17,2.575294,15,17,0,22,18.833334,84
1576,2011,1,74,9.25,24,1,8,2.02875,171,0,0,122.5,122.5,54
1576,2011,2,54,27,48,6,2,1.475,74,0,0,99.666664,99.666664,26
1576,2011,3,26,13,24,2,2,2.25,54,171,0,51.333332,81.25,20
1576,2011,4,20,4,6,1,5,2.1,26,74,0,33.333332,69,962
1576,2011,5,962,320.66666,888,2,3,1.7833333,20,54,0,336,217.83333,11
1576,2011,6,11,3.6666667,6,2,3,2.1,962,26,0,331,191.16667,4
1576,2011,7,4,1,1,1,4,2.1,11,20,0,325.66666,179.5,20
1576,2011,8,20,5,12,1,4,2.1,4,962,0,11.666667,173.83333,6
1576,2011,9,6,6,6,6,1,2.1,20,11,0,10,170.5,7
1576,2011,10,7,3.5,6,1,2,2.1,6,4,0,11,168.33333,6
1576,2011,11,6,1.5,2,1,4,3.115,7,20,0,6.3333335,9,2
1577,2011,1,47,9.4,36,1,5,2.536,3,0,0,25,25,8
1577,2011,2,8,2.6666667,6,1,3,2.7766666,47,0,0,19.333334,19.333334,9
1577,2011,3,9,3,6,1,3,2.7766666,8,3,0,21.333334,16.75,6
1577,2011,4,6,1.5,2,1,4,2.6075,9,47,0,7.6666665,14.6,6
1577,2011,5,6,6,6,6,1,2.1,6,8,0,7,13.166667,13
1577,2011,6,13,4.3333335,9,1,3,1.7866666,6,9,0,8.333333,14.833333,28
1577,2011,7,28,2.5454545,6,1,11,1.7154546,13,6,0,15.666667,11.666667,11
1577,2011,8,11,3.6666667,7,1,3,1.9433334,28,6,0,17.333334,12.166667,34
1577,2011,9,34,2.6153846,7,1,13,1.63,11,13,0,24.333334,16.333334,34
1577,2011,10,34,2.8333333,8,1,12,1.7475,34,28,0,26.333334,21,58
1577,2011,11,58,3.4117646,10,1,17,1.6668627,34,11,0,42,29.666666,103
1578,2011,1,400,30.76923,75,25,13,0.42,200,0,0,300,300,300
1578,2011,2,300,37.5,75,25,8,0.42,400,0,0,300,300,350
1578,2011,3,350,35,100,25,10,0.42,300,200,0,350,312.5,150
1578,2011,4,150,30,50,25,5,0.42,350,400,0,266.66666,280,550
1578,2011,5,550,61.11111,200,25,9,0.41111112,150,300,0,350,325,878
1578,2011,6,878,62.714287,400,25,14,0.41428572,550,350,0,526,438,500
1578,2011,7,500,41.666668,75,25,12,0.42,878,150,0,642.6667,454.66666,425
1578,2011,8,425,42.5,125,25,10,0.42,500,550,0,601,475.5,425
1578,2011,9,425,38.636364,75,25,11,0.42,425,878,0,450,488,550
1578,2011,10,550,42.307693,125,25,13,0.42,425,500,0,466.66666,554.6667,350
1578,2011,11,350,35,75,25,10,0.42,550,425,0,441.66666,521.3333,200
1579,2011,1,102,20.4,25,2,5,0.42,125,0,0,113.5,113.5,75
1579,2011,2,75,25,25,25,3,0.42,102,0,0,100.666664,100.666664,75
1579,2011,3,75,25,25,25,3,0.42,75,125,0,84,94.25,50
1579,2011,4,50,25,25,25,2,0.42,75,102,0,66.666664,85.4,250
1579,2011,5,250,35.714287,75,25,7,0.42,50,75,0,125,112.833336,281
1579,2011,6,281,25.545454,50,1,11,0.42,250,75,0,193.66667,138.83333,175
1579,2011,7,175,29.166666,50,25,6,0.42,281,50,0,235.33333,151,200
1579,2011,8,200,33.333332,75,25,6,0.42,175,250,0,218.66667,171.83333,200
1579,2011,9,200,28.571428,50,25,7,0.42,200,281,0,191.66667,192.66667,225
1579,2011,10,225,32.142857,50,25,7,0.42,200,175,0,208.33333,221.83333,100
1579,2011,11,100,33.333332,50,25,3,0.42,225,200,0,175,196.83333,50
1580,2011,1,100,33.333332,50,25,3,0.42,125,0,0,112.5,112.5,104
1580,2011,2,104,26,29,25,4,0.42,100,0,0,109.666664,109.666664,75
1580,2011,3,75,25,25,25,3,0.42,104,125,0,93,101,150
1580,2011,4,150,25,25,25,6,0.42,75,100,0,109.666664,110.8,200
1580,2011,5,200,33.333332,50,25,6,0.42,150,104,0,141.66667,125.666664,303
1580,2011,6,303,30.3,50,3,10,0.42,200,75,0,217.66667,155.33333,475
1580,2011,7,475,52.77778,250,25,9,0.41703704,303,150,0,326,217.83333,50
1580,2011,8,50,25,25,25,2,0.42,475,200,0,276,208.83333,150
1580,2011,9,150,37.5,50,25,4,0.42,50,303,0,225,221.33333,200
1580,2011,10,200,40,75,25,5,0.42,150,475,0,133.33333,229.66667,25
1580,2011,11,25,25,25,25,1,0.42,200,50,0,125,200.5,100
1581,2011,1,75,25,25,25,3,0.42,25,0,0,50,50,29
1581,2011,2,29,14.5,25,4,2,0.42,75,0,0,43,43,75
1581,2011,3,75,37.5,50,25,2,0.42,29,25,0,59.666668,51,125
1581,2011,4,125,31.25,50,25,4,0.42,75,75,0,76.333336,65.8,175
1581,2011,5,175,29.166666,50,25,6,0.42,125,29,0,125,84,78
1581,2011,6,78,26,50,3,3,0.42,175,75,0,126,92.833336,200
1581,2011,7,200,33.333332,50,25,6,0.42,78,125,0,151,113.666664,75
1581,2011,8,75,25,25,25,3,0.42,200,175,0,117.666664,121.333336,75
1581,2011,9,75,25,25,25,3,0.42,75,78,0,116.666664,121.333336,100
1581,2011,10,100,25,25,25,4,0.42,75,200,0,83.333336,117.166664,200
1581,2011,11,200,28.571428,50,25,7,0.42,100,75,0,125,121.333336,25
1582,2011,1,125,25,25,25,5,0.42,100,0,0,112.5,112.5,225
1582,2011,2,225,37.5,75,25,6,0.42,125,0,0,150,150,375
1582,2011,3,375,53.57143,200,25,7,0.40857142,225,100,0,241.66667,206.25,150
1582,2011,4,150,30,50,25,5,0.42,375,125,0,250,195,175
1582,2011,5,175,29.166666,50,25,6,0.42,150,225,0,233.33333,191.66667,225
1582,2011,6,225,37.5,75,25,6,0.42,175,375,0,183.33333,212.5,200
1582,2011,7,200,33.333332,50,25,6,0.42,225,150,0,200,225,200
1582,2011,8,200,28.571428,50,25,7,0.42,200,175,0,208.33333,220.83333,225
1582,2011,9,225,32.142857,50,25,7,0.42,200,225,0,208.33333,195.83333,325
1582,2011,10,325,32.5,100,25,10,0.42,225,200,0,250,225,375
1582,2011,11,375,53.57143,150,25,7,0.42,325,200,0,308.33334,258.33334,100
1584,2011,1,725,90.625,400,25,8,0.41,150,0,0,437.5,437.5,350
1584,2011,2,350,58.333332,200,25,6,0.40666667,725,0,0,408.33334,408.33334,300
1584,2011,3,300,37.5,75,25,8,0.42,350,150,0,458.33334,381.25,476
1584,2011,4,476,43.272728,200,1,11,0.41272727,300,725,0,375.33334,400.2,225
1584,2011,5,225,28.125,50,25,8,0.42,476,350,0,333.66666,371,325
1584,2011,6,325,81.25,225,25,4,0.41,225,300,0,342,400.16666,150
1584,2011,7,150,30,50,25,5,0.42,325,476,0,233.33333,304.33334,225
1584,2011,8,225,32.142857,50,25,7,0.42,150,225,0,233.33333,283.5,275
1584,2011,9,275,30.555555,50,25,9,0.42,225,325,0,216.66667,279.33334,950
1584,2011,10,950,158.33333,600,25,6,0.41,275,150,0,483.33334,358.33334,275
1584,2011,11,275,30.555555,50,25,9,0.42,950,225,0,500,366.66666,75
1585,2011,1,275,34.375,75,25,8,0.42,50,0,0,162.5,162.5,150
1585,2011,2,150,37.5,75,25,4,0.42,275,0,0,158.33333,158.33333,325
1585,2011,3,325,32.5,50,25,10,0.42,150,50,0,250,200,227
1585,2011,4,227,28.375,50,2,8,0.42,325,275,0,234,205.4,375
1585,2011,5,375,46.875,125,25,8,0.42,227,150,0,309,233.66667,150
1585,2011,6,150,25,25,25,6,0.42,375,325,0,250.66667,250.33333,425
1585,2011,7,425,47.22222,200,25,9,0.41111112,150,227,0,316.66666,275.33334,100
1585,2011,8,100,25,25,25,4,0.42,425,375,0,225,267,225
1585,2011,9,225,32.142857,50,25,7,0.42,100,150,0,250,250.33333,375
1585,2011,10,375,34.090908,75,25,11,0.42,225,425,0,233.33333,275,150
1585,2011,11,150,30,50,25,5,0.42,375,100,0,250,237.5,100
1587,2011,1,155,14.090909,49,1,11,0.6322727,169,0,0,162,162,364
1587,2011,2,364,33.090908,204,1,11,0.50151515,155,0,0,229.33333,229.33333,332
1587,2011,3,332,27.666666,73,1,12,0.54055554,364,169,0,283.66666,255,342
1587,2011,4,342,24.428572,72,1,14,0.49245238,332,155,0,346,272.4,572
1587,2011,5,572,38.133335,228,1,15,0.46666667,342,364,0,415.33334,322.33334,192
1587,2011,6,192,14.769231,36,2,13,0.49884614,572,332,0,368.66666,326.16666,183
1587,2011,7,183,15.25,84,1,12,0.62,192,342,0,315.66666,330.83334,162
1587,2011,8,162,14.727273,48,1,11,0.5318182,183,572,0,179,297.16666,223
1587,2011,9,223,15.928572,36,1,14,0.5371429,162,192,0,189.33333,279,623
1587,2011,10,623,77.875,504,1,8,0.536875,223,183,0,336,325.83334,133
1587,2011,11,133,9.5,26,1,14,0.58107144,623,162,0,326.33334,252.66667,51
1588,2011,1,408,34,144,1,12,0.5694444,56,0,0,232,232,256
1588,2011,2,256,28.444445,74,1,9,0.49351853,408,0,0,240,240,421
1588,2011,3,421,38.272728,144,1,11,0.44636363,256,56,0,361.66666,285.25,249
1588,2011,4,249,19.153847,84,1,13,0.5123077,421,408,0,308.66666,278,273
1588,2011,5,273,24.818182,84,2,11,0.5259848,249,256,0,314.33334,277.16666,376
1588,2011,6,376,22.117647,96,1,17,0.47911766,273,421,0,299.33334,330.5,213
1588,2011,7,213,13.3125,25,1,16,0.52677083,376,249,0,287.33334,298,86
1588,2011,8,86,12.285714,36,1,7,0.5371429,213,273,0,225,269.66666,201
1588,2011,9,201,13.4,36,1,15,0.57033336,86,376,0,166.66667,233,256
1588,2011,10,256,19.692308,96,2,13,0.48153847,201,213,0,181,234.16667,659
1588,2011,11,659,41.1875,512,1,16,0.623125,256,86,0,372,298.5,33
1590,2011,1,275,19.642857,84,1,14,0.5466667,163,0,0,219,219,388
1590,2011,2,388,38.8,157,1,10,0.5179167,275,0,0,275.33334,275.33334,234
1590,2011,3,234,15.6,36,1,15,0.50655556,388,163,0,299,265,287
1590,2011,4,287,19.133333,37,1,15,0.49516666,234,275,0,303,269.4,257
1590,2011,5,257,17.133333,48,1,15,0.51111114,287,388,0,259.33334,267.33334,246
1590,2011,6,246,16.4,38,1,15,0.50883335,257,234,0,263.33334,281.16666,266
1590,2011,7,266,14,26,1,19,0.5135088,246,287,0,256.33334,279.66666,268
1590,2011,8,268,20.615385,72,1,13,0.51,266,257,0,260,259.66666,296
1590,2011,9,296,22.76923,48,12,13,0.47992307,268,246,0,276.66666,270,328
1590,2011,10,328,23.428572,84,1,14,0.4642262,296,266,0,297.33334,276.83334,110
1590,2011,11,110,7.857143,24,1,14,0.68845236,328,268,0,244.66667,252.33333,95
1591,2011,1,144,16,36,2,9,0.51222223,42,0,0,93,93,36
1591,2011,2,36,7.2,12,1,5,0.584,144,0,0,74,74,150
1591,2011,3,150,16.666666,72,1,9,0.5575926,36,42,0,110,93,100
1591,2011,4,100,11.111111,24,2,9,0.51111114,150,144,0,95.333336,94.4,111
1591,2011,5,111,11.1,24,1,10,0.502,100,36,0,120.333336,97.166664,87
1591,2011,6,87,12.428572,25,1,7,0.5371429,111,150,0,99.333336,104.666664,128
1591,2011,7,128,12.8,38,1,10,0.5566667,87,100,0,108.666664,102,145
1591,2011,8,145,18.125,36,1,8,0.47125,128,111,0,120,120.166664,133
1591,2011,9,133,13.3,24,1,10,0.584,145,87,0,135.33333,117.333336,62
1591,2011,10,62,12.4,24,1,5,0.584,133,128,0,113.333336,111,88
1591,2011,11,88,8.8,24,1,10,0.584,62,145,0,94.333336,107.166664,3
1592,2011,1,195,13.928572,60,1,14,0.6132143,173,0,0,184,184,116
1592,2011,2,116,11.6,37,1,10,0.6045,195,0,0,161.33333,161.33333,204
1592,2011,3,204,15.692307,84,1,13,0.5727564,116,173,0,171.66667,172,75
1592,2011,4,75,10.714286,24,1,7,0.5371429,204,195,0,131.66667,152.6,151
1592,2011,5,151,13.727273,36,1,11,0.54424244,75,116,0,143.33333,152.33333,124
1592,2011,6,124,13.777778,24,2,9,0.51111114,151,204,0,116.666664,144.16667,49
1592,2011,7,49,5.4444447,14,1,9,0.7237037,124,75,0,108,119.833336,137
1592,2011,8,137,12.454545,36,1,11,0.5131818,49,151,0,103.333336,123.333336,218
1592,2011,9,218,18.166666,48,2,12,0.5281944,137,124,0,134.66667,125.666664,94
1592,2011,10,94,10.444445,24,1,9,0.57944447,218,49,0,149.66667,128.83333,109
1592,2011,11,109,13.625,24,1,8,0.47125,94,137,0,140.33333,121.833336,12
1594,2011,1,1102,45.916668,269,4,24,5.6558332,254,0,0,678,678,701
1594,2011,2,701,29.208334,117,3,24,5.823767,1102,0,0,685.6667,685.6667,809
1594,2011,3,809,29.962963,161,3,27,5.4704785,701,254,0,870.6667,716.5,67
1594,2011,4,67,4.785714,14,1,14,6.6324763,809,1102,0,525.6667,586.6,17
1594,2011,5,17,1.8888888,4,1,9,6.247778,67,701,0,297.66666,491.66666,826
1594,2011,6,826,41.3,214,2,20,5.34765,17,809,0,303.33334,587,502
1594,2011,7,502,20.08,100,1,25,5.561273,826,67,0,448.33334,487,618
1594,2011,8,618,24.72,169,3,25,5.657619,502,17,0,648.6667,473.16666,1245
1594,2011,9,1245,47.884617,719,2,26,5.90492,618,826,0,788.3333,545.8333,603
1594,2011,10,603,23.192308,114,1,26,5.831108,1245,502,0,822,635.1667,580
1594,2011,11,580,22.307692,89,2,26,6.4603047,603,618,0,809.3333,729,169
1595,2011,1,143,6.8095236,30,1,21,5.4255557,34,0,0,88.5,88.5,168
1595,2011,2,168,9.882353,96,1,17,5.2111764,143,0,0,115,115,62
1595,2011,3,62,3.4444444,9,1,18,6.0855556,168,34,0,124.333336,101.75,57
1595,2011,4,57,6.3333335,30,1,9,6.221852,62,143,0,95.666664,92.8,90
1595,2011,5,90,6.428571,26,1,14,4.925,57,168,0,69.666664,92.333336,42
1595,2011,6,42,3.2307692,9,1,13,5.1746154,90,62,0,63,93.666664,104
1595,2011,7,104,6.5,24,1,16,4.683542,42,57,0,78.666664,87.166664,18
1595,2011,8,18,2.25,4,1,8,5.68,104,90,0,54.666668,62.166668,31
1595,2011,9,31,3.4444444,6,1,9,6.247778,18,42,0,51,57,50
1595,2011,10,50,3.3333333,12,1,15,6.5073333,31,104,0,33,55.833332,51
1595,2011,11,51,2.8333333,18,1,18,6.950741,50,18,0,44,49.333332,172
1597,2011,1,211,10.55,37,1,20,4.22275,46,0,0,128.5,128.5,200
1597,2011,2,200,10.526316,96,1,19,4.468421,211,0,0,152.33333,152.33333,88
1597,2011,3,88,4.631579,10,1,19,4.7114034,200,46,0,166.33333,136.25,59
1597,2011,4,59,4.214286,12,1,14,4.88,88,211,0,115.666664,120.8,80
1597,2011,5,80,5.3333335,16,1,15,4.625111,59,200,0,75.666664,114,65
1597,2011,6,65,4.642857,17,1,14,4.1892858,80,88,0,68,117.166664,99
1597,2011,7,99,5.2105265,25,1,19,3.606842,65,59,0,81.333336,98.5,109
1597,2011,8,109,8.384615,48,1,13,4.059231,99,80,0,91,83.333336,18
1597,2011,9,18,2.5714285,5,1,7,4.26,109,65,0,75.333336,71.666664,20
1597,2011,10,20,2.2222223,5,1,9,4.4322224,18,99,0,49,65.166664,46
1597,2011,11,46,3.2857144,10,1,14,5.7273335,20,109,0,28,59.5,128
1598,2011,1,91,5.6875,11,1,16,4.939375,116,0,0,103.5,103.5,164
1598,2011,2,164,10.933333,58,1,15,5.253889,91,0,0,123.666664,123.666664,95
1598,2011,3,95,5.2777777,12,1,18,4.620787,164,116,0,116.666664,116.5,123
1598,2011,4,123,11.181818,34,1,11,3.75,95,91,0,127.333336,117.8,78
1598,2011,5,78,4.875,12,1,16,4.291042,123,164,0,98.666664,111.166664,143
1598,2011,6,143,7.9444447,28,1,18,4.196574,78,95,0,114.666664,115.666664,125
1598,2011,7,125,8.928572,36,1,14,4.3026786,143,123,0,115.333336,121.333336,118
1598,2011,8,118,7.375,24,1,16,4.3711457,125,78,0,128.66667,113.666664,183
1598,2011,9,183,9.15,33,1,20,4.934417,118,143,0,142,128.33333,379
1598,2011,10,379,17.227272,114,1,22,4.58125,183,125,0,226.66667,171,259
1598,2011,11,259,10.36,50,1,25,5.38284,379,118,0,273.66666,201.16667,110
1599,2011,1,223,11.15,42,1,20,4.2822666,483,0,0,353,353,245
1599,2011,2,245,11.136364,26,1,22,4.4985228,223,0,0,317,317,317
1599,2011,3,317,12.68,53,1,25,4.5532665,245,483,0,261.66666,317,459
1599,2011,4,459,32.785713,302,2,14,5.1034284,317,223,0,340.33334,345.4,11
1599,2011,5,11,3.6666667,7,1,3,8.29,459,245,0,262.33334,289.66666,536
1599,2011,6,536,41.23077,229,4,13,4.174,11,317,0,335.33334,298.5,397
1599,2011,7,397,15.269231,44,1,26,4.3403335,536,459,0,314.66666,327.5,624
1599,2011,8,624,26,217,3,24,4.3242707,397,11,0,519,390.66666,678
1599,2011,9,678,26.076923,57,4,26,4.4671183,624,536,0,566.3333,450.83334,1067
1599,2011,10,1067,42.68,239,2,25,4.513521,678,397,0,789.6667,552.1667,1007
1599,2011,11,1007,38.73077,101,10,26,4.655979,1067,624,0,917.3333,718.1667,383
1600,2011,1,299,14.238095,40,1,21,4.2858095,496,0,0,397.5,397.5,337
1600,2011,2,337,15.318182,64,1,22,4.260553,299,0,0,377.33334,377.33334,262
1600,2011,3,262,10.076923,36,1,26,4.665801,337,496,0,299.33334,348.5,846
1600,2011,4,846,44.526318,503,2,19,4.3255615,262,299,0,481.66666,448,331
1600,2011,5,331,13.24,49,1,25,4.238658,846,337,0,479.66666,428.5,380
1600,2011,6,380,15.2,58,1,25,4.1532,331,262,0,519,409.16666,247
1600,2011,7,247,9.88,32,1,25,4.370587,380,846,0,319.33334,400.5,744
1600,2011,8,744,31,418,2,24,4.3421597,247,331,0,457,468.33334,699
1600,2011,9,699,27.96,91,2,25,4.5354,744,380,0,563.3333,541.1667,1153
1600,2011,10,1153,46.12,424,1,25,4.4964356,699,247,0,865.3333,592.3333,961
1600,2011,11,961,36.96154,84,10,26,4.448384,1153,744,0,937.6667,697.3333,1060
1601,2011,1,168,8.4,30,1,20,5.0440416,338,0,0,253,253,244
1601,2011,2,244,10.608696,62,1,23,4.9448404,168,0,0,250,250,148
1601,2011,3,148,7.4,32,1,20,4.473292,244,338,0,186.66667,224.5,682
1601,2011,4,682,34.1,500,1,20,4.2272415,148,168,0,358,316,182
1601,2011,5,182,7.9130435,21,1,23,4.4844346,682,244,0,337.33334,293.66666,278
1601,2011,6,278,11.12,54,1,25,4.3422666,182,148,0,380.66666,283.66666,175
1601,2011,7,175,7.9545455,29,1,22,4.6937423,278,682,0,211.66667,284.83334,844
1601,2011,8,844,33.76,422,1,25,4.5156,175,182,0,432.33334,384.83334,466
1601,2011,9,466,18.64,70,1,25,4.609543,844,278,0,495,437.83334,1079
1601,2011,10,1079,44.958332,416,1,24,4.328219,466,175,0,796.3333,504,547
1601,2011,11,547,21.88,96,4,25,4.4183316,1079,844,0,697.3333,564.8333,213
1602,2011,1,117,7.3125,24,1,16,4.6345625,194,0,0,155.5,155.5,87
1602,2011,2,87,5.8,13,1,15,5.0398335,117,0,0,132.66667,132.66667,130
1602,2011,3,130,6.1904764,13,1,21,4.5814285,87,194,0,111.333336,132,487
1602,2011,4,487,28.647058,303,1,17,4.1592355,130,117,0,234.66667,203,232
1602,2011,5,232,10.086957,28,1,23,4.235688,487,87,0,283,207.83333,165
1602,2011,6,165,8.25,28,1,20,3.9184167,232,130,0,294.66666,203,177
1602,2011,7,177,8.428572,30,1,21,3.9699047,165,487,0,191.33333,213,292
1602,2011,8,292,13.904762,113,1,21,4.1394286,177,232,0,211.33333,247.16667,275
1602,2011,9,275,11,53,1,25,4.31688,292,165,0,248,271.33334,142
1602,2011,10,142,7.888889,105,1,18,5.4627776,275,177,0,236.33333,213.83333,24
1602,2011,11,24,2.6666667,5,1,9,8.29,142,292,0,147,179.16667,4
1603,2011,1,113,7.0625,18,1,16,4.417604,224,0,0,168.5,168.5,150
1603,2011,2,150,10,54,1,15,4.019778,113,0,0,162.33333,162.33333,106
1603,2011,3,106,5.5789475,21,1,19,4.404737,150,224,0,123,148.25,83
1603,2011,4,83,5.1875,13,1,16,4.175625,106,113,0,113,135.2,143
1603,2011,5,143,7.5263157,17,1,19,4.2240353,83,150,0,110.666664,136.5,156
1603,2011,6,156,7.8,24,1,20,4.3318334,143,106,0,127.333336,125.166664,137
1603,2011,7,137,6.85,19,1,20,4.085125,156,83,0,145.33333,129.16667,413
1603,2011,8,413,22.944445,252,1,18,4.258287,137,143,0,235.33333,173,319
1603,2011,9,319,13.291667,56,2,24,4.385625,413,156,0,289.66666,208.5,498
1603,2011,10,498,20.75,145,1,24,4.286625,319,137,0,410,277.66666,438
1603,2011,11,438,17.52,72,1,25,4.6690097,498,413,0,418.33334,326.83334,112
1610,2011,1,13,2.6,5,1,5,2.982,157,0,0,85,85,10
1610,2011,2,10,10,10,10,1,1.65,13,0,0,60,60,1
1610,2011,3,1,1,1,1,1,3.29,10,157,0,8,45.25,11
1610,2011,4,11,5.5,10,1,2,2.47,1,13,0,7.3333335,38.4,3
1610,2011,5,3,1,1,1,3,3.57,11,10,0,5,32.5,10
1610,2011,6,10,10,10,10,1,1.65,3,1,0,8,8,16
1610,2011,7,16,5.3333335,10,1,3,1.65,10,11,0,9.666667,8.5,72
1610,2011,8,72,9,20,2,8,1.96,16,3,0,32.666668,18.833334,212
1610,2011,9,212,11.157895,37,1,19,2.478421,72,10,0,100,54,396
1610,2011,10,396,17.217392,54,1,23,1.9460725,212,16,0,226.66667,118.166664,435
1610,2011,11,435,16.73077,35,2,26,2.4096668,396,72,0,347.66666,190.16667,53
1612,2011,1,18,2.5714285,7,1,7,2.9614286,252,0,0,135,135,14
1612,2011,2,14,4.6666665,12,1,3,3.2966666,18,0,0,94.666664,94.666664,1
1612,2011,3,1,1,1,1,1,4.13,14,252,0,11,71.25,11
1612,2011,4,11,5.5,10,1,2,2.47,1,18,0,8.666667,59.2,2
1612,2011,5,2,1,1,1,2,3.71,11,14,0,4.6666665,49.666668,10
1612,2011,6,10,10,10,10,1,1.65,2,1,0,7.6666665,9.333333,56
1612,2011,7,56,7,30,1,8,2.575,10,11,0,22.666666,15.666667,181
1612,2011,8,181,22.625,120,1,8,2.6583333,56,2,0,82.333336,43.5,237
1612,2011,9,237,11.85,35,1,20,2.4328334,181,10,0,158,82.833336,514
1612,2011,10,514,22.347826,68,1,23,2.1185122,237,56,0,310.66666,166.66667,449
1612,2011,11,449,17.26923,45,2,26,2.2794964,514,181,0,400,241.16667,90
1614,2011,1,298,29.8,48,1,10,1.165,292,0,0,295,295,434
1614,2011,2,434,48.22222,96,2,9,0.93666667,298,0,0,341.33334,341.33334,1056
1614,2011,3,1056,117.333336,624,48,9,0.8427778,434,292,0,596,520,775
1614,2011,4,775,55.357143,96,1,14,1.0264286,1056,298,0,755,571,580
1614,2011,5,580,58,96,4,10,0.928,775,434,0,803.6667,572.5,678
1614,2011,6,678,61.636364,96,1,11,1.0272727,580,1056,0,677.6667,636.8333,437
1614,2011,7,437,54.625,144,1,8,1.0775,678,775,0,565,660,1061
1614,2011,8,1061,70.73333,144,5,15,0.902,437,580,0,725.3333,764.5,1123
1614,2011,9,1123,62.38889,147,3,18,0.96194446,1061,678,0,873.6667,775.6667,806
1614,2011,10,806,62,98,1,13,1.05,1123,437,0,996.6667,780.8333,692
1614,2011,11,692,32.95238,96,2,21,1.3266667,806,1061,0,873.6667,799.5,315
1615,2011,1,38,6.3333335,18,1,6,2.95,15,0,0,26.5,26.5,7
1615,2011,2,7,3.5,6,1,2,2.95,38,0,0,20,20,67
1615,2011,3,67,8.375,48,1,8,3.255,7,15,0,37.333332,31.75,6
1615,2011,4,6,6,6,6,1,2.95,67,38,0,26.666666,26.6,27
1615,2011,5,27,3.857143,6,1,7,3.7614286,6,7,0,33.333332,26.666666,31
1615,2011,6,31,5.1666665,6,1,6,2.95,27,67,0,21.333334,29.333334,18
1615,2011,7,18,2.5714285,6,1,7,2.95,31,6,0,25.333334,26,43
1615,2011,8,43,6.142857,12,3,7,2.95,18,27,0,30.666666,32,26
1615,2011,9,26,5.2,6,2,5,2.95,43,31,0,29,25.166666,51
1615,2011,10,51,5.1,18,1,10,3.234,26,18,0,40,32.666668,40
1615,2011,11,40,3.6363637,10,1,11,3.9827273,51,43,0,39,34.833332,274
1616,2011,1,47,4.7,12,1,10,4.3226666,40,0,0,43.5,43.5,97
1616,2011,2,97,12.125,51,1,8,3.635,47,0,0,61.333332,61.333332,102
1616,2011,3,102,8.5,48,2,12,3.2716668,97,40,0,82,71.5,36
1616,2011,4,36,5.142857,9,1,7,3.3557143,102,47,0,78.333336,64.4,52
1616,2011,5,52,5.2,12,1,10,3.518,36,97,0,63.333332,62.333332,57
1616,2011,6,57,4.75,12,1,12,4.015,52,102,0,48.333332,65.166664,7
1616,2011,7,7,1.75,2,1,4,3.305,57,36,0,38.666668,58.5,66
1616,2011,8,66,6.6,18,3,10,3.376,7,52,0,43.333332,53.333332,46
1616,2011,9,46,5.111111,19,1,9,3.6442223,66,57,0,39.666668,44,75
1616,2011,10,75,6.818182,19,1,11,3.7030303,46,7,0,62.333332,50.5,60
1616,2011,11,60,3.3333333,9,1,18,3.9361112,75,66,0,60.333332,51.833332,249
1617,2011,1,84,8.4,49,1,10,3.794,62,0,0,73,73,31
1617,2011,2,31,5.1666665,12,2,6,3.1866667,84,0,0,59,59,84
1617,2011,3,84,6,30,1,14,3.2542858,31,62,0,66.333336,65.25,43
1617,2011,4,43,7.1666665,12,1,6,3.4233334,84,84,0,52.666668,60.8,49
1617,2011,5,49,4.0833335,7,1,12,3.5416667,43,31,0,58.666668,58.833332,39
1617,2011,6,39,5.571429,8,1,7,3.3557143,49,84,0,43.666668,55,21
1617,2011,7,21,4.2,7,1,5,2.95,39,43,0,36.333332,44.5,37
1617,2011,8,37,7.4,12,1,5,3.518,21,49,0,32.333332,45.5,47
1617,2011,9,47,5.2222223,12,1,9,3.1077778,37,39,0,35,39.333332,41
1617,2011,10,41,3.4166667,12,1,12,3.1866667,47,21,0,41.666668,39,78
1617,2011,11,78,4.875,11,1,16,3.4825,41,37,0,55.333332,43.833332,254
1618,2011,1,65,5.4166665,12,1,12,2.5097222,183,0,0,124,124,174
1618,2011,2,174,11.6,62,1,15,2.2946668,65,0,0,140.66667,140.66667,302
1618,2011,3,302,13.727273,62,1,22,2.3908713,174,183,0,180.33333,181,126
1618,2011,4,126,10.5,65,1,12,2.616111,302,65,0,200.66667,170,183
1618,2011,5,183,9.631579,60,1,19,2.5504386,126,174,0,203.66667,172.16667,77
1618,2011,6,77,6.4166665,24,1,12,2.2691667,183,302,0,128.66667,154.5,105
1618,2011,7,105,7,18,1,15,2.5876667,77,126,0,121.666664,161.16667,194
1618,2011,8,194,13.857142,78,2,14,2.5472023,105,183,0,125.333336,164.5,123
1618,2011,9,123,8.2,21,1,15,2.2664444,194,77,0,140.66667,134.66667,214
1618,2011,10,214,10.190476,42,1,21,2.3741667,123,105,0,177,149.33333,249
1618,2011,11,249,11.318182,57,1,22,2.896606,214,194,0,195.33333,160.33333,34
1619,2011,1,61,4.6923075,12,1,13,2.537436,143,0,0,102,102,139
1619,2011,2,139,10.692307,62,1,13,2.3703847,61,0,0,114.333336,114.333336,236
1619,2011,3,236,11.238095,60,1,21,2.612254,139,143,0,145.33333,144.75,43
1619,2011,4,43,4.7777777,12,1,9,2.4305556,236,61,0,139.33333,124.4,158
1619,2011,5,158,9.875,60,1,16,2.2535417,43,139,0,145.66667,130,89
1619,2011,6,89,5.9333334,24,1,15,2.2353334,158,236,0,96.666664,121,69
1619,2011,7,69,4.928571,18,1,14,2.4325,89,43,0,105.333336,122.333336,103
1619,2011,8,103,6.0588236,18,1,17,2.4637256,69,158,0,87,116.333336,76
1619,2011,9,76,6.3333335,16,1,12,2.3304167,103,89,0,82.666664,89.666664,159
1619,2011,10,159,9.9375,39,1,16,2.4835417,76,69,0,112.666664,109,148
1619,2011,11,148,6.7272725,26,1,22,2.9376137,159,103,0,127.666664,107.333336,27
1620,2011,1,34,4.25,8,1,8,2.2589583,70,0,0,52,52,121
1620,2011,2,121,10.083333,66,1,12,2.432778,34,0,0,75,75,152
1620,2011,3,152,8.444445,60,1,18,2.552639,121,70,0,102.333336,94.25,26
1620,2011,4,26,3.7142856,6,1,7,2.44,152,34,0,99.666664,80.6,143
1620,2011,5,143,11,60,1,13,2.6730769,26,121,0,107,91,54
1620,2011,6,54,4.909091,24,1,11,2.2845454,143,152,0,74.333336,88.333336,48
1620,2011,7,48,4.8,12,1,10,2.3625,54,26,0,81.666664,90.666664,49
1620,2011,8,49,4.9,12,1,10,2.6005,48,143,0,50.333332,78.666664,57
1620,2011,9,57,5.181818,13,1,11,2.4309092,49,54,0,51.333332,62.833332,109
1620,2011,10,109,7.266667,18,1,15,2.2388334,57,48,0,71.666664,76.666664,73
1620,2011,11,73,4.0555553,12,1,18,2.6457407,109,49,0,79.666664,65,21
1621,2011,1,99,7.071429,36,2,14,2.192738,192,0,0,145.5,145.5,253
1621,2011,2,253,14.882353,68,1,17,2.3265686,99,0,0,181.33333,181.33333,297
1621,2011,3,297,14.85,60,1,20,2.2582083,253,192,0,216.33333,210.25,51
1621,2011,4,51,4.6363635,12,1,11,2.331212,297,99,0,200.33333,178.4,191
1621,2011,5,191,9.55,61,1,20,2.4834166,51,253,0,179.66667,180.5,106
1621,2011,6,106,7.0666666,24,1,15,2.1676667,191,297,0,116,166.16667,125
1621,2011,7,125,6.9444447,26,1,18,2.6075,106,51,0,140.66667,170.5,128
1621,2011,8,128,7.111111,24,1,18,2.4856482,125,191,0,119.666664,149.66667,131
1621,2011,9,131,7.7058825,21,1,17,2.4681864,128,106,0,128,122,230
1621,2011,10,230,10.454545,58,1,22,2.4038637,131,125,0,163,151.83333,286
1621,2011,11,286,13,70,1,22,2.6724205,230,128,0,215.66667,167.66667,36
1622,2011,1,62,4.133333,13,1,15,4.5886664,209,0,0,135.5,135.5,115
1622,2011,2,115,7.6666665,53,1,15,3.948111,62,0,0,128.66667,128.66667,286
1622,2011,3,286,15.052631,152,1,19,3.7992983,115,209,0,154.33333,168,81
1622,2011,4,81,5.0625,12,1,16,4.1364584,286,62,0,160.66667,150.6,113
1622,2011,5,113,7.5333333,48,2,15,3.8084445,81,115,0,160,144.33333,103
1622,2011,6,103,6.866667,48,1,15,3.8496666,113,286,0,99,126.666664,128
1622,2011,7,128,9.142858,59,1,14,3.7414286,103,81,0,114.666664,137.66667,166
1622,2011,8,166,9.764706,48,2,17,3.936147,128,113,0,132.33333,146.16667,208
1622,2011,9,208,12.235294,48,1,17,4.0016174,166,103,0,167.33333,133.16667,413
1622,2011,10,413,17.956522,110,1,23,3.9428985,208,128,0,262.33334,188.5,362
1622,2011,11,362,14.48,91,1,25,4.378267,413,166,0,327.66666,230,129
1623,2011,1,63,3.7058823,13,1,17,4.5232353,177,0,0,120,120,91
1623,2011,2,91,8.272727,54,1,11,4.413636,63,0,0,110.333336,110.333336,267
1623,2011,3,267,15.705882,153,1,17,3.737647,91,177,0,140.33333,149.5,50
1623,2011,4,50,5,8,2,10,3.75,267,63,0,136,129.6,111
1623,2011,5,111,7.928571,48,2,14,3.812619,50,91,0,142.66667,126.5,91
1623,2011,6,91,8.272727,48,2,11,4.2231817,111,267,0,84,112.166664,114
1623,2011,7,114,12.666667,60,1,9,3.8774073,91,50,0,105.333336,120.666664,137
1623,2011,8,137,8.058824,22,1,17,3.7863727,114,111,0,114,128.33333,253
1623,2011,9,253,11.5,49,1,22,3.9022727,137,91,0,168,126,298
1623,2011,10,298,13.545455,72,1,22,4.0827913,253,114,0,229.33333,167.33333,301
1623,2011,11,301,12.541667,32,2,24,4.1765766,298,137,0,284,199,67
1624,2011,1,40,3.0769231,13,1,13,5.189231,127,0,0,83.5,83.5,84
1624,2011,2,84,9.333333,53,1,9,4.2862964,40,0,0,83.666664,83.666664,154
1624,2011,3,154,11.846154,100,1,13,3.7361538,84,127,0,92.666664,101.25,26
1624,2011,4,26,4.3333335,8,2,6,3.75,154,40,0,88,86.2,70
1624,2011,5,70,10,48,2,7,3.6985714,26,84,0,83.333336,83.5,79
1624,2011,6,79,6.5833335,48,1,12,4.6475,70,154,0,58.333332,75.5,84
1624,2011,7,84,8.4,48,1,10,3.8995,79,26,0,77.666664,82.833336,66
1624,2011,8,66,5.5,17,1,12,3.8530555,84,70,0,76.333336,79.833336,406
1624,2011,9,406,22.555555,240,1,18,3.7887037,66,79,0,185.33333,121.833336,223
1624,2011,10,223,11.15,72,1,20,4.171262,406,84,0,231.66667,154.66667,163
1624,2011,11,163,7.0869565,19,1,23,4.6398625,223,66,0,264,170.16667,44
1625,2011,1,92,7.076923,29,1,13,9.266539,527,0,0,309.5,309.5,41
1625,2011,2,41,5.125,7,2,8,9.1775,92,0,0,220,220,60
1625,2011,3,60,5,32,1,12,9.650208,41,527,0,64.333336,180,40
1625,2011,4,40,3.3333333,9,1,12,10.080833,60,92,0,47,152,143
1625,2011,5,143,7.9444447,26,1,18,9.407778,40,41,0,81,150.5,56
1625,2011,6,56,2.9473684,16,1,19,9.981052,143,60,0,79.666664,72,112
1625,2011,7,112,5.894737,33,1,19,8.426973,56,40,0,103.666664,75.333336,51
1625,2011,8,51,3.1875,10,1,16,8.754063,112,143,0,73,77,136
1625,2011,9,136,8.5,61,1,16,10.136771,51,56,0,99.666664,89.666664,87
1625,2011,10,87,4.5789475,27,1,19,10.553246,136,112,0,91.333336,97.5,256
1625,2011,11,256,10.666667,53,1,24,10.615848,87,51,0,159.66667,116.333336,189
1626,2011,1,65,6.5,14,1,10,1.0525,84,0,0,74.5,74.5,45
1626,2011,2,45,5,12,1,9,0.85,65,0,0,64.666664,64.666664,43
1626,2011,3,43,6.142857,24,1,7,0.9614286,45,84,0,51,59.25,59
1626,2011,4,59,7.375,15,1,8,0.874375,43,65,0,49,59.2,96
1626,2011,5,96,9.6,73,1,10,1.0775,59,45,0,66,65.333336,26
1626,2011,6,26,3.7142856,12,1,7,0.9614286,96,43,0,60.333332,55.666668,61
1626,2011,7,61,5.0833335,13,1,12,1.0125,26,59,0,61,55,43
1626,2011,8,43,6.142857,12,1,7,0.9614286,61,96,0,43.333332,54.666668,29
1626,2011,9,29,4.142857,12,1,7,1.1842858,43,26,0,44.333332,52.333332,27
1626,2011,10,27,2.0769231,5,1,13,1.03,29,61,0,33,47,181
1626,2011,11,181,7.869565,24,1,23,1.0721304,27,43,0,79,61.166668,252
1627,2011,1,72,6,14,1,12,0.9825,117,0,0,94.5,94.5,134
1627,2011,2,134,14.888889,79,1,9,0.88611114,72,0,0,107.666664,107.666664,40
1627,2011,3,40,8,13,1,5,0.85,134,117,0,82,90.75,164
1627,2011,4,164,13.666667,72,1,12,0.83916664,40,72,0,112.666664,105.4,256
1627,2011,5,256,23.272728,217,1,11,0.9859091,164,134,0,153.33333,130.5,41
1627,2011,6,41,5.125,13,1,8,1.11,256,40,0,153.66667,117.833336,74
1627,2011,7,74,5.285714,13,1,14,0.9892857,41,164,0,123.666664,118.166664,52
1627,2011,8,52,7.428571,15,1,7,0.9614286,74,256,0,55.666668,104.5,84
1627,2011,9,84,8.4,27,1,10,1.045,52,41,0,70,111.833336,83
1627,2011,10,83,4.882353,17,1,17,1.0564706,84,74,0,73,98.333336,220
1627,2011,11,220,10,27,1,22,1.1578636,83,52,0,129,92.333336,616
1628,2011,1,61,6.1,12,1,10,0.9685,109,0,0,85,85,128
1628,2011,2,128,18.285715,74,1,7,0.95214283,61,0,0,99.333336,99.333336,73
1628,2011,3,73,14.6,28,2,5,0.9124,128,109,0,87.333336,92.75,189
1628,2011,4,189,17.181818,109,1,11,0.869697,73,61,0,130,112,157
1628,2011,5,157,14.272727,73,1,11,1.0036364,189,128,0,139.66667,119.5,75
1628,2011,6,75,5.357143,12,1,14,1.045,157,73,0,140.33333,113.833336,86
1628,2011,7,86,7.1666665,24,2,12,0.9691667,75,189,0,106,118,43
1628,2011,8,43,4.3,13,1,10,0.967,86,157,0,68,103.833336,42
1628,2011,9,42,5.25,12,1,8,1.045,43,75,0,57,98.666664,49
1628,2011,10,49,3.0625,12,1,16,1.069375,42,86,0,44.666668,75.333336,204
1628,2011,11,204,9.272727,81,1,22,1.1326516,49,43,0,98.333336,83.166664,474
1629,2011,1,84,10.5,72,1,8,1.70375,36,0,0,60,60,11
1629,2011,2,11,2.2,4,1,5,1.25,84,0,0,43.666668,43.666668,4
1629,2011,3,4,1.3333334,2,1,3,1.6533333,11,36,0,33,33.75,42
1629,2011,4,42,6,12,1,7,1.4228572,4,84,0,19,35.4,36
1629,2011,5,36,12,12,12,3,1.25,42,11,0,27.333334,35.5,31
1629,2011,6,31,4.428571,12,1,7,1.4228572,36,4,0,36.333332,34.666668,24
1629,2011,7,24,3.4285715,7,2,7,1.5957143,31,42,0,30.333334,24.666666,58
1629,2011,8,58,9.666667,36,1,6,1.42,24,36,0,37.666668,32.5,10
1629,2011,9,10,2.5,6,1,4,1.855,58,31,0,30.666666,33.5,17
1629,2011,10,17,2.125,5,1,8,1.779375,10,24,0,28.333334,29.333334,71
1629,2011,11,71,5.9166665,14,1,12,1.6197222,17,58,0,32.666668,35.166668,175
1630,2011,1,120,13.333333,72,1,9,1.7288889,59,0,0,89.5,89.5,107
1630,2011,2,107,15.285714,75,1,7,1.4092857,120,0,0,95.333336,95.333336,6
1630,2011,3,6,2,3,1,3,1.6533333,107,59,0,77.666664,73,77
1630,2011,4,77,8.555555,12,1,9,1.25,6,120,0,63.333332,73.8,27
1630,2011,5,27,5.4,12,1,5,1.492,77,107,0,36.666668,66,35
1630,2011,6,35,5.8333335,12,1,6,1.6533333,27,6,0,46.333332,62,43
1630,2011,7,43,5.375,12,1,8,1.5525,35,77,0,35,49.166668,95
1630,2011,8,95,15.833333,36,4,6,1.2183334,43,27,0,57.666668,47.166668,42
1630,2011,9,42,7,12,1,6,1.6533333,95,35,0,60,53.166668,30
1630,2011,10,30,3,12,1,10,1.734,42,43,0,55.666668,45.333332,88
1630,2011,11,88,5.866667,18,1,15,1.7608889,30,95,0,53.333332,55.5,368
1631,2011,1,131,14.555555,72,1,9,1.4516667,59,0,0,95,95,31
1631,2011,2,31,3.4444444,12,1,9,1.4516667,131,0,0,73.666664,73.666664,19
1631,2011,3,19,4.75,13,1,4,1.70375,31,59,0,60.333332,60,31
1631,2011,4,31,4.428571,12,1,7,1.5957143,19,131,0,27,54.2,58
1631,2011,5,58,5.8,14,1,10,1.8146666,31,31,0,36,54.833332,47
1631,2011,6,47,4.7,12,1,10,1.371,58,19,0,45.333332,52.833332,28
1631,2011,7,28,5.6,12,1,5,1.25,47,31,0,44.333332,35.666668,68
1631,2011,8,68,17,48,3,4,1.35375,28,58,0,47.666668,41.833332,36
1631,2011,9,36,4,12,1,9,1.7205555,68,47,0,44,44.666668,41
1631,2011,10,41,3.4166667,16,1,12,1.6533333,36,28,0,48.333332,46.333332,111
1631,2011,11,111,6.9375,72,1,16,1.8998437,41,68,0,62.666668,55.166668,537
1635,2011,1,21,1.9090909,8,1,11,17.335455,23,0,0,22,22,5
1635,2011,2,5,1.25,2,1,4,23.8375,21,0,0,16.333334,16.333334,19
1635,2011,3,19,2.375,9,1,8,20.145,5,23,0,15,17,11
1635,2011,4,11,1.8333334,3,1,6,17.32,19,21,0,11.666667,15.8,11
1635,2011,5,11,1.375,3,1,8,18.505,11,5,0,13.666667,15,16
1635,2011,6,16,1.4545455,3,1,11,20.005455,11,19,0,12.666667,13.833333,10
1635,2011,7,10,1.25,2,1,8,18.505,16,11,0,12.333333,12,14
1635,2011,8,14,2.8,9,1,5,17.574,10,11,0,13.333333,13.5,11
1635,2011,9,11,1.5714285,2,1,7,14.95,14,16,0,11.666667,12.166667,11
1635,2011,10,11,1.375,2,1,8,15.56375,11,10,0,12,12.166667,13
1635,2011,11,13,1.625,4,1,8,14.675,11,14,0,11.666667,12.5,6
1636,2011,1,28,2.5454545,12,1,11,10.728182,15,0,0,21.5,21.5,7
1636,2011,2,7,1.75,2,1,4,9.95,28,0,0,16.666666,16.666666,24
1636,2011,3,24,3,4,1,8,11.20125,7,15,0,19.666666,18.5,10
1636,2011,4,10,2.5,4,2,4,9.95,24,28,0,13.666667,16.8,15
1636,2011,5,15,3,8,1,5,9.95,10,7,0,16.333334,16.5,13
1636,2011,6,13,1.8571428,4,1,7,12.81,15,24,0,12.666667,16.166666,14
1636,2011,7,14,2.3333333,6,1,6,11.618333,13,10,0,14,13.833333,12
1636,2011,8,12,2,3,1,6,12.4525,14,15,0,13,14.666667,15
1636,2011,9,15,1.6666666,3,1,9,9.95,12,13,0,13.666667,13.166667,19
1636,2011,10,19,2.7142856,4,2,7,10.457857,15,14,0,15.333333,14.666667,22
1636,2011,11,22,2.2,8,1,10,10.806,19,12,0,18.666666,15.833333,13
1639,2011,1,390,16.956522,98,1,23,3.3408282,151,0,0,270.5,270.5,252
1639,2011,2,252,16.8,104,1,15,3.1638668,390,0,0,264.33334,264.33334,300
1639,2011,3,300,15,50,1,20,3.3933334,252,151,0,314,273.25,253
1639,2011,4,253,13.315789,44,1,19,3.0870175,300,390,0,268.33334,269.2,139
1639,2011,5,139,7.3157897,24,1,19,3.024737,253,252,0,230.66667,247.5,144
1639,2011,6,144,6.5454545,18,1,22,3.3695455,139,300,0,178.66667,246.33333,227
1639,2011,7,227,10.318182,26,1,22,3.0790908,144,253,0,170,219.16667,138
1639,2011,8,138,7.263158,28,1,19,3.2489474,227,139,0,169.66667,200.16667,771
1639,2011,9,771,38.55,428,1,20,3.0965,138,144,0,378.66666,278.66666,203
1639,2011,10,203,9.666667,24,1,21,3.028889,771,227,0,370.66666,270.33334,276
1639,2011,11,276,12.545455,61,1,22,3.3527272,203,138,0,416.66666,293.16666,53
1640,2011,1,80,4.7058825,20,1,17,11.989216,22,0,0,51,51,67
1640,2011,2,67,5.5833335,16,1,12,11.080417,80,0,0,56.333332,56.333332,56
1640,2011,3,56,4.6666665,18,2,12,10.098125,67,22,0,67.666664,56.25,36
1640,2011,4,36,3.6,7,2,10,9.95,56,80,0,53,52.2,38
1640,2011,5,38,4.2222223,8,2,9,9.95,36,67,0,43.333332,49.833332,51
1640,2011,6,51,3.9230769,14,1,13,10.608461,38,56,0,41.666668,54.666668,38
1640,2011,7,38,3.4545455,6,1,11,9.95,51,36,0,42.333332,47.666668,42
1640,2011,8,42,3,8,1,14,9.95,38,38,0,43.666668,43.5,210
1640,2011,9,210,14,144,1,15,9.541333,42,51,0,96.666664,69.166664,34
1640,2011,10,34,3.4,8,1,10,9.8775,210,38,0,95.333336,68.833336,75
1640,2011,11,75,5.357143,18,1,14,9.846429,34,42,0,106.333336,75,25
1641,2011,1,69,4.6,20,1,15,11.120889,80,0,0,74.5,74.5,29
1641,2011,2,29,3.2222223,12,1,9,9.95,69,0,0,59.333332,59.333332,53
1641,2011,3,53,3.5333333,16,1,15,11.188,29,80,0,50.333332,57.75,37
1641,2011,4,37,3.7,19,1,10,9.901667,53,69,0,39.666668,53.6,50
1641,2011,5,50,4.5454545,20,1,11,9.95,37,29,0,46.666668,53,42
1641,2011,6,42,2.8,12,1,15,11.188,50,53,0,43,46.666668,43
1641,2011,7,43,3.0714285,9,1,14,9.95,42,37,0,45,42.333332,40
1641,2011,8,40,2.857143,7,1,14,10.665,43,50,0,41.666668,44.166668,208
1641,2011,9,208,17.333334,152,1,12,10.840555,40,42,0,97,70,77
1641,2011,10,77,4.529412,14,1,17,10.587893,208,43,0,108.333336,76.666664,94
1641,2011,11,94,3.9166667,21,1,24,11.20125,77,40,0,126.333336,84,46
1643,2011,1,5,1,1,1,5,17.794,6,0,0,5.5,5.5,10
1643,2011,2,10,1.4285715,2,1,7,16.981428,5,0,0,7,7,12
1643,2011,3,12,2,4,1,6,19.69,10,6,0,9,8.25,5
1643,2011,4,5,1.6666666,2,1,3,19.69,12,5,0,9,7.6,8
1643,2011,5,8,1.6,3,1,5,14.95,5,10,0,8.333333,7.6666665,5
1643,2011,6,5,1.6666666,3,1,3,14.95,8,12,0,6,7.5,4
1643,2011,7,4,1,1,1,4,18.505,5,5,0,5.6666665,7.3333335,8
1643,2011,8,8,2,2,2,4,14.95,4,8,0,5.6666665,7,11
1643,2011,9,11,3.6666667,8,1,3,14.216666,8,5,0,7.6666665,6.8333335,11
1643,2011,10,11,1.8333334,3,1,6,14.95,11,4,0,10,7.8333335,7
1643,2011,11,7,1.4,2,1,5,14.95,11,8,0,9.666667,7.6666665,2
1644,2011,1,350,21.875,110,1,16,1.4917188,436,0,0,393,393,685
1644,2011,2,685,38.055557,206,12,18,1.562963,350,0,0,490.33334,490.33334,562
1644,2011,3,562,26.761906,90,1,21,1.5394047,685,436,0,532.3333,508.25,687
1644,2011,4,687,34.35,221,2,20,1.493738,562,350,0,644.6667,544,533
1644,2011,5,533,24.227272,70,2,22,1.5011667,687,685,0,594,542.1667,656
1644,2011,6,656,34.526318,222,4,19,1.5287719,533,562,0,625.3333,578.8333,426
1644,2011,7,426,21.3,69,1,20,1.5218333,656,687,0,538.3333,591.5,599
1644,2011,8,599,29.95,131,8,20,1.3962083,426,533,0,560.3333,577.1667,571
1644,2011,9,571,33.588234,85,4,17,1.6201177,599,656,0,532,578.6667,468
1644,2011,10,468,24.631578,204,1,19,1.5852631,571,426,0,546,542.1667,585
1644,2011,11,585,25.434782,68,1,23,1.6312463,468,599,0,541.3333,550.8333,77
1645,2011,1,247,17.642857,83,4,14,1.5048214,346,0,0,296.5,296.5,665
1645,2011,2,665,39.117645,206,1,17,1.4194118,247,0,0,419.33334,419.33334,424
1645,2011,3,424,28.266666,192,4,15,1.5841111,665,346,0,445.33334,420.5,193
1645,2011,4,193,21.444445,36,12,9,1.3297222,424,247,0,427.33334,375,309
1645,2011,5,309,20.6,132,1,15,1.7071111,193,665,0,308.66666,364,474
1645,2011,6,474,27.882353,192,1,17,1.5531863,309,424,0,325.33334,385.33334,200
1645,2011,7,200,12.5,36,2,16,1.6095834,474,193,0,327.66666,377.5,201
1645,2011,8,201,14.357142,76,1,14,1.6605357,200,309,0,291.66666,300.16666,249
1645,2011,9,249,20.75,48,3,12,1.5693055,201,474,0,216.66667,271,248
1645,2011,10,248,15.5,36,1,16,1.6821876,249,200,0,232.66667,280.16666,276
1645,2011,11,276,21.23077,60,1,13,1.8525,248,201,0,257.66666,274.66666,37
1646,2011,1,169,15.363636,29,6,11,1.7026515,333,0,0,251,251,171
1646,2011,2,171,13.153846,50,1,13,1.5773077,169,0,0,224.33333,224.33333,217
1646,2011,3,217,16.692308,48,2,13,1.4982692,171,333,0,185.66667,222.5,230
1646,2011,4,230,17.692308,42,2,13,1.343077,217,169,0,206,224,141
1646,2011,5,141,10.846154,27,1,13,1.5447435,230,171,0,196,210.16667,149
1646,2011,6,149,12.416667,24,1,12,1.40125,141,217,0,173.33333,179.5,128
1646,2011,7,128,14.222222,38,1,9,1.5861111,149,230,0,139.33333,172.66667,74
1646,2011,8,74,10.571428,17,1,7,1.6821429,128,141,0,117,156.5,179
1646,2011,9,179,17.9,87,1,10,1.575,74,149,0,127,150.16667,138
1646,2011,10,138,10.615385,36,1,13,1.343077,179,128,0,130.33333,134.83333,116
1646,2011,11,116,10.545455,26,2,11,1.69,138,74,0,144.33333,130.66667,42
1647,2011,1,98,12.25,24,1,8,1.5825,410,0,0,254,254,345
1647,2011,2,345,28.75,202,1,12,1.7325,98,0,0,284.33334,284.33334,308
1647,2011,3,308,28,192,2,11,1.5645455,345,410,0,250.33333,290.25,114
1647,2011,4,114,12.666667,33,2,9,1.3844445,308,98,0,255.66667,255,29
1647,2011,5,29,14.5,21,8,2,2.1575,114,345,0,150.33333,217.33333,298
1647,2011,6,298,37.25,192,1,8,1.604375,29,308,0,147,198.66667,77
1647,2011,7,77,11,24,1,7,1.9278572,298,114,0,134.66667,195.16667,54
1647,2011,8,54,10.8,16,2,5,1.492,77,29,0,143,146.66667,126
1647,2011,9,126,21,36,6,6,1.4516667,54,298,0,85.666664,116.333336,218
1647,2011,10,218,18.166666,38,3,12,1.5525,126,77,0,132.66667,133.66667,189
1647,2011,11,189,15.75,40,1,12,1.6785417,218,54,0,177.66667,160.33333,12
1648,2011,1,160,17.777779,36,2,9,1.785926,168,0,0,164,164,411
1648,2011,2,411,31.615385,205,6,13,1.5033077,160,0,0,246.33333,246.33333,127
1648,2011,3,127,10.583333,18,3,12,1.8520833,411,168,0,232.66667,216.5,339
1648,2011,4,339,30.818182,200,2,11,1.5756818,127,160,0,292.33334,241,67
1648,2011,5,67,6.7,21,1,10,2.097,339,411,0,177.66667,212,278
1648,2011,6,278,15.444445,36,1,18,1.5412962,67,127,0,228,230.33333,354
1648,2011,7,354,23.6,195,1,15,1.889,278,339,0,233,262.66666,287
1648,2011,8,287,19.133333,92,2,15,1.7810556,354,67,0,306.33334,242,222
1648,2011,9,222,13.058824,36,2,17,1.9261764,287,278,0,287.66666,257.83334,341
1648,2011,10,341,20.058823,120,1,17,1.8479412,222,354,0,283.33334,258.16666,388
1648,2011,11,388,20.421053,74,2,19,1.9651315,341,287,0,317,311.66666,85
1649,2011,1,128,6.736842,20,1,19,10.807763,85,0,0,106.5,106.5,114
1649,2011,2,114,6.7058825,28,1,17,11.340441,128,0,0,109,109,181
1649,2011,3,181,7.5416665,37,1,24,11.256865,114,85,0,141,127,81
1649,2011,4,81,5.0625,16,1,16,10.902083,181,128,0,125.333336,117.8,127
1649,2011,5,127,6.6842103,21,1,19,11.379737,81,114,0,129.66667,119.333336,114
1649,2011,6,114,5.181818,25,1,22,10.674167,127,181,0,107.333336,124.166664,78
1649,2011,7,78,4.105263,16,1,19,11.178684,114,81,0,106.333336,115.833336,49
1649,2011,8,49,3.2666667,16,1,15,10.585111,78,127,0,80.333336,105,87
1649,2011,9,87,4.35,18,1,20,11.516791,49,114,0,71.333336,89.333336,94
1649,2011,10,94,4.0869565,18,1,23,11.183116,87,78,0,76.666664,91.5,84
1649,2011,11,84,3.8181818,13,1,22,13.121004,94,49,0,88.333336,84.333336,23
1652,2011,1,62,15.5,48,1,4,4.03,509,0,0,285.5,285.5,140
1652,2011,2,140,15.555555,96,4,9,4.173333,62,0,0,237,237,106
1652,2011,3,106,8.833333,48,1,12,4.2083335,140,509,0,102.666664,204.25,61
1652,2011,4,61,15.25,48,1,4,4.03,106,62,0,102.333336,175.6,130
1652,2011,5,130,14.444445,54,2,9,4.161852,61,140,0,99,168,68
1652,2011,6,68,13.6,48,4,5,4.074,130,106,0,86.333336,94.5,73
1652,2011,7,73,12.166667,48,2,6,4.1033335,68,61,0,90.333336,96.333336,46
1652,2011,8,46,4.6,12,2,10,4.25,73,130,0,62.333332,80.666664,105
1652,2011,9,105,8.75,48,1,12,4.2083335,46,68,0,74.666664,80.5,121
1652,2011,10,121,9.307693,52,3,13,4.2371793,105,73,0,90.666664,90.5,100
1652,2011,11,100,6.25,14,1,16,4.25,121,46,0,108.666664,85.5,19
1653,2011,1,23,3.8333333,10,1,6,4.25,430,0,0,226.5,226.5,199
1653,2011,2,199,15.307693,53,2,13,4.1505127,23,0,0,217.33333,217.33333,99
1653,2011,3,99,8.25,48,1,12,4.2083335,199,430,0,107,187.75,61
1653,2011,4,61,15.25,52,1,4,4.14,99,23,0,119.666664,162.4,116
1653,2011,5,116,16.571428,48,4,7,4.052857,61,199,0,92,154.66667,57
1653,2011,6,57,9.5,48,1,6,4.1033335,116,99,0,78,92.5,90
1653,2011,7,90,11.25,48,2,8,4.14,57,61,0,87.666664,103.666664,13
1653,2011,8,13,3.25,4,1,4,4.25,90,116,0,53.333332,72.666664,108
1653,2011,9,108,8.307693,52,1,13,4.230769,13,57,0,70.333336,74.166664,48
1653,2011,10,48,4.8,8,3,10,4.25,108,90,0,56.333332,72,84
1653,2011,11,84,6,14,1,14,4.25,48,13,0,80,66.666664,18
1654,2011,1,47,4.7,14,1,10,9.708,41,0,0,44,44,31
1654,2011,2,31,2.8181818,8,1,11,9.311363,47,0,0,39.666668,39.666668,55
1654,2011,3,55,4.230769,16,1,13,9.0925,31,41,0,44.333332,43.5,61
1654,2011,4,61,6.1,26,1,10,7.515,55,47,0,49,47,28
1654,2011,5,28,2.5454545,7,1,11,10.308182,61,31,0,48,43.833332,102
1654,2011,6,102,6,33,1,17,9.022647,28,55,0,63.666668,54,44
1654,2011,7,44,4.4,13,1,10,7.8805,102,61,0,58,53.5,37
1654,2011,8,37,3.3636363,12,1,11,9.894091,44,28,0,61,54.5,52
1654,2011,9,52,3.4666667,12,1,15,10.757667,37,102,0,44.333332,54,45
1654,2011,10,45,3.2142856,12,1,14,9.76131,52,44,0,44.666668,51.333332,63
1654,2011,11,63,2.8636363,8,1,22,10.83428,45,37,0,53.333332,57.166668,16
1655,2011,1,78,6,12,1,13,13.603847,68,0,0,73,73,40
1655,2011,2,40,20,32,8,2,15.95,78,0,0,62,62,3
1655,2011,3,3,1,1,1,3,24.95,40,68,0,40.333332,47.25,5
1655,2011,4,5,1.25,2,1,4,24.95,3,78,0,16,38.8,2
1655,2011,5,2,1,1,1,2,24.95,5,40,0,3.3333333,32.666668,13
1655,2011,6,13,1.8571428,4,1,7,24.52143,2,3,0,6.6666665,23.5,9
1655,2011,7,9,2.25,4,1,4,24.2,13,5,0,8,12,2
1655,2011,8,2,1,1,1,2,24.95,9,2,0,8,5.6666665,4
1655,2011,9,4,1.3333334,2,1,3,24.95,2,13,0,5,5.8333335,4
1655,2011,10,4,1,1,1,4,24.95,4,9,0,3.3333333,5.6666665,8
1655,2011,11,8,1.3333334,3,1,6,24.95,4,2,0,5.3333335,6.6666665,5
1657,2011,1,54,4.909091,12,2,11,4.8863635,80,0,0,67,67,77
1657,2011,2,77,5.133333,19,1,15,5.5755553,54,0,0,70.333336,70.333336,116
1657,2011,3,116,6.4444447,21,1,18,4.891667,77,80,0,82.333336,81.75,93
1657,2011,4,93,7.75,16,1,12,5.7125,116,54,0,95.333336,84,120
1657,2011,5,120,10,41,2,12,4.8555555,93,77,0,109.666664,90,188
1657,2011,6,188,10.444445,38,3,18,4.9275,120,116,0,133.66667,108,93
1657,2011,7,93,5.8125,15,1,16,5.249375,188,93,0,133.66667,114.5,137
1657,2011,8,137,10.538462,48,1,13,6.198974,93,120,0,139.33333,124.5,110
1657,2011,9,110,7.3333335,28,1,15,5.458889,137,188,0,113.333336,123.5,49
1657,2011,10,49,3.5,8,1,14,6.5490475,110,93,0,98.666664,116.166664,131
1657,2011,11,131,7.2777777,32,1,18,6.414352,49,137,0,96.666664,118,33
1661,2011,1,160,12.307693,44,2,13,1.9423077,35,0,0,97.5,97.5,77
1661,2011,2,77,8.555555,20,2,9,2.28,160,0,0,90.666664,90.666664,129
1661,2011,3,129,10.75,36,4,12,2.0158334,77,35,0,122,100.25,98
1661,2011,4,98,9.8,32,4,10,1.9926667,129,160,0,101.333336,99.8,68
1661,2011,5,68,7.5555553,14,4,9,2.192222,98,77,0,98.333336,94.5,61
1661,2011,6,61,6.7777777,12,2,9,1.95,68,129,0,75.666664,98.833336,65
1661,2011,7,65,8.125,24,1,8,2.3133333,61,98,0,64.666664,83,44
1661,2011,8,44,22,28,16,2,1.95,65,68,0,56.666668,77.5,48
1661,2011,9,48,6.857143,8,4,7,1.9071429,44,61,0,52.333332,64,46
1661,2011,10,46,6.571429,12,3,7,2.2614286,48,65,0,46,55.333332,12
1661,2011,11,12,2,4,1,6,2.6766667,46,44,0,35.333332,46,17
1663,2011,1,92,9.2,27,2,10,1.321,289,0,0,190.5,190.5,55
1663,2011,2,55,7.857143,12,1,7,1.2957143,92,0,0,145.33333,145.33333,282
1663,2011,3,282,31.333334,114,1,9,1.1569444,55,289,0,143,179.5,35
1663,2011,4,35,7,12,1,5,1.006,282,92,0,124,150.6,126
1663,2011,5,126,14,37,2,9,1.1533333,35,55,0,147.66667,146.5,141
1663,2011,6,141,20.142857,70,1,7,1.1842858,126,282,0,100.666664,121.833336,57
1663,2011,7,57,5.7,12,1,10,1.305,141,35,0,108,116,88
1663,2011,8,88,12.571428,24,2,7,1.0728571,57,126,0,95.333336,121.5,310
1663,2011,9,310,18.235294,60,2,17,1.0067647,88,141,0,151.66667,126.166664,223
1663,2011,10,223,13.117647,57,2,17,1.0908823,310,57,0,207,157.5,819
1663,2011,11,819,37.227272,147,2,22,1.1109848,223,88,0,450.66666,273,292
1664,2011,1,32,2.6666667,10,1,12,8.503333,30,0,0,31,31,34
1664,2011,2,34,2.8333333,8,1,12,8.766666,32,0,0,32,32,38
1664,2011,3,38,2.7142856,6,1,14,8.79,34,30,0,34.666668,33.5,26
1664,2011,4,26,2.8888888,7,1,9,8.821111,38,32,0,32.666668,32,33
1664,2011,5,33,2.2,6,1,15,10.302,26,34,0,32.333332,32.166668,32
1664,2011,6,32,2.4615386,4,1,13,9.457692,33,38,0,30.333334,32.5,18
1664,2011,7,18,2,4,1,9,8.821111,32,26,0,27.666666,30.166666,20
1664,2011,8,20,1.8181819,4,1,11,8.662727,18,33,0,23.333334,27.833334,24
1664,2011,9,24,2,4,1,12,9.583333,20,32,0,20.666666,25.5,13
1664,2011,10,13,1.625,3,1,8,8.93,24,18,0,19,23.333334,18
1664,2011,11,18,1.8,3,1,10,8.734,13,20,0,18.333334,20.833334,8
1666,2011,1,54,3.857143,11,1,14,10.543452,36,0,0,45,45,47
1666,2011,2,47,3.6153846,12,1,13,9.838462,54,0,0,45.666668,45.666668,56
1666,2011,3,56,3.5,8,1,16,11.813125,47,36,0,52.333332,48.25,50
1666,2011,4,50,3.3333333,8,1,15,9.95,56,54,0,51,48.6,55
1666,2011,5,55,3.6666667,14,1,15,9.901667,50,47,0,53.666668,49.666668,31
1666,2011,6,31,2.3846154,4,1,13,11.200769,55,56,0,45.333332,48.833332,49
1666,2011,7,49,4.4545455,16,1,11,9.752273,31,50,0,45,48,36
1666,2011,8,36,3.6,8,1,10,9.95,49,55,0,38.666668,46.166668,54
1666,2011,9,54,4.909091,13,2,11,9.884091,36,31,0,46.333332,45.833332,37
1666,2011,10,37,3.3636363,9,1,11,9.884091,54,49,0,42.333332,43.666668,67
1666,2011,11,67,4.1875,20,1,16,9.904688,37,36,0,52.666668,45.666668,12
1667,2011,1,10,2,4,1,5,19.96,19,0,0,14.5,14.5,14
1667,2011,2,14,1.5555556,3,1,9,17.857779,10,0,0,14.333333,14.333333,22
1667,2011,3,22,2,9,1,11,18.04303,14,19,0,15.333333,16.25,9
1667,2011,4,9,1.2857143,2,1,7,23.952858,22,10,0,15,14.8,5
1667,2011,5,5,1,1,1,5,16.95,9,14,0,12,13.166667,4
1667,2011,6,4,1,1,1,4,21.035,5,22,0,6,10.666667,37
1667,2011,7,37,7.4,31,1,5,16.95,4,9,0,15.333333,15.166667,7
1667,2011,8,7,1.4,2,1,5,21.852,37,5,0,16,14,5
1667,2011,9,5,1.6666666,3,1,3,16.95,7,4,0,16.333334,11.166667,13
1667,2011,10,13,3.25,6,1,4,16.7,5,37,0,8.333333,11.833333,16
1667,2011,11,16,2.2857144,9,1,7,16.807142,13,7,0,11.333333,13.666667,2
1668,2011,1,94,7.230769,16,1,13,3.678205,215,0,0,154.5,154.5,48
1668,2011,2,48,6.857143,8,4,7,2.95,94,0,0,119,119,68
1668,2011,3,68,5.6666665,12,1,12,3.9361112,48,215,0,70,106.25,80
1668,2011,4,80,10,18,4,8,3.305,68,94,0,65.333336,101,106
1668,2011,5,106,7.571429,24,1,14,3.2542858,80,48,0,84.666664,101.833336,67
1668,2011,6,67,5.1538463,20,1,13,4.23,106,68,0,84.333336,77.166664,232
1668,2011,7,232,13.6470585,72,1,17,3.9888234,67,80,0,135,100.166664,125
1668,2011,8,125,9.615385,72,1,13,3.9023077,232,106,0,141.33333,113,137
1668,2011,9,137,10.538462,24,1,13,3.1320512,125,67,0,164.66667,124.5,274
1668,2011,10,274,13.7,120,1,20,3.483,137,232,0,178.66667,156.83333,156
1668,2011,11,156,7.8,40,1,20,4.2198334,274,125,0,189,165.16667,197
1669,2011,1,17,2.4285715,4,1,7,8.5,1,0,0,9,9,21
1669,2011,2,21,2.625,6,1,8,8.5,17,0,0,13,13,23
1669,2011,3,23,3.2857144,12,1,7,8.3785715,21,1,0,20.333334,15.5,19
1669,2011,4,19,2.7142856,7,1,7,9.661428,23,17,0,21,16.2,36
1669,2011,5,36,3.2727273,13,1,11,9.608636,19,21,0,26,19.5,16
1669,2011,6,16,2.6666667,10,1,6,8.358334,36,23,0,23.666666,22,5
1669,2011,7,5,1.6666666,2,1,3,8.5,16,19,0,19,20,11
1669,2011,8,11,3.6666667,8,1,3,8.5,5,36,0,10.666667,18.333334,11
1669,2011,9,11,2.2,4,1,5,10.126,11,16,0,9,16.333334,6
1669,2011,10,6,2,3,1,3,8.5,11,5,0,9.333333,14.166667,12
1669,2011,11,12,2,3,1,6,10.5325,6,11,0,9.666667,10.166667,30
1670,2011,1,63,5.7272725,20,2,11,4.5931816,141,0,0,102,102,40
1670,2011,2,40,4,9,1,10,4.3065,63,0,0,81.333336,81.333336,208
1670,2011,3,208,17.333334,140,1,12,5.56,40,141,0,103.666664,113,33
1670,2011,4,33,4.714286,16,1,7,5.075,208,63,0,93.666664,97,28
1670,2011,5,28,2.8,4,1,10,4.492,33,40,0,89.666664,85.5,24
1670,2011,6,24,2.6666667,8,1,9,4.9866667,28,208,0,28.333334,66,49
1670,2011,7,49,4.9,16,1,10,5.0485,24,33,0,33.666668,63.666668,44
1670,2011,8,44,3.3846154,7,1,13,4.8915386,49,28,0,39,64.333336,53
1670,2011,9,53,5.3,11,1,10,4.3683333,44,24,0,48.666668,38.5,70
1670,2011,10,70,4.117647,8,1,17,4.866961,53,49,0,55.666668,44.666668,89
1670,2011,11,89,5.2352943,13,1,17,5.4958825,70,44,0,70.666664,54.833332,29
1671,2011,1,65,6.5,16,1,10,4.9666667,116,0,0,90.5,90.5,50
1671,2011,2,50,4.5454545,10,1,11,4.4245453,65,0,0,77,77,60
1671,2011,3,60,6,21,1,10,4.851,50,116,0,58.333332,72.75,70
1671,2011,4,70,4.6666665,9,1,15,4.450778,60,65,0,60,72.2,55
1671,2011,5,55,5,20,1,11,4.7454543,70,50,0,61.666668,69.333336,54
1671,2011,6,54,4.5,16,1,12,4.8020835,55,60,0,59.666668,59,106
1671,2011,7,106,9.636364,49,1,11,4.565909,54,70,0,71.666664,65.833336,84
1671,2011,8,84,8.4,52,1,10,4.474,106,55,0,81.333336,71.5,30
1671,2011,9,30,4.285714,8,1,7,4.28,84,54,0,73.333336,66.5,154
1671,2011,10,154,11.846154,80,1,13,4.394231,30,106,0,89.333336,80.5,139
1671,2011,11,139,6.6190476,31,1,21,5.028413,154,84,0,107.666664,94.5,47
1674,2011,1,369,16.772728,60,3,22,3.1879797,199,0,0,284,284,334
1674,2011,2,334,18.555555,65,1,18,3.025685,369,0,0,300.66666,300.66666,229
1674,2011,3,229,8.807693,32,1,26,3.083077,334,199,0,310.66666,282.75,149
1674,2011,4,149,8.764706,36,1,17,3.0935295,229,369,0,237.33333,256,318
1674,2011,5,318,16.736841,102,1,19,3.0110526,149,334,0,232,266.33334,160
1674,2011,6,160,8.421053,38,1,19,3.0640352,318,229,0,209,259.83334,116
1674,2011,7,116,6.8235292,19,1,17,2.9742017,160,149,0,198,217.66667,165
1674,2011,8,165,9.166667,38,1,18,3.1720371,116,318,0,147,189.5,117
1674,2011,9,117,5.85,14,1,20,3.2713332,165,160,0,132.66667,170.83333,171
1674,2011,10,171,9.5,75,1,18,3.3715556,117,116,0,151,174.5,787
1674,2011,11,787,32.791668,343,1,24,3.338507,171,165,0,358.33334,252.66667,28
1675,2011,1,100,11.111111,34,1,9,1.7037038,158,0,0,129,129,155
1675,2011,2,155,12.916667,28,4,12,1.4408333,100,0,0,137.66667,137.66667,183
1675,2011,3,183,16.636364,39,4,11,1.4974242,155,158,0,146,149,321
1675,2011,4,321,24.692308,192,1,13,1.2673076,183,100,0,219.66667,183.4,94
1675,2011,5,94,10.444445,32,1,9,1.8998148,321,155,0,199.33333,168.5,157
1675,2011,6,157,11.214286,24,1,14,1.5525,94,183,0,190.66667,168.33333,113
1675,2011,7,113,8.692307,20,1,13,1.6688461,157,321,0,121.333336,170.5,118
1675,2011,8,118,9.076923,36,1,13,1.7851923,113,94,0,129.33333,164.33333,127
1675,2011,9,127,14.111111,38,3,9,1.5861111,118,157,0,119.333336,155,205
1675,2011,10,205,12.058824,43,1,17,1.7007843,127,113,0,150,135.66667,147
1675,2011,11,147,13.363636,38,1,11,2.159394,205,118,0,159.66667,144.5,26
1676,2011,1,6,6,6,6,1,2.95,12,0,0,9,9,6
1676,2011,2,6,6,6,6,1,2.95,6,0,0,8,8,43
1676,2011,3,43,5.375,12,1,8,3.1275,6,12,0,18.333334,16.75,2
1676,2011,4,2,1,1,1,2,5.79,43,6,0,17,13.8,9
1676,2011,5,9,3,6,1,3,3.8966668,2,6,0,18,13,1
1676,2011,6,1,1,1,1,1,5.79,9,43,0,4,11.166667,54
1676,2011,7,54,18,48,2,3,3.7633333,1,2,0,21.333334,19.166666,4
1676,2011,8,4,1.3333334,2,1,3,4.8433332,54,9,0,19.666666,18.833334,31
1676,2011,9,31,10.333333,24,1,3,2.95,4,1,0,29.666666,16.833334,7
1676,2011,10,7,3.5,6,1,2,2.95,31,54,0,14,17.666666,19
1676,2011,11,19,9.5,18,1,2,4.37,7,4,0,19,19.333334,66
1677,2011,1,54,4.1538463,12,1,13,3.978718,59,0,0,56.5,56.5,40
1677,2011,2,40,5.714286,12,1,7,3.5585713,54,0,0,51,51,98
1677,2011,3,98,9.8,39,1,10,3.64,40,59,0,64,62.75,105
1677,2011,4,105,10.5,78,1,10,3.924,98,54,0,81,71.2,33
1677,2011,5,33,4.125,6,1,8,3.66,105,40,0,78.666664,64.833336,39
1677,2011,6,39,4.3333335,14,1,9,3.7877777,33,98,0,59,61.5,68
1677,2011,7,68,5.6666665,14,1,12,2.8613195,39,105,0,46.666668,63.833332,65
1677,2011,8,65,10.833333,36,2,6,3.83,68,33,0,57.333332,68,33
1677,2011,9,33,4.125,14,1,8,4.1925,65,39,0,55.333332,57.166668,43
1677,2011,10,43,3.909091,12,1,11,4.4990907,33,68,0,47,46.833332,78
1677,2011,11,78,3.9,15,1,20,4.3818336,43,65,0,51.333332,54.333332,110
1681,2011,1,23,5.75,18,1,4,3.66,34,0,0,28.5,28.5,2
1681,2011,2,2,1,1,1,2,5.79,23,0,0,19.666666,19.666666,14
1681,2011,3,14,4.6666665,6,2,3,3.8966668,2,34,0,13,18.25,17
1681,2011,4,17,2.8333333,6,1,6,3.4233334,14,23,0,11,18,6
1681,2011,5,6,6,6,6,1,2.95,17,2,0,12.333333,16,25
1681,2011,6,25,6.25,9,4,4,2.705,6,14,0,16,14.5,45
1681,2011,7,45,3.2142856,11,1,14,2.565,25,17,0,25.333334,18.166666,98
1681,2011,8,98,49,96,2,2,2.75,45,6,0,56,34.166668,106
1681,2011,9,106,26.5,98,1,4,3.965,98,25,0,83,49.5,156
1681,2011,10,156,17.333334,144,1,9,4.7988887,106,45,0,120,72.666664,195
1681,2011,11,195,15,144,1,13,4.1935897,156,98,0,152.33333,104.166664,160
1683,2011,1,106,10.6,36,2,10,2.063,237,0,0,171.5,171.5,263
1683,2011,2,263,29.222221,124,3,9,2.183889,106,0,0,202,202,105
1683,2011,3,105,7.5,13,1,14,2.3392856,263,237,0,158,177.75,252
1683,2011,4,252,28,193,1,9,2.1755555,105,106,0,206.66667,192.6,121
1683,2011,5,121,10.083333,37,1,12,2.495,252,263,0,159.33333,180.66667,80
1683,2011,6,80,8.888889,36,1,9,2.5555556,121,105,0,151,154.5,35
1683,2011,7,35,4.375,14,1,8,3.1308334,80,252,0,78.666664,142.66667,79
1683,2011,8,79,9.875,15,1,8,2.7675,35,121,0,64.666664,112,550
1683,2011,9,550,42.307693,108,1,13,2.3953846,79,80,0,221.33333,186.16667,235
1683,2011,10,235,18.076923,96,1,13,2.4530768,550,35,0,288,183.33333,244
1683,2011,11,244,12.842105,108,1,19,3.0799122,235,79,0,343,203.83333,65
1684,2011,1,131,8.733334,36,1,15,0.66855556,71,0,0,101,101,177
1684,2011,2,177,17.7,73,1,10,0.581,131,0,0,126.333336,126.333336,189
1684,2011,3,189,18.9,145,1,10,0.704,177,71,0,165.66667,142,64
1684,2011,4,64,10.666667,24,1,6,0.625,189,131,0,143.33333,126.4,209
1684,2011,5,209,23.222221,72,1,9,0.54333335,64,177,0,154,140.16667,209
1684,2011,6,209,14.928572,48,1,14,0.50785714,209,189,0,160.66667,163.16667,260
1684,2011,7,260,15.294118,49,2,17,0.4320588,209,64,0,226,184.66667,114
1684,2011,8,114,12.666667,24,1,9,0.46555555,260,209,0,194.33333,174.16667,135
1684,2011,9,135,10.384615,25,1,13,0.42,114,209,0,169.66667,165.16667,169
1684,2011,10,169,10.5625,24,1,16,0.42,135,260,0,139.33333,182.66667,190
1684,2011,11,190,9.047619,24,1,21,0.42,169,114,0,164.66667,179.5,223
1685,2011,1,95,9.5,24,1,10,0.628,125,0,0,110,110,208
1685,2011,2,208,13.866667,72,1,15,0.6437778,95,0,0,142.66667,142.66667,114
1685,2011,3,114,9.5,24,1,12,0.57375,208,125,0,139,135.5,131
1685,2011,4,131,18.714285,36,2,7,0.55471426,114,95,0,151,134.6,246
1685,2011,5,246,24.6,84,4,10,0.4785,131,208,0,163.66667,153.16667,155
1685,2011,6,155,15.5,55,1,10,0.5635,246,114,0,177.33333,158.16667,345
1685,2011,7,345,17.25,51,2,20,0.455875,155,131,0,248.66667,199.83333,266
1685,2011,8,266,20.461538,84,1,13,0.5123077,345,246,0,255.33333,209.5,394
1685,2011,9,394,19.7,48,2,20,0.42,266,155,0,335,256.16666,162
1685,2011,10,162,10.8,24,1,15,0.42,394,345,0,274,261.33334,290
1685,2011,11,290,14.5,36,1,20,0.42,162,266,0,282,268.66666,109
1687,2011,1,425,22.368422,65,1,19,0.48785087,124,0,0,274.5,274.5,195
1687,2011,2,195,27.857143,84,1,7,0.5328571,425,0,0,248,248,225
1687,2011,3,225,16.071428,72,1,14,0.57678574,195,124,0,281.66666,242.25,140
1687,2011,4,140,15.555555,36,3,9,0.502,225,425,0,186.66667,221.8,199
1687,2011,5,199,14.214286,36,1,14,0.5127381,140,195,0,188,218,214
1687,2011,6,214,15.285714,72,1,14,0.5914286,199,225,0,184.33333,233,250
1687,2011,7,250,13.157895,29,1,19,0.44157895,214,140,0,221,203.83333,109
1687,2011,8,109,12.111111,24,1,9,0.49592593,250,199,0,191,189.5,173
1687,2011,9,173,10.8125,37,1,16,0.42,109,214,0,177.33333,180.83333,129
1687,2011,10,129,9.214286,24,2,14,0.42,173,250,0,137,179,380
1687,2011,11,380,18.095238,77,1,21,0.41857144,129,109,0,227.33333,209.16667,76
1689,2011,1,364,21.411764,53,1,17,0.4477059,102,0,0,233,233,206
1689,2011,2,206,18.727272,73,1,11,0.585,364,0,0,224,224,142
1689,2011,3,142,14.2,36,1,10,0.5635,206,102,0,237.33333,203.5,77
1689,2011,4,77,12.833333,39,1,6,0.57944447,142,364,0,141.66667,178.2,189
1689,2011,5,189,17.181818,84,2,11,0.53530306,77,206,0,136,180,167
1689,2011,6,167,12.846154,26,1,13,0.5303846,189,142,0,144.33333,190.83333,248
1689,2011,7,248,11.809524,21,4,21,0.42976192,167,77,0,201.33333,171.5,155
1689,2011,8,155,12.916667,28,1,12,0.49402776,248,189,0,190,163,280
1689,2011,9,280,14.736842,41,1,19,0.42,155,167,0,227.66667,186,266
1689,2011,10,266,20.461538,144,1,13,0.41538462,280,248,0,233.66667,217.5,337
1689,2011,11,337,14.652174,72,1,23,0.42,266,155,0,294.33334,242.16667,75
1690,2011,1,82,20.5,48,10,4,0.65,216,0,0,149,149,60
1690,2011,2,60,20,36,12,3,0.65,82,0,0,119.333336,119.333336,51
1690,2011,3,51,8.5,12,1,6,0.85,60,216,0,64.333336,102.25,43
1690,2011,4,43,14.333333,19,12,3,0.65,51,82,0,51.333332,90.4,26
1690,2011,5,26,8.666667,12,2,3,0.65,43,60,0,40,79.666664,135
1690,2011,6,135,15,32,1,9,0.5988889,26,51,0,68,66.166664,174
1690,2011,7,174,13.384615,25,1,13,0.45833334,135,43,0,111.666664,81.5,26
1690,2011,8,26,6.5,12,1,4,0.74,174,26,0,111.666664,75.833336,49
1690,2011,9,49,12.25,13,12,4,0.6725,26,135,0,83,75.5,49
1690,2011,10,49,16.333334,24,12,3,0.68,49,174,0,41.333332,76.5,16
1690,2011,11,16,4,12,1,4,0.74,49,26,0,38,74.833336,13
1691,2011,1,48,12,12,12,4,0.65,49,0,0,48.5,48.5,49
1691,2011,2,49,9.8,12,1,5,0.77,48,0,0,48.666668,48.666668,74
1691,2011,3,74,12.333333,36,1,6,0.85,49,49,0,57,55,52
1691,2011,4,52,8.666667,12,1,6,0.85,74,48,0,58.333332,54.4,97
1691,2011,5,97,12.125,24,1,8,0.725,52,49,0,74.333336,61.5,128
1691,2011,6,128,16,42,1,8,0.7425,97,74,0,92.333336,74.666664,356
1691,2011,7,356,19.777779,60,1,18,0.47962964,128,52,0,193.66667,126,28
1691,2011,8,28,5.6,12,1,5,0.722,356,97,0,170.66667,122.5,102
1691,2011,9,102,10.2,24,2,10,0.704,28,128,0,162,127.166664,65
1691,2011,10,65,6.5,13,1,10,0.767,102,356,0,65,129.33333,106
1691,2011,11,106,8.153846,25,1,13,0.74923074,65,28,0,91,130.83333,29
1692,2011,1,50,5.5555553,20,2,9,5.8944445,35,0,0,42.5,42.5,71
1692,2011,2,71,6.4545455,24,2,11,5.828788,50,0,0,52,52,55
1692,2011,3,55,3.235294,8,1,17,6.907353,71,35,0,58.666668,52.75,66
1692,2011,4,66,4.714286,18,1,14,6.1467857,55,50,0,64,55.4,71
1692,2011,5,71,4.1764708,18,2,17,5.9303923,66,71,0,64,58,25
1692,2011,6,25,3.125,5,2,8,5.9083333,71,55,0,54,56.333332,16
1692,2011,7,16,3.2,8,1,5,8.554,25,66,0,37.333332,50.666668,14
1692,2011,8,14,2.8,5,1,5,7.252,16,71,0,18.333334,41.166668,6
1692,2011,9,6,3,4,2,2,5.45,14,25,0,12,33,11
1692,2011,10,11,2.2,4,1,5,7.252,6,16,0,10.333333,23.833334,11
1692,2011,11,11,2.2,4,1,5,6.818,11,14,0,9.333333,13.833333,3
1701,2011,1,48,6,12,1,8,3.6008334,23,0,0,35.5,35.5,29
1701,2011,2,29,4.142857,7,1,7,3.7614286,48,0,0,33.333332,33.333332,30
1701,2011,3,30,5,6,2,6,2.95,29,23,0,35.666668,32.5,78
1701,2011,4,78,9.75,24,2,8,2.95,30,48,0,45.666668,41.6,99
1701,2011,5,99,7.071429,12,2,14,2.95,78,29,0,69,51.166668,94
1701,2011,6,94,9.4,18,6,10,3.234,99,30,0,90.333336,63,175
1701,2011,7,175,25,150,1,7,3.327143,94,78,0,122.666664,84.166664,16
1701,2011,8,16,5.3333335,11,1,3,3.8966668,175,99,0,95,82,46
1701,2011,9,46,5.111111,12,1,9,2.95,16,94,0,79,84.666664,27
1701,2011,10,27,5.4,12,1,5,3.518,46,175,0,29.666666,76.166664,29
1701,2011,11,29,2.9,6,1,10,3.4233334,27,16,0,34,64.5,12
1704,2011,1,738,35.142857,227,1,21,1.9212381,3502,0,0,2120,2120,36
1704,2011,2,36,4.5,12,1,8,3.2570834,738,0,0,1425.3334,1425.3334,8
1704,2011,3,8,4,6,2,2,2.1,36,3502,0,260.66666,1071,14
1704,2011,4,14,7,12,2,2,2.1,8,738,0,19.333334,859.6,4
1704,2011,5,4,2,3,1,2,3.115,14,36,0,8.666667,717,5
1704,2011,6,5,2.5,4,1,2,3.115,4,8,0,7.6666665,134.16667,6
1704,2011,7,6,2,2,2,3,2.7766666,5,14,0,5,12.166667,25
1704,2011,8,25,12.5,24,1,2,2.1,6,4,0,12,10.333333,99
1704,2011,9,99,6.6,37,1,15,2.145111,25,5,0,43.333332,25.5,180
1704,2011,10,180,9,41,1,20,2.6183333,99,6,0,101.333336,53.166668,254
1704,2011,11,254,12.095238,99,1,21,2.570889,180,25,0,177.66667,94.833336,99
1705,2011,1,98,6.125,13,1,16,6.11375,607,0,0,352.5,352.5,65
1705,2011,2,65,4.3333335,12,1,15,5.7165556,98,0,0,256.66666,256.66666,34
1705,2011,3,34,3.4,7,1,10,6.4915,65,607,0,65.666664,201,34
1705,2011,4,34,3.7777777,7,1,9,4.962222,34,98,0,44.333332,167.6,57
1705,2011,5,57,5.7,27,1,10,6.8718333,34,65,0,41.666668,149.16667,45
1705,2011,6,45,3.2142856,7,1,14,6.3532143,57,34,0,45.333332,55.5,35
1705,2011,7,35,3.5,8,1,10,5.827,45,34,0,45.666668,45,386
1705,2011,8,386,27.571428,320,2,14,5.0011907,35,57,0,155.33333,98.5,389
1705,2011,9,389,16.913044,45,3,23,5.3738146,386,45,0,270,157.66667,427
1705,2011,10,427,16.423077,35,4,26,5.5580096,389,35,0,400.66666,223.16667,1000
1705,2011,11,1000,38.46154,80,8,26,5.9186025,427,386,0,605.3333,380.33334,297
1708,2011,1,24,1.8461539,8,1,13,18.656923,34,0,0,29,29,41
1708,2011,2,41,2.9285715,17,1,14,18.426428,24,0,0,33,33,59
1708,2011,3,59,6.5555553,32,1,9,19.982222,41,34,0,41.333332,39.5,17
1708,2011,4,17,1.4166666,4,1,12,18.498333,59,24,0,39,35,54
1708,2011,5,54,4.1538463,36,1,13,15.874616,17,41,0,43.333332,38.166668,33
1708,2011,6,33,2.357143,7,1,14,16.228096,54,59,0,34.666668,38,27
1708,2011,7,27,3,12,1,9,16.12926,33,17,0,38,38.5,22
1708,2011,8,22,2.2,6,1,10,17.792,27,54,0,27.333334,35.333332,71
1708,2011,9,71,5.9166665,40,1,12,17.308332,22,33,0,40,37.333332,20
1708,2011,10,20,1.5384616,3,1,13,18.226923,71,27,0,37.666668,37.833332,40
1708,2011,11,40,2.3529413,9,1,17,20.18706,20,22,0,43.666668,35.5,5
1709,2011,1,202,15.538462,145,1,13,8.110513,59,0,0,130.5,130.5,73
1709,2011,2,73,6.0833335,14,1,12,7.7833333,202,0,0,111.333336,111.333336,93
1709,2011,3,93,5.8125,40,1,16,7.871875,73,59,0,122.666664,106.75,45
1709,2011,4,45,2.8125,13,1,16,8.16375,93,202,0,70.333336,94.4,34
1709,2011,5,34,2.6153846,6,1,13,8.251538,45,73,0,57.333332,84.333336,41
1709,2011,6,41,4.1,16,2,10,8.208667,34,93,0,40,81.333336,78
1709,2011,7,78,6.5,48,1,12,7.866667,41,45,0,51,60.666668,45
1709,2011,8,45,4.5,14,1,10,8.161333,78,34,0,54.666668,56,108
1709,2011,9,108,6.352941,42,1,17,7.7358823,45,41,0,77,58.5,50
1709,2011,10,50,3.125,12,1,16,7.95,108,78,0,67.666664,59.333332,76
1709,2011,11,76,3.8,15,1,20,8.4713335,50,45,0,78,66.333336,12
1710,2011,1,54,4.1538463,16,1,13,7.847436,17,0,0,35.5,35.5,76
1710,2011,2,76,5.428571,16,1,14,7.8071427,54,0,0,49,49,69
1710,2011,3,69,5.3076925,38,1,13,8.514615,76,17,0,66.333336,54,52
1710,2011,4,52,3.25,12,1,16,7.8875,69,54,0,65.666664,53.6,28
1710,2011,5,28,2.8,6,1,10,7.95,52,76,0,49.666668,49.333332,31
1710,2011,6,31,3.4444444,6,1,9,8.821111,28,69,0,37,51.666668,9
1710,2011,7,9,1.8,2,1,5,7.95,31,52,0,22.666666,44.166668,46
1710,2011,8,46,2.875,14,1,16,8.5825,9,28,0,28.666666,39.166668,75
1710,2011,9,75,5.357143,42,1,14,7.832857,46,31,0,43.333332,40.166668,29
1710,2011,10,29,2.9,12,1,10,9.418,75,9,0,50,36.333332,38
1710,2011,11,38,2.5333333,7,1,15,8.995334,29,46,0,47.333332,38,6
1711,2011,1,48,4.8,14,1,10,7.244,34,0,0,41,41,110
1711,2011,2,110,7.857143,38,1,14,7.5509524,48,0,0,64,64,99
1711,2011,3,99,9,52,1,11,7.2475758,110,34,0,85.666664,72.75,34
1711,2011,4,34,2.8333333,12,1,12,6.6833334,99,48,0,81,65,36
1711,2011,5,36,5.142857,24,1,7,6.635714,34,110,0,56.333332,60.166668,19
1711,2011,6,19,2.375,6,1,8,8.335,36,99,0,29.666666,57.666668,52
1711,2011,7,52,6.5,24,1,8,7.4175,19,34,0,35.666668,58.333332,14
1711,2011,8,14,2,3,1,7,7.217143,52,36,0,28.333334,42.333332,72
1711,2011,9,72,8,42,1,9,6.9355555,14,19,0,46,37.833332,28
1711,2011,10,28,3.1111112,8,1,9,7.113333,72,52,0,38,36.833332,42
1711,2011,11,42,3.2307692,12,1,13,6.6884613,28,14,0,47.333332,37.833332,1
1712,2011,1,22,2.75,6,1,8,6.65,12,0,0,17,17,109
1712,2011,2,109,9.083333,39,1,12,6.6055555,22,0,0,47.666668,47.666668,80
1712,2011,3,80,7.2727275,48,1,11,7.199091,109,12,0,70.333336,55.75,19
1712,2011,4,19,2.1111112,3,1,9,7.4766665,80,22,0,69.333336,48.4,38
1712,2011,5,38,4.75,24,1,8,6.65,19,109,0,45.666668,46.666668,19
1712,2011,6,19,2.7142856,8,1,7,7.6842856,38,80,0,25.333334,47.833332,36
1712,2011,7,36,6,24,1,6,7.7066665,19,19,0,31,50.166668,23
1712,2011,8,23,2.5555556,5,1,9,7.4766665,36,38,0,26,35.833332,55
1712,2011,9,55,6.875,42,1,8,8.53375,23,19,0,38,31.666666,19
1712,2011,10,19,3.8,12,1,5,7.898,55,36,0,32.333332,31.666666,18
1712,2011,11,18,1.6363636,3,1,11,7.9390907,19,23,0,30.666666,28.333334,1
1713,2011,1,73,3.8421052,16,1,19,9.439474,52,0,0,62.5,62.5,51
1713,2011,2,51,3.9230769,12,1,13,9.476923,73,0,0,58.666668,58.666668,120
1713,2011,3,120,6,19,1,20,10.154484,51,52,0,81.333336,74,56
1713,2011,4,56,3.5,9,1,16,10.413938,120,73,0,75.666664,70.4,103
1713,2011,5,103,5.15,34,1,20,10.4088335,56,51,0,93,75.833336,101
1713,2011,6,101,4.8095236,41,1,21,11.0341425,103,120,0,86.666664,84,108
1713,2011,7,108,6.352941,62,1,17,10.834294,101,56,0,104,89.833336,107
1713,2011,8,107,6.2941175,24,1,17,10.048823,108,103,0,105.333336,99.166664,59
1713,2011,9,59,3.1052632,10,1,19,10.389869,107,101,0,91.333336,89,53
1713,2011,10,53,3.3125,7,1,16,10.574843,59,108,0,73,88.5,98
1713,2011,11,98,4.6666665,15,1,21,11.458413,53,107,0,70,87.666664,25
1714,2011,1,56,3.7333333,16,1,15,7.011911,55,0,0,55.5,55.5,45
1714,2011,2,45,3.75,12,1,12,8.829166,56,0,0,52,52,88
1714,2011,3,88,4.4,13,1,20,7.2683334,45,55,0,63,61,32
1714,2011,4,32,2.6666667,6,1,12,7.283472,88,56,0,55,55.2,131
1714,2011,5,131,8.1875,62,1,16,7.163542,32,45,0,83.666664,67.833336,84
1714,2011,6,84,4.6666665,36,1,18,7.328935,131,88,0,82.333336,72.666664,59
1714,2011,7,59,4.9166665,42,1,12,7.8108335,84,32,0,91.333336,73.166664,67
1714,2011,8,67,4.1875,14,1,16,7.9934373,59,131,0,70,76.833336,28
1714,2011,9,28,2.1538463,3,1,13,7.525,67,84,0,51.333332,66.833336,69
1714,2011,10,69,4.3125,24,1,16,7.8911457,28,59,0,54.666668,73,64
1714,2011,11,64,3.368421,15,1,19,8.981974,69,67,0,53.666668,61.833332,25
1715,2011,1,63,4.5,12,1,14,18.335714,34,0,0,48.5,48.5,70
1715,2011,2,70,4.117647,9,1,17,16.861961,63,0,0,55.666668,55.666668,67
1715,2011,3,67,4.4666667,18,1,15,16.961334,70,34,0,66.666664,58.5,2
1715,2011,4,2,1,1,1,2,10.975,67,63,0,46.333332,47.2,82
1715,2011,5,82,6.8333335,38,1,12,16.464167,2,70,0,50.333332,53,37
1715,2011,6,37,2.8461537,6,1,13,16.565384,82,67,0,40.333332,53.5,31
1715,2011,7,31,3.4444444,8,1,9,18.524815,37,2,0,50,48.166668,56
1715,2011,8,56,4,9,1,14,17.95857,31,82,0,41.333332,45.833332,87
1715,2011,9,87,5.117647,41,1,17,17.20353,56,37,0,58,49.166668,42
1715,2011,10,42,3,10,1,14,19.02238,87,31,0,61.666668,55.833332,69
1715,2011,11,69,4.3125,12,1,16,18.780834,42,56,0,66,53.666668,25
1719,2011,1,140,8.75,30,1,16,0.9475,109,0,0,124.5,124.5,194
1719,2011,2,194,14.923077,50,1,13,0.965,140,0,0,147.66667,147.66667,554
1719,2011,3,554,23.083334,106,1,24,0.97006947,194,109,0,296,249.25,412
1719,2011,4,412,21.68421,108,1,19,1.0364474,554,140,0,386.66666,281.8,145
1719,2011,5,145,10.357142,36,1,14,0.87785715,412,194,0,370.33334,259,337
1719,2011,6,337,17.736841,109,1,19,0.960614,145,554,0,298,297,137
1719,2011,7,137,8.058824,28,1,17,0.9952941,337,412,0,206.33333,296.5,171
1719,2011,8,171,12.214286,36,2,14,0.9892857,137,145,0,215,292.66666,148
1719,2011,9,148,8.705882,36,1,17,0.98764706,171,337,0,152,225,167
1719,2011,10,167,12.846154,96,1,13,1.05,148,137,0,162,184.16667,215
1719,2011,11,215,10.238095,53,1,21,1.097619,167,171,0,176.66667,195.83333,20
1720,2011,1,32,3.5555556,16,1,9,4.5155554,14,0,0,23,23,33
1720,2011,2,33,3.6666667,8,1,9,4.698889,32,0,0,26.333334,26.333334,56
1720,2011,3,56,6.2222223,10,3,9,4.923333,33,14,0,40.333332,33.75,12
1720,2011,4,12,6,8,4,2,4.25,56,32,0,33.666668,29.4,30
1720,2011,5,30,2.7272727,6,1,11,4.617273,12,33,0,32.666668,29.5,42
1720,2011,6,42,6,16,1,7,4.502857,30,56,0,28,34.166668,28
1720,2011,7,28,3.1111112,5,1,9,4.4744444,42,12,0,33.333332,33.5,22
1720,2011,8,22,3.142857,5,1,7,4.25,28,30,0,30.666666,31.666666,34
1720,2011,9,34,3.4,12,1,10,4.654,22,42,0,28,28,34
1720,2011,10,34,3.4,5,1,10,4.25,34,28,0,30,31.666666,33
1720,2011,11,33,4.125,10,1,8,5.26,34,22,0,33.666668,32.166668,20
1721,2011,1,33,4.714286,16,1,7,3.2785714,13,0,0,23,23,47
1721,2011,2,47,5.875,13,2,8,3.3908334,33,0,0,31,31,51
1721,2011,3,51,5.6666665,10,1,9,3.25,47,13,0,43.666668,36,28
1721,2011,4,28,4.6666665,12,1,6,3.25,51,33,0,42,34.4,57
1721,2011,5,57,5.7,20,1,10,3.8133333,28,47,0,45.333332,38.166668,70
1721,2011,6,70,7.7777777,20,1,9,3.9733334,57,51,0,51.666668,47.666668,30
1721,2011,7,30,5,12,1,6,3.25,70,28,0,52.333332,47.166668,19
1721,2011,8,19,4.75,6,1,4,3.25,30,57,0,39.666668,42.5,28
1721,2011,9,28,3.5,12,1,8,3.6725,19,70,0,25.666666,38.666668,33
1721,2011,10,33,3.3,6,1,10,3.588,28,30,0,26.666666,39.5,44
1721,2011,11,44,5.5,19,1,8,3.355625,33,19,0,35,37.333332,19
1731,2011,1,46,5.75,16,1,8,3.305,95,0,0,70.5,70.5,125
1731,2011,2,125,13.888889,48,1,9,3.3344445,46,0,0,88.666664,88.666664,122
1731,2011,3,122,10.166667,48,1,12,3.035,125,95,0,97.666664,97,32
1731,2011,4,32,5.3333335,8,1,6,2.95,122,46,0,93,84,77
1731,2011,5,77,12.833333,48,1,6,2.8833334,32,125,0,77,82.833336,113
1731,2011,6,113,8.692307,48,1,13,3.793077,77,122,0,74,85.833336,16
1731,2011,7,16,4,12,1,4,2.95,113,32,0,68.666664,80.833336,13
1731,2011,8,13,2.6,4,1,5,3.518,16,77,0,47.333332,62.166668,28
1731,2011,9,28,4.6666665,8,1,6,2.95,13,113,0,19,46.5,2
1731,2011,10,2,2,2,2,1,2.95,28,16,0,14.333333,41.5,43
1731,2011,11,43,4.3,20,1,10,3.518,2,13,0,24.333334,35.833332,9
1748,2011,1,31,7.75,28,1,4,2.89625,24,0,0,27.5,27.5,10
1748,2011,2,10,5,8,2,2,1.95,31,0,0,21.666666,21.666666,1
1748,2011,3,1,1,1,1,1,4.13,10,24,0,14,16.5,1
1748,2011,4,1,1,1,1,1,4.13,1,31,0,4,13.4,4
1748,2011,5,4,2,3,1,2,3.585,1,10,0,2,11.833333,6
1748,2011,6,6,2,2,2,3,2.6766667,4,1,0,3.6666667,8.833333,4
1748,2011,7,4,1.3333334,2,1,3,4.13,6,1,0,4.6666665,4.3333335,8
1748,2011,8,8,2,4,1,4,3.04,4,4,0,6,4,8
1748,2011,9,8,1.3333334,2,1,6,3.7666667,8,6,0,6.6666665,5.1666665,2
1748,2011,10,2,1,1,1,2,4.13,8,4,0,6,5.3333335,2
1748,2011,11,2,2,2,2,1,1.95,2,8,0,4,5,1
1749,2011,1,32,8,28,1,4,2.33125,26,0,0,29,29,6
1749,2011,2,6,1.5,2,1,4,3.585,32,0,0,21.333334,21.333334,6
1749,2011,3,6,2,4,1,3,3.4033334,6,26,0,14.666667,17.5,2
1749,2011,4,2,1,1,1,2,3.04,6,32,0,4.6666665,14.4,6
1749,2011,5,6,3,3,3,2,3.585,2,6,0,4.6666665,13,7
1749,2011,6,7,1.4,2,1,5,3.258,6,6,0,5,9.833333,2
1749,2011,7,2,1,1,1,2,4.13,7,2,0,5,4.8333335,12
1749,2011,8,12,2.4,4,1,5,2.822,2,6,0,7,5.8333335,3
1749,2011,9,3,1.5,2,1,2,3.04,12,7,0,5.6666665,5.3333335,1
1749,2011,10,1,1,1,1,1,4.13,3,2,0,5.3333335,5.1666665,3
1749,2011,11,3,1.5,2,1,2,1.95,1,12,0,2.3333333,4.6666665,2
1750,2011,1,29,14.5,28,1,2,2.7125,25,0,0,27,27,13
1750,2011,2,13,2.6,8,1,5,3.258,29,0,0,22.333334,22.333334,11
1750,2011,3,11,2.75,8,1,4,3.585,13,25,0,17.666666,19.5,1
1750,2011,4,1,1,1,1,1,1.95,11,29,0,8.333333,15.8,2
1750,2011,5,2,1,1,1,2,4.13,1,13,0,4.6666665,13.5,2
1750,2011,6,2,2,2,2,1,1.95,2,11,0,1.6666666,9.666667,3
1750,2011,7,3,1,1,1,3,4.13,2,1,0,2.3333333,5.3333335,5
1750,2011,8,5,1.6666666,2,1,3,3.4033334,3,2,0,3.3333333,4,3
1750,2011,9,3,1.5,2,1,2,3.04,5,2,0,3.6666667,2.6666667,2
1750,2011,10,2,1,1,1,2,3.04,3,3,0,3.3333333,2.8333333,2
1750,2011,11,2,1,1,1,2,4.13,2,5,0,2.3333333,2.8333333,2
1757,2011,1,32,3.2,8,1,10,11.340667,68,0,0,50,50,22
1757,2011,2,22,3.6666667,12,1,6,11.376667,32,0,0,40.666668,40.666668,73
1757,2011,3,73,4.866667,24,1,15,9.821111,22,68,0,42.333332,48.75,19
1757,2011,4,19,2.1111112,4,1,9,11.0622225,73,32,0,38,42.8,22
1757,2011,5,22,2.75,4,1,8,9.95,19,22,0,38,39.333332,14
1757,2011,6,14,1.75,3,1,8,9.95,22,73,0,18.333334,30.333334,18
1757,2011,7,18,1.3846154,5,1,13,10.72,14,19,0,18,28,9
1757,2011,8,9,1.2857143,2,1,7,12.81,18,22,0,13.666667,25.833334,13
1757,2011,9,13,1.8571428,3,1,7,9.95,9,14,0,13.333333,15.833333,35
1757,2011,10,35,3.8888888,13,1,9,11.259722,13,18,0,19,18.5,60
1757,2011,11,60,4.6153846,13,1,13,10.993462,35,9,0,36,24.833334,6
1758,2011,1,34,3.7777777,8,1,9,5.2974076,102,0,0,68,68,23
1758,2011,2,23,2.5555556,7,1,9,5.596667,34,0,0,53,53,37
1758,2011,3,37,2.8461537,9,1,13,6.0110254,23,102,0,31.333334,49,23
1758,2011,4,23,5.75,19,1,4,4.25,37,34,0,27.666666,43.8,29
1758,2011,5,29,3.625,6,2,8,4.25,23,23,0,29.666666,41.333332,21
1758,2011,6,21,3,6,1,7,5.3871427,29,37,0,24.333334,27.833334,10
1758,2011,7,10,1.25,3,1,8,4.175,21,23,0,20,23.833334,20
1758,2011,8,20,2.857143,6,1,7,5.115714,10,29,0,17,23.333334,42
1758,2011,9,42,5.25,25,1,8,6.23875,20,21,0,24,24.166666,19
1758,2011,10,19,2.7142856,7,1,7,6.27,42,10,0,27,23.5,50
1758,2011,11,50,3.8461537,10,1,13,6.632564,19,20,0,37,27,14
1760,2011,1,156,19.5,62,2,8,0.6172917,95,0,0,125.5,125.5,275
1760,2011,2,275,22.916666,50,8,12,0.625,156,0,0,175.33333,175.33333,120
1760,2011,3,120,17.142857,48,1,7,0.625,275,95,0,183.66667,161.5,429
1760,2011,4,429,71.5,288,2,6,0.6213889,120,156,0,274.66666,215,79
1760,2011,5,79,8.777778,26,1,9,0.5566667,429,275,0,209.33333,192.33333,22
1760,2011,6,22,4.4,11,1,5,0.748,79,120,0,176.66667,180.16667,100
1760,2011,7,100,11.111111,39,1,9,0.6933333,22,429,0,67,170.83333,162
1760,2011,8,162,16.2,100,1,10,0.666,100,79,0,94.666664,152,267
1760,2011,9,267,24.272728,120,2,11,0.5690909,162,22,0,176.33333,176.5,78
1760,2011,10,78,8.666667,15,1,9,0.6022222,267,100,0,169,118,62
1760,2011,11,62,6.888889,14,1,9,0.83,78,162,0,135.66667,115.166664,27
1761,2011,1,28,2.8,8,1,10,8.5,10,0,0,19,19,40
1761,2011,2,40,3.3333333,12,1,12,9.293333,28,0,0,26,26,30
1761,2011,3,30,3,4,1,10,10.311334,40,10,0,32.666668,27,38
1761,2011,4,38,3.1666667,8,1,12,10.401667,30,28,0,36,29.2,39
1761,2011,5,39,4.3333335,11,1,9,9.95,38,40,0,35.666668,30.833334,39
1761,2011,6,39,4.3333335,10,2,9,10.352222,39,30,0,38.666668,35.666668,16
1761,2011,7,16,2.2857144,4,1,7,11.498571,39,38,0,31.333334,33.666668,24
1761,2011,8,24,6,10,2,4,9.95,16,39,0,26.333334,31,10
1761,2011,9,10,2.5,3,2,4,11.305,24,39,0,16.666666,27.666666,18
1761,2011,10,18,2.5714285,6,1,7,11.498571,10,16,0,17.333334,24.333334,11
1761,2011,11,11,3.6666667,8,1,3,9.95,18,24,0,13,19.666666,2
1762,2011,1,219,18.25,72,1,12,3.4333334,106,0,0,162.5,162.5,205
1762,2011,2,205,14.642858,100,1,14,3.4285715,219,0,0,176.66667,176.66667,337
1762,2011,3,337,18.722221,123,2,18,3.142963,205,106,0,253.66667,216.75,57
1762,2011,4,57,4.75,12,1,12,3.8133333,337,219,0,199.66667,184.8,278
1762,2011,5,278,23.166666,106,1,12,3.3158333,57,205,0,224,200.33333,99
1762,2011,6,99,7.071429,24,1,14,3.3707142,278,337,0,144.66667,199.16667,78
1762,2011,7,78,7.090909,18,1,11,3.5572727,99,57,0,151.66667,175.66667,159
1762,2011,8,159,12.230769,106,1,13,3.4907691,78,278,0,112,168,225
1762,2011,9,225,14.0625,100,1,16,3.4828124,159,99,0,154,149.33333,110
1762,2011,10,110,6.111111,18,1,18,3.7194445,225,78,0,164.66667,158.16667,164
1762,2011,11,164,7.130435,18,1,23,3.7153623,110,159,0,166.33333,139.16667,26
1763,2011,1,214,15.285714,101,1,14,2.677381,92,0,0,153,153,199
1763,2011,2,199,12.4375,80,1,16,3.5909376,214,0,0,168.33333,168.33333,92
1763,2011,3,92,6.133333,18,1,15,3.3586667,199,92,0,168.33333,149.25,219
1763,2011,4,219,11.526316,56,1,19,3.1984649,92,214,0,170,163.2,235
1763,2011,5,235,12.368421,51,1,19,2.656579,219,199,0,182,175.16667,108
1763,2011,6,108,8.307693,50,1,13,2.918077,235,92,0,187.33333,177.83333,64
1763,2011,7,64,4.923077,12,1,13,3.0773077,108,219,0,135.66667,152.83333,82
1763,2011,8,82,5.4666667,18,1,15,2.766,64,235,0,84.666664,133.33333,94
1763,2011,9,94,5.2222223,53,1,18,3.1672223,82,108,0,80,133.66667,67
1763,2011,10,67,3.9411764,12,1,17,3.4517648,94,64,0,81,108.333336,106
1763,2011,11,106,6.625,50,1,16,3.6470833,67,82,0,89,86.833336,20
1764,2011,1,175,17.5,50,1,10,1.5325,67,0,0,121,121,133
1764,2011,2,133,14.777778,60,2,9,1.5205555,175,0,0,125,125,54
1764,2011,3,54,4.909091,12,1,11,2.000303,133,67,0,120.666664,107.25,87
1764,2011,4,87,7.909091,16,1,11,1.7009091,54,175,0,91.333336,103.2,108
1764,2011,5,108,12,22,2,9,1.45,87,133,0,83,104,134
1764,2011,6,134,14.888889,50,1,9,1.4166666,108,54,0,109.666664,115.166664,82
1764,2011,7,82,6.3076925,20,1,13,1.6623077,134,87,0,108,99.666664,59
1764,2011,8,59,6.5555553,20,1,9,1.6544445,82,108,0,91.666664,87.333336,83
1764,2011,9,83,9.222222,30,1,9,2.2677777,59,134,0,74.666664,92.166664,169
1764,2011,10,169,8.047619,67,1,21,1.9223809,83,82,0,103.666664,105.833336,187
1764,2011,11,187,10.388889,31,1,18,1.9095926,169,59,0,146.33333,119,14
1765,2011,1,225,16.071428,110,1,14,2.1567857,102,0,0,163.5,163.5,216
1765,2011,2,216,14.4,128,1,15,2.535,225,0,0,181,181,152
1765,2011,3,152,9.5,34,2,16,2.5965624,216,102,0,197.66667,173.75,115
1765,2011,4,115,7.6666665,25,1,15,2.4516666,152,225,0,161,162,151
1765,2011,5,151,8.388889,29,1,18,2.2008333,115,216,0,139.33333,160.16667,227
1765,2011,6,227,13.3529415,75,1,17,2.1861765,151,152,0,164.33333,181,102
1765,2011,7,102,6,16,1,17,2.3041177,227,115,0,160,160.5,288
1765,2011,8,288,15.157895,51,1,19,2.3578947,102,151,0,205.66667,172.5,185
1765,2011,9,185,12.333333,50,1,15,2.6686666,288,227,0,191.66667,178,160
1765,2011,10,160,8.421053,22,1,19,2.7196229,185,102,0,211,185.5,422
1765,2011,11,422,17.583334,102,2,24,2.8169723,160,288,0,255.66667,230.66667,81
1766,2011,1,152,15.2,50,3,10,2.05,86,0,0,119,119,157
1766,2011,2,157,15.7,50,3,10,2.1426666,152,0,0,131.66667,131.66667,136
1766,2011,3,136,8.5,59,1,16,2.3715625,157,86,0,148.33333,132.75,162
1766,2011,4,162,10.8,62,1,15,2.0916667,136,152,0,151.66667,138.6,194
1766,2011,5,194,12.125,56,1,16,2.3407292,162,157,0,164,147.83333,78
1766,2011,6,78,6,24,1,13,2.464359,194,136,0,144.66667,146.5,118
1766,2011,7,118,8.428572,56,1,14,2.3085713,78,162,0,130,140.83333,176
1766,2011,8,176,10.3529415,50,1,17,2.4288235,118,194,0,124,144,242
1766,2011,9,242,16.133333,106,1,15,2.2946668,176,78,0,178.66667,161.66667,132
1766,2011,10,132,6,15,1,22,2.4075758,242,118,0,183.33333,156.66667,335
1766,2011,11,335,14.565217,115,1,23,2.4758768,132,176,0,236.33333,180.16667,102
1767,2011,1,430,23.88889,204,1,18,3.6598148,310,0,0,370,370,229
1767,2011,2,229,12.722222,100,1,18,3.6095185,430,0,0,323,323,1111
1767,2011,3,1111,58.473682,603,1,19,3.128965,229,310,0,590,520,332
1767,2011,4,332,20.75,114,3,16,3.4746876,1111,430,0,557.3333,482.4,317
1767,2011,5,317,16.68421,104,1,19,3.5639474,332,229,0,586.6667,454.83334,239
1767,2011,6,239,12.578947,100,1,19,4.1649475,317,1111,0,296,443,500
1767,2011,7,500,27.777779,216,1,18,3.5372221,239,332,0,352,454.66666,245
1767,2011,8,245,15.3125,103,1,16,3.57875,500,317,0,328,457.33334,407
1767,2011,9,407,21.421053,206,1,19,3.8207896,245,239,0,384,340,251
1767,2011,10,251,12.55,100,1,20,3.64,407,500,0,301,326.5,409
1767,2011,11,409,16.36,102,1,25,4.0401134,251,245,0,355.66666,341.83334,139
1768,2011,1,144,18,62,1,8,2.56625,90,0,0,117,117,114
1768,2011,2,114,14.25,50,1,8,2.429375,144,0,0,116,116,39
1768,2011,3,39,7.8,13,1,5,2.912,114,90,0,99,96.75,195
1768,2011,4,195,27.857143,132,1,7,2.0707142,39,144,0,116,116.4,81
1768,2011,5,81,13.5,50,1,6,2.7083333,195,114,0,105,110.5,144
1768,2011,6,144,16,52,1,9,3.0466666,81,39,0,140,119.5,75
1768,2011,7,75,7.5,28,1,10,2.79,144,195,0,100,108,24
1768,2011,8,24,6,12,4,4,2.86125,75,81,0,81,93,168
1768,2011,9,168,16.8,50,2,10,2.3225,24,144,0,89,114.5,89
1768,2011,10,89,9.888889,24,1,9,2.4383333,168,75,0,93.666664,96.833336,116
1768,2011,11,116,9.666667,75,1,12,3.2491388,89,24,0,124.333336,102.666664,17
1771,2011,1,55,13.75,36,1,4,2.95,29,0,0,42,42,11
1771,2011,2,11,5.5,6,5,2,2.95,55,0,0,31.666666,31.666666,13
1771,2011,3,13,3.25,4,3,4,2.95,11,29,0,26.333334,27,14
1771,2011,4,14,3.5,6,1,4,3.66,13,55,0,12.666667,24.4,14
1771,2011,5,14,4.6666665,6,2,3,2.95,14,11,0,13.666667,22.666666,12
1771,2011,6,12,4,6,1,3,3.8966668,14,13,0,13.333333,19.833334,29
1771,2011,7,29,9.666667,20,2,3,2.8833334,12,14,0,18.333334,15.5,22
1771,2011,8,22,4.4,12,1,5,2.754,29,14,0,21,17.333334,16
1771,2011,9,16,2.2857144,4,1,7,2.775,22,12,0,22.333334,17.833334,118
1771,2011,10,118,8.428572,80,1,14,2.6064286,16,29,0,52,35.166668,152
1771,2011,11,152,7.6,63,1,20,2.6151667,118,22,0,95.333336,58.166668,97
1772,2011,1,88,7.3333335,25,1,12,2.5776389,212,0,0,150,150,121
1772,2011,2,121,13.444445,60,1,9,1.9922222,88,0,0,140.33333,140.33333,60
1772,2011,3,60,10,24,1,6,1.65,121,212,0,89.666664,120.25,86
1772,2011,4,86,9.555555,14,1,9,1.7411112,60,88,0,89,113.4,232
1772,2011,5,232,15.466666,84,1,15,1.9006667,86,121,0,126,133.16667,98
1772,2011,6,98,5.7647057,24,1,17,2.151647,232,60,0,138.66667,114.166664,94
1772,2011,7,94,6.266667,14,1,15,2.1784444,98,86,0,141.33333,115.166664,126
1772,2011,8,126,10.5,16,1,12,1.9916667,94,232,0,106,116,110
1772,2011,9,110,13.75,63,1,8,2.191,126,98,0,110,124.333336,139
1772,2011,10,139,7.7222223,26,1,18,1.9233333,110,94,0,125,133.16667,236
1772,2011,11,236,13.111111,60,1,18,1.9618518,139,126,0,161.66667,133.83333,138
1773,2011,1,558,25.363636,193,1,22,0.98227274,115,0,0,336.5,336.5,502
1773,2011,2,502,22.818182,117,2,22,1.003341,558,0,0,391.66666,391.66666,861
1773,2011,3,861,33.115383,114,4,26,0.9145577,502,115,0,640.3333,509,447
1773,2011,4,447,23.526316,65,2,19,0.96289474,861,558,0,603.3333,496.6,574
1773,2011,5,574,24.956522,123,2,23,0.98753625,447,502,0,627.3333,509.5,633
1773,2011,6,633,27.52174,233,1,23,0.96276087,574,861,0,551.3333,595.8333,716
1773,2011,7,716,29.833334,121,1,24,0.9846944,633,447,0,641,622.1667,597
1773,2011,8,597,27.136364,136,2,22,0.89697725,716,574,0,648.6667,638,612
1773,2011,9,612,25.5,115,1,24,1.0083473,597,633,0,641.6667,596.5,503
1773,2011,10,503,21.869566,108,2,23,0.9771739,612,716,0,570.6667,605.8333,289
1773,2011,11,289,14.45,50,1,20,1.084,503,597,0,468,558.3333,180
1774,2011,1,780,55.714287,492,2,14,1.0478572,114,0,0,447,447,419
1774,2011,2,419,26.1875,193,1,16,0.92583334,780,0,0,437.66666,437.66666,503
1774,2011,3,503,26.473684,138,2,19,0.9380702,419,114,0,567.3333,454,294
1774,2011,4,294,19.6,96,1,15,0.85433334,503,780,0,405.33334,422,492
1774,2011,5,492,22.363636,96,1,22,0.9959546,294,419,0,429.66666,433.66666,508
1774,2011,6,508,24.190475,120,1,21,0.91066664,492,503,0,431.33334,499.33334,206
1774,2011,7,206,10.3,40,1,20,0.95725,508,294,0,402,403.66666,281
1774,2011,8,281,15.611111,108,1,18,0.9547222,206,492,0,331.66666,380.66666,294
1774,2011,9,294,15.473684,96,1,19,0.92526317,281,508,0,260.33334,345.83334,204
1774,2011,10,204,11.333333,29,1,18,0.99444443,294,206,0,259.66666,330.83334,148
1774,2011,11,148,8.705882,27,1,17,1.0794117,204,281,0,215.33333,273.5,142
1776,2011,1,21,3,13,1,7,5.8871427,1531,0,0,776,776,12
1776,2011,2,12,12,12,12,1,2.95,21,0,0,521.3333,521.3333,40
1776,2011,3,40,40,40,40,1,2.55,12,1531,0,24.333334,401,40
1776,2011,4,40,40,40,40,1,2.55,40,21,0,30.666666,328.8,9
1776,2011,5,9,2.25,6,1,4,5.5,40,12,0,29.666666,275.5,7
1776,2011,6,7,2.3333333,5,1,3,4.1766667,9,40,0,18.666666,21.5,455
1776,2011,7,455,37.916668,206,1,12,3.0033333,7,40,0,157,93.833336,467
1776,2011,8,467,29.1875,200,1,16,3.18125,455,9,0,309.66666,169.66667,1614
1776,2011,9,1614,62.076923,335,1,26,3.3115127,467,7,0,845.3333,432,1719
1776,2011,10,1719,66.11539,307,2,26,3.2309833,1614,455,0,1266.6666,711.8333,3827
1776,2011,11,3827,147.1923,417,22,26,3.3951519,1719,467,0,2386.6667,1348.1666,862
1779,2011,1,22,2.2,3,1,10,4.95,25,0,0,23.5,23.5,43
1779,2011,2,43,3.3076923,15,1,13,5.8484616,22,0,0,30,30,22
1779,2011,3,22,3.142857,8,1,7,6.082857,43,25,0,29,28,18
1779,2011,4,18,3,6,1,6,4.95,22,22,0,27.666666,26,138
1779,2011,5,138,13.8,108,1,10,6.004,18,43,0,59.333332,44.666668,12
1779,2011,6,12,1.7142857,3,1,7,4.95,138,22,0,56,42.5,18
1779,2011,7,18,3,9,1,6,5.4366665,12,18,0,56,41.833332,22
1779,2011,8,22,3.6666667,7,1,6,4.95,18,138,0,17.333334,38.333332,9
1779,2011,9,9,2.25,3,1,4,4.95,22,12,0,16.333334,36.166668,10
1779,2011,10,10,1.6666666,3,1,6,5.923333,9,18,0,13.666667,34.833332,8
1779,2011,11,8,1.1428572,2,1,7,4.95,10,22,0,9,13.166667,5
1780,2011,1,22,2,3,1,11,5.501818,52,0,0,37,37,60
1780,2011,2,60,4,13,1,15,5.3393335,22,0,0,44.666668,44.666668,39
1780,2011,3,39,2.7857144,7,1,14,5.3671427,60,52,0,40.333332,43.25,27
1780,2011,4,27,3.857143,6,3,7,4.95,39,22,0,42,40,136
1780,2011,5,136,17,108,1,8,5.5375,27,60,0,67.333336,56,29
1780,2011,6,29,2.6363637,12,1,11,5.480909,136,39,0,64,52.166668,27
1780,2011,7,27,3.375,12,1,8,4.95,29,27,0,64,53,29
1780,2011,8,29,2.6363637,4,1,11,5.2154546,27,136,0,28.333334,47.833332,12
1780,2011,9,12,2.4,4,1,5,5.534,29,29,0,22.666666,43.333332,16
1780,2011,10,16,1.7777778,4,1,9,5.923333,12,27,0,19,41.5,11
1780,2011,11,11,1.375,3,1,8,5.68,16,29,0,13,20.666666,8
1781,2011,1,186,14.307693,36,1,13,1.705641,460,0,0,323,323,156
1781,2011,2,156,14.181818,30,1,11,1.7957575,186,0,0,267.33334,267.33334,404
1781,2011,3,404,28.857143,240,1,14,1.8792857,156,460,0,248.66667,301.5,154
1781,2011,4,154,22,120,1,7,1.3842857,404,186,0,238,272,170
1781,2011,5,170,15.454545,30,1,11,1.0390909,154,156,0,242.66667,255,43
1781,2011,6,43,10.75,12,7,4,0.9875,170,404,0,122.333336,185.5,176
1781,2011,7,176,25.142857,72,8,7,0.42,43,154,0,129.66667,183.83333,327
1781,2011,8,327,32.7,132,3,10,0.458,176,170,0,182,212.33333,91
1781,2011,9,91,10.111111,24,1,9,0.5566667,327,43,0,198,160.16667,196
1781,2011,10,196,28,54,12,7,0.47857141,91,176,0,204.66667,167.16667,285
1781,2011,11,285,20.357143,54,6,14,0.6152381,196,327,0,190.66667,186.33333,504
1782,2011,1,111,12.333333,24,4,9,0.65,61,0,0,86,86,151
1782,2011,2,151,9.4375,25,1,16,0.803125,111,0,0,107.666664,107.666664,264
1782,2011,3,264,15.529411,48,1,17,0.7027451,151,61,0,175.33333,146.75,193
1782,2011,4,193,10.722222,36,1,18,0.7498148,264,111,0,202.66667,156,346
1782,2011,5,346,18.210526,132,1,19,0.9439474,193,151,0,267.66666,187.66667,181
1782,2011,6,181,9.526316,26,1,19,0.83482456,346,264,0,240,207.66667,267
1782,2011,7,267,33.375,200,3,8,0.71125,181,193,0,264.66666,233.66667,72
1782,2011,8,72,14.4,48,1,5,0.748,267,346,0,173.33333,220.5,33
1782,2011,9,33,4.714286,12,1,7,0.93,72,181,0,124,182,93
1782,2011,10,93,13.285714,66,1,7,0.79,33,267,0,66,165.33333,76
1782,2011,11,76,6.3333335,24,1,12,1.0583333,93,72,0,67.333336,120.333336,60
1783,2011,1,123,13.666667,36,4,9,0.65,59,0,0,91,91,172
1783,2011,2,172,10.75,36,1,16,0.803125,123,0,0,118,118,244
1783,2011,3,244,16.266666,43,1,15,0.7097778,172,59,0,179.66667,149.5,211
1783,2011,4,211,11.722222,48,1,18,0.7498148,244,123,0,209,161.8,347
1783,2011,5,347,18.263159,132,1,19,0.89666665,211,172,0,267.33334,192.66667,190
1783,2011,6,190,11.176471,26,2,17,0.74127454,347,244,0,249.33333,214.5,267
1783,2011,7,267,29.666666,200,1,9,0.70444447,190,211,0,268,238.5,61
1783,2011,8,61,12.2,36,2,5,0.748,267,347,0,172.66667,220,33
1783,2011,9,33,4.714286,12,1,7,0.93,61,190,0,120.333336,184.83333,91
1783,2011,10,91,13,66,1,7,0.79,33,267,0,61.666668,164.83333,91
1783,2011,11,91,7,28,1,13,1.14,91,61,0,71.666664,122.166664,55
1784,2011,1,106,13.25,36,4,8,0.65,64,0,0,85,85,150
1784,2011,2,150,10.714286,24,1,14,0.755,106,0,0,106.666664,106.666664,241
1784,2011,3,241,15.0625,40,1,16,0.6975,150,64,0,165.66667,140.25,201
1784,2011,4,201,11.166667,48,1,18,0.7498148,241,106,0,197.33333,152.4,324
1784,2011,5,324,18,132,1,18,0.9602778,201,150,0,255.33333,181,192
1784,2011,6,192,10.666667,26,1,18,0.7815741,324,241,0,239,202.33333,268
1784,2011,7,268,26.8,200,1,10,0.787,192,201,0,261.33334,229.33333,61
1784,2011,8,61,12.2,36,2,5,0.748,268,324,0,173.66667,214.5,32
1784,2011,9,32,4.571429,12,1,7,0.93,61,192,0,120.333336,179.66667,85
1784,2011,10,85,14.166667,66,1,6,0.81333333,32,268,0,59.333332,160.33333,90
1784,2011,11,90,7.5,28,1,12,1.0175,85,61,0,69,121.333336,60
1785,2011,1,117,13,36,4,9,0.65,49,0,0,83,83,174
1785,2011,2,174,12.428572,36,1,14,0.74333334,117,0,0,113.333336,113.333336,257
1785,2011,3,257,15.117647,48,1,17,0.7235294,174,49,0,182.66667,149.25,217
1785,2011,4,217,12.055555,48,1,18,0.7225926,257,117,0,216,162.8,367
1785,2011,5,367,18.35,132,1,20,0.90066665,217,174,0,280.33334,196.83333,193
1785,2011,6,193,10.722222,36,1,18,0.7815741,367,257,0,259,220.83333,77
1785,2011,7,77,8.555555,13,1,9,0.70444447,193,217,0,212.33333,214.16667,73
1785,2011,8,73,14.6,48,2,5,0.748,77,367,0,114.333336,197.33333,27
1785,2011,9,27,5.4,12,1,5,0.846,73,193,0,59,159,85
1785,2011,10,85,14.166667,66,1,6,0.81333333,27,77,0,61.666668,137,73
1785,2011,11,73,8.111111,28,1,9,0.9222222,85,73,0,61.666668,88,48
1786,2011,1,111,13.875,36,4,8,0.65,64,0,0,87.5,87.5,184
1786,2011,2,184,12.266666,36,1,15,0.748,111,0,0,119.666664,119.666664,206
1786,2011,3,206,14.714286,39,1,14,0.7140476,184,64,0,167,141.25,207
1786,2011,4,207,11.5,48,1,18,0.6953704,206,111,0,199,154.4,360
1786,2011,5,360,18.947369,132,1,19,0.8794737,207,184,0,257.66666,188.66667,1728
1786,2011,6,1728,90.947365,1515,1,19,0.82096493,360,206,0,765,466,269
1786,2011,7,269,26.9,200,1,10,0.895,1728,207,0,785.6667,492.33334,61
1786,2011,8,61,12.2,36,2,5,0.748,269,360,0,686,471.83334,15
1786,2011,9,15,3,7,1,5,1.042,61,1728,0,115,440,83
1786,2011,10,83,16.6,66,1,5,0.65,15,269,0,53,419.33334,82
1786,2011,11,82,6.8333335,24,1,12,1.0583333,83,61,0,60,373,57
1787,2011,1,78,13,24,6,6,0.65,48,0,0,63,63,135
1787,2011,2,135,11.25,30,1,12,0.65,78,0,0,87,87,234
1787,2011,3,234,14.625,37,1,16,0.7060417,135,48,0,149,123.75,168
1787,2011,4,168,10.5,36,1,16,0.79291666,234,78,0,179,132.6,335
1787,2011,5,335,18.61111,132,1,18,0.9239815,168,135,0,245.66667,166.33333,154
1787,2011,6,154,10.266666,26,1,15,0.7643333,335,234,0,219,184,267
1787,2011,7,267,26.7,200,1,10,0.846,154,168,0,252,215.5,35
1787,2011,8,35,8.75,13,4,4,0.7725,267,335,0,152,198.83333,67
1787,2011,9,67,11.166667,41,1,6,0.81333333,35,154,0,123,171,80
1787,2011,10,80,16,63,1,5,0.846,67,267,0,60.666668,156.33333,73
1787,2011,11,73,9.125,28,1,8,0.895,80,35,0,73.333336,112.666664,47
1788,2011,1,109,13.625,36,1,8,2.0925,153,0,0,131,131,37
1788,2011,2,37,9.25,12,1,4,3.335,109,0,0,99.666664,99.666664,237
1788,2011,3,237,26.333334,138,1,9,3.427037,37,153,0,127.666664,134,54
1788,2011,4,54,13.5,24,6,4,0.85,237,109,0,109.333336,118,200
1788,2011,5,200,28.571428,120,1,7,2.2514286,54,37,0,163.66667,131.66667,96
1788,2011,6,96,24,60,12,4,0.85,200,237,0,116.666664,122.166664,108
1788,2011,7,108,18,36,12,6,0.85,96,54,0,134.66667,122,98
1788,2011,8,98,19.6,36,12,5,0.85,108,200,0,100.666664,132.16667,132
1788,2011,9,132,18.857143,24,12,7,0.85,98,96,0,112.666664,114.666664,125
1788,2011,10,125,25,48,6,5,0.85,132,108,0,118.333336,126.5,88
1788,2011,11,88,11,24,4,8,1.146875,125,98,0,115,107.833336,150
1789,2011,1,48,12,24,6,4,0.85,175,0,0,111.5,111.5,36
1789,2011,2,36,12,12,12,3,0.85,48,0,0,86.333336,86.333336,162
1789,2011,3,162,23.142857,78,6,7,0.85,36,175,0,82,105.25,30
1789,2011,4,30,10,12,6,3,0.85,162,48,0,76,90.2,168
1789,2011,5,168,28,120,6,6,0.8283333,30,36,0,120,103.166664,30
1789,2011,6,30,10,12,6,3,1.1666666,168,162,0,76,79,228
1789,2011,7,228,32.57143,120,12,7,0.8314286,30,30,0,142,109,78
1789,2011,8,78,13,24,6,6,1.0083333,228,168,0,112,116,60
1789,2011,9,60,15,24,12,4,0.85,78,30,0,122,99,102
1789,2011,10,102,20.4,42,6,5,0.85,60,228,0,80,111,87
1789,2011,11,87,12.428572,36,1,7,0.85,102,78,0,83,97.5,168
1790,2011,1,25,6.25,12,1,4,3.3925,88,0,0,56.5,56.5,42
1790,2011,2,42,10.5,12,6,4,0.85,25,0,0,51.666668,51.666668,228
1790,2011,3,228,32.57143,138,6,7,0.85,42,88,0,98.333336,95.75,24
1790,2011,4,24,12,12,12,2,0.85,228,25,0,98,81.4,210
1790,2011,5,210,26.25,120,6,8,0.83375,24,42,0,154,102.833336,36
1790,2011,6,36,12,12,12,3,0.85,210,228,0,90,94.166664,78
1790,2011,7,78,15.6,30,6,5,1.04,36,24,0,108,103,66
1790,2011,8,66,13.2,24,6,5,1.04,78,210,0,60,107,132
1790,2011,9,132,18.857143,24,12,7,0.85,66,36,0,92,91,120
1790,2011,10,120,13.333333,36,6,9,0.85,132,78,0,106,107,90
1790,2011,11,90,10,12,6,9,0.9027778,120,66,0,114,87,174
1794,2011,1,21,5.25,16,1,4,6.66,6,0,0,13.5,13.5,6
1794,2011,2,6,2,2,2,3,5.95,21,0,0,11,11,14
1794,2011,3,14,2.3333333,4,2,6,7.035,6,6,0,13.666667,11.75,6
1794,2011,4,6,2,4,1,3,8.12,14,21,0,8.666667,10.6,78
1794,2011,5,78,6.5,36,1,12,6.951667,6,6,0,32.666668,21.833334,11
1794,2011,6,11,2.2,4,1,5,5.95,78,14,0,31.666666,22.666666,15
1794,2011,7,15,3,5,2,5,5.95,11,6,0,34.666668,21.666666,14
1794,2011,8,14,2,4,1,7,7.81,15,78,0,13.333333,23,10
1794,2011,9,10,1.6666666,2,1,6,7.035,14,11,0,13,22.333334,40
1794,2011,10,40,3.0769231,10,1,13,6.9515386,10,15,0,21.333334,28,53
1794,2011,11,53,3.1176472,7,1,17,9.475294,40,14,0,34.333332,23.833334,14
1796,2011,1,187,8.904762,30,1,21,2.7857301,156,0,0,171.5,171.5,109
1796,2011,2,109,7.266667,25,1,15,3.4186666,187,0,0,150.66667,150.66667,268
1796,2011,3,268,19.142857,192,1,14,3.105,109,156,0,188,180,22
1796,2011,4,22,2.75,7,1,8,3.2529166,268,187,0,133,148.4,23
1796,2011,5,23,3.8333333,10,1,6,3.3533332,22,109,0,104.333336,127.5,67
1796,2011,6,67,16.75,48,6,4,2.4375,23,268,0,37.333332,112.666664,17
1796,2011,7,17,3.4,6,1,5,2.55,67,22,0,35.666668,84.333336,46
1796,2011,8,46,6.571429,20,1,7,3.2457142,17,23,0,43.333332,73.833336,45
1796,2011,9,45,5.625,12,1,8,2.823125,46,67,0,36,36.666668,61
1796,2011,10,61,6.7777777,29,1,9,2.8651853,45,17,0,50.666668,43.166668,92
1796,2011,11,92,7.076923,49,1,13,3.756923,61,46,0,66,54.666668,16
1797,2011,1,328,15.619047,144,1,21,2.6433334,120,0,0,224,224,159
1797,2011,2,159,15.9,96,2,10,2.554,328,0,0,202.33333,202.33333,54
1797,2011,3,54,5.4,12,1,10,2.791,159,120,0,180.33333,165.25,8
1797,2011,4,8,2.6666667,6,1,3,2.55,54,328,0,73.666664,133.8,23
1797,2011,5,23,3.8333333,12,1,6,3.3533332,8,159,0,28.333334,115.333336,33
1797,2011,6,33,6.6,18,1,5,2.55,23,54,0,21.333334,100.833336,10
1797,2011,7,10,2.5,6,1,4,3.1525,33,8,0,22,47.833332,10
1797,2011,8,10,3.3333333,6,1,3,3.3533332,10,23,0,17.666666,23,13
1797,2011,9,13,4.3333335,6,1,3,2.4,10,33,0,11,16.166666,23
1797,2011,10,23,3.8333333,9,1,6,3.1525,13,10,0,15.333333,18.666666,19
1797,2011,11,19,1.7272727,6,1,11,3.8645453,23,10,0,18.333334,18,15
1798,2011,1,211,35.166668,144,2,6,2.8766668,99,0,0,155,155,146
1798,2011,2,146,20.857143,100,1,7,2.69,211,0,0,152,152,214
1798,2011,3,214,23.777779,192,1,9,2.5,146,99,0,190.33333,167.5,3
1798,2011,4,3,1,1,1,3,3.3533332,214,211,0,121,134.6,114
1798,2011,5,114,28.5,109,1,4,2.5125,3,146,0,110.333336,131.16667,12
1798,2011,6,12,6,6,6,2,2.55,114,214,0,43,116.666664,1
1798,2011,7,1,1,1,1,1,2.55,12,3,0,42.333332,81.666664,29
1798,2011,8,29,4.8333335,6,2,6,2.55,1,114,0,14,62.166668,20
1798,2011,9,20,5,7,1,4,2.4375,29,12,0,16.666666,29.833334,12
1798,2011,10,12,2.4,6,1,5,3.032,20,1,0,20.333334,31.333334,7
1798,2011,11,7,1.75,3,1,4,2.85125,12,29,0,13,13.5,16
1801,2011,1,128,14.222222,72,1,9,3.57,106,0,0,117,117,110
1801,2011,2,110,18.333334,72,2,6,3.73,128,0,0,114.666664,114.666664,86
1801,2011,3,86,21.5,72,1,4,3.125,110,106,0,108,107.5,85
1801,2011,4,85,21.25,72,1,4,3.125,86,128,0,93.666664,103,88
1801,2011,5,88,29.333334,75,1,3,3.1666667,85,110,0,86.333336,100.5,20
1801,2011,6,20,5,6,2,4,3.125,88,86,0,64.333336,86.166664,21
1801,2011,7,21,10.5,20,1,2,3.25,20,85,0,43,68.333336,12
1801,2011,8,12,6,6,6,2,3.25,21,88,0,17.666666,52,8
1801,2011,9,8,2.6666667,6,1,3,4.21,12,20,0,13.666667,39,5
1801,2011,10,5,1.6666666,2,1,3,3.0833333,8,21,0,8.333333,25.666666,15
1801,2011,11,15,3,6,1,5,5.728667,5,12,0,9.333333,13.5,6
1802,2011,1,89,17.8,73,1,5,3.538,12,0,0,50.5,50.5,14
1802,2011,2,14,4.6666665,7,1,3,4.3766665,89,0,0,38.333332,38.333332,88
1802,2011,3,88,14.666667,72,1,6,4.011667,14,12,0,63.666668,50.75,1
1802,2011,4,1,1,1,1,1,3.25,88,89,0,34.333332,40.8,14
1802,2011,5,14,2.8,6,1,5,3.926,1,14,0,34.333332,36.333332,27
1802,2011,6,27,5.4,12,1,5,3.25,14,88,0,14,38.833332,2
1802,2011,7,2,2,2,2,1,6.63,27,1,0,14.333333,24.333334,2
1802,2011,8,2,1,1,1,2,6.63,2,14,0,10.333333,22.333334,6
1802,2011,9,6,6,6,6,1,2.75,2,27,0,3.3333333,8.666667,11
1802,2011,10,11,2.2,6,1,5,3.926,6,2,0,6.3333335,10.333333,7
1802,2011,11,7,1.1666666,2,1,6,6.63,11,2,0,8,9.166667,6
1803,2011,1,270,13.5,42,1,20,2.9397666,143,0,0,206.5,206.5,117
1803,2011,2,117,8.357142,28,1,14,2.517857,270,0,0,176.66667,176.66667,134
1803,2011,3,134,12.181818,43,1,11,3.0416667,117,143,0,173.66667,166,34
1803,2011,4,34,4.857143,12,1,7,2.55,134,270,0,95,139.6,31
1803,2011,5,31,6.2,12,2,5,2.55,34,117,0,66.333336,121.5,75
1803,2011,6,75,15,56,1,5,3.032,31,134,0,46.666668,110.166664,12
1803,2011,7,12,6,8,4,2,2.55,75,34,0,39.333332,67.166664,28
1803,2011,8,28,4.6666665,6,1,6,2.55,12,31,0,38.333332,52.333332,44
1803,2011,9,44,7.3333335,24,1,6,2.475,28,75,0,28,37.333332,60
1803,2011,10,60,6.6666665,16,1,9,2.9516666,44,12,0,44,41.666668,12
1803,2011,11,12,2.4,7,1,5,4.478,60,28,0,38.666668,38.5,14
1804,2011,1,156,17.333334,60,4,9,1.9333333,75,0,0,115.5,115.5,173
1804,2011,2,173,12.357142,36,1,14,2.1835713,156,0,0,134.66667,134.66667,244
1804,2011,3,244,15.25,48,1,16,2.185,173,75,0,191,162,211
1804,2011,4,211,14.066667,28,1,15,1.9984444,244,156,0,209.33333,171.8,403
1804,2011,5,403,25.1875,156,1,16,2.20375,211,173,0,286,210.33333,151
1804,2011,6,151,15.1,48,1,10,2.138,403,244,0,255,223,195
1804,2011,7,195,16.25,49,1,12,2.0283334,151,211,0,249.66667,229.5,89
1804,2011,8,89,14.833333,29,12,6,1.95,195,403,0,145,215.5,120
1804,2011,9,120,24,72,12,5,1.92,89,151,0,134.66667,194.83333,148
1804,2011,10,148,12.333333,26,1,12,2.1316667,120,195,0,119,184.33333,398
1804,2011,11,398,26.533333,144,1,15,2.28,148,89,0,222,183.5,4
1805,2011,1,6,1.2,2,1,5,6.118,20,0,0,13,13,48
1805,2011,2,48,4.3636365,12,1,11,6.0118184,6,0,0,24.666666,24.666666,40
1805,2011,3,40,2.5,5,1,16,6.046875,48,20,0,31.333334,28.5,23
1805,2011,4,23,2.875,8,1,8,5.68,40,6,0,37,27.4,74
1805,2011,5,74,12.333333,59,1,6,4.911111,23,48,0,45.666668,35.166668,30
1805,2011,6,30,4.285714,7,3,7,4.95,74,40,0,42.333332,36.833332,25
1805,2011,7,25,5,12,2,5,4.95,30,23,0,43,40,44
1805,2011,8,44,4.888889,13,1,9,5.598889,25,74,0,33,39.333332,10
1805,2011,9,10,1.6666666,4,1,6,8.843333,44,30,0,26.333334,34.333332,44
1805,2011,10,44,4.888889,16,1,9,6.572222,10,25,0,32.666668,37.833332,58
1805,2011,11,58,4.4615383,10,1,13,5.7735896,44,44,0,37.333332,35.166668,50
1806,2011,1,1,1,1,1,1,8.47,209,0,0,105,105,2
1806,2011,2,2,2,2,2,1,4.25,1,0,0,70.666664,70.666664,7
1806,2011,3,7,1.75,4,1,4,4.25,2,209,0,3.3333333,54.75,1
1806,2011,4,1,1,1,1,1,4.25,7,1,0,3.3333333,44,51
1806,2011,5,51,17,48,1,3,4.0833335,1,2,0,19.666666,45.166668,3
1806,2011,6,3,3,3,3,1,4.25,51,7,0,18.333334,10.833333,58
1806,2011,7,58,11.6,48,1,5,5.766,3,1,0,37.333332,20.333334,405
1806,2011,8,405,50.625,336,1,8,4.125,58,51,0,155.33333,87.5,251
1806,2011,9,251,10.458333,51,2,24,4.57625,405,3,0,238,128.16667,454
1806,2011,10,454,18.16,68,1,25,4.49272,251,58,0,370,203.66667,407
1806,2011,11,407,15.653846,76,1,26,4.382949,454,405,0,370.66666,263,81
1809,2011,1,3,1.5,2,1,2,10.79,356,0,0,179.5,179.5,1
1809,2011,2,1,1,1,1,1,10.79,3,0,0,120,120,1
1809,2011,3,1,1,1,1,1,10.79,1,356,0,1.6666666,90.25,6
1809,2011,4,6,3,3,3,2,4.95,1,3,0,2.6666667,73.4,4
1809,2011,5,4,2,3,1,2,7.87,6,1,0,3.6666667,61.833332,7
1809,2011,6,7,2.3333333,3,1,3,6.8966665,4,1,0,5.6666665,3.6666667,3
1809,2011,7,3,1,1,1,3,6.8966665,7,6,0,4.6666665,3.6666667,18
1809,2011,8,18,3,6,1,6,6.41,3,4,0,9.333333,6.5,244
1809,2011,9,244,17.428572,78,1,14,5.0835714,18,7,0,88.333336,47,536
1809,2011,10,536,23.304348,153,1,23,5.534058,244,3,0,266,135.33333,163
1809,2011,11,163,9.055555,35,1,18,6.978889,536,18,0,314.33334,161.83333,19
1814,2011,1,29,9.666667,24,1,3,2.8233333,147,0,0,88,88,273
1814,2011,2,273,24.818182,144,1,11,1.3754545,29,0,0,149.66667,149.66667,131
1814,2011,3,131,16.375,34,1,8,1.5725,273,147,0,144.33333,145,79
1814,2011,4,79,15.8,24,3,5,0.85,131,29,0,161,131.8,109
1814,2011,5,109,18.166666,48,4,6,1.3316667,79,273,0,106.333336,128,55
1814,2011,6,55,13.75,32,3,4,0.85,109,131,0,81,112.666664,122
1814,2011,7,122,24.4,48,2,5,0.837,55,79,0,95.333336,128.16667,121
1814,2011,8,121,15.125,48,3,8,1.0525,122,109,0,99.333336,102.833336,135
1814,2011,9,135,19.285715,48,4,7,1.0442857,121,55,0,126,103.5,110
1814,2011,10,110,12.222222,28,4,9,1.255,135,122,0,122,108.666664,207
1814,2011,11,207,10.894737,32,3,19,1.1839473,110,121,0,150.66667,125,83
1815,2011,1,102,12.75,56,1,8,2.00875,164,0,0,133,133,21
1815,2011,2,21,3.5,12,1,6,1.695,102,0,0,95.666664,95.666664,214
1815,2011,3,214,26.75,144,1,8,1.63375,21,164,0,112.333336,125.25,89
1815,2011,4,89,9.888889,17,1,9,1.45,214,102,0,108,118,31
1815,2011,5,31,4.428571,12,1,7,1.66,89,21,0,111.333336,103.5,14
1815,2011,6,14,4.6666665,12,1,3,1.94,31,214,0,44.666668,78.5,27
1815,2011,7,27,5.4,12,1,5,1.744,14,89,0,24,66,51
1815,2011,8,51,10.2,13,2,5,1.744,27,31,0,30.666666,71,124
1815,2011,9,124,11.272727,24,1,11,1.5836364,51,14,0,67.333336,56,65
1815,2011,10,65,10.833333,24,1,6,1.5316666,124,27,0,80,52,65
1815,2011,11,65,5.4166665,12,1,12,1.5725,65,51,0,84.666664,57.666668,1
1817,2011,1,666,37,144,2,18,0.74393517,619,0,0,642.5,642.5,344
1817,2011,2,344,26.461538,120,1,13,0.6746154,666,0,0,543,543,1029
1817,2011,3,1029,54.157894,326,2,19,0.5914912,344,619,0,679.6667,664.5,286
1817,2011,4,286,20.428572,48,2,14,0.5833333,1029,666,0,553,588.8,420
1817,2011,5,420,23.333334,54,1,18,0.60833335,286,344,0,578.3333,560.6667,535
1817,2011,6,535,35.666668,240,1,15,0.677,420,1029,0,413.66666,546.6667,331
1817,2011,7,331,18.38889,50,1,18,0.6537037,535,286,0,428.66666,490.83334,701
1817,2011,8,701,43.8125,264,1,16,0.5678125,331,420,0,522.3333,550.3333,908
1817,2011,9,908,43.238094,294,1,21,0.61603177,701,535,0,646.6667,530.1667,796
1817,2011,10,796,34.608696,246,1,23,0.6495652,908,331,0,801.6667,615.1667,740
1817,2011,11,740,30.833334,289,1,24,0.77197915,796,701,0,814.6667,668.5,143
1818,2011,1,9,1.8,4,1,5,1.268,1373,0,0,691,691,3
1818,2011,2,3,1,1,1,3,1.25,9,0,0,461.66666,461.66666,24
1818,2011,3,24,24,24,24,1,0.55,3,1373,0,12,352.25,2
1818,2011,4,2,1,1,1,2,1.25,24,9,0,9.666667,282.2,1
1818,2011,5,1,1,1,1,1,0.55,2,3,0,9,235.33333,6
1818,2011,6,6,1.2,2,1,5,1.11,1,24,0,3,7.5,1226
1818,2011,7,1226,72.117645,384,1,17,0.7381863,6,2,0,411,210.33333,813
1818,2011,8,813,50.8125,264,2,16,0.7529687,1226,1,0,681.6667,345.33334,3711
1818,2011,9,3711,148.44,963,7,25,0.7269622,813,6,0,1916.6666,959.8333,3802
1818,2011,10,3802,152.08,649,2,25,0.7241562,3711,1226,0,2775.3333,1593.1666,4356
1818,2011,11,4356,167.53847,438,34,26,0.73780733,3802,813,0,3956.3333,2319,753
1819,2011,1,15,3.75,6,1,4,1.25,135,0,0,75,75,16
1819,2011,2,16,5.3333335,12,1,3,1.25,15,0,0,55.333332,55.333332,21
1819,2011,3,21,4.2,10,2,5,1.25,16,135,0,17.333334,46.75,33
1819,2011,4,33,6.6,21,1,5,1.492,21,15,0,23.333334,44,78
1819,2011,5,78,7.8,29,1,10,1.492,33,16,0,44,49.666668,54
1819,2011,6,54,6,12,1,9,1.3377777,78,21,0,55,36.166668,43
1819,2011,7,43,4.7777777,12,1,9,1.0166667,54,33,0,58.333332,40.833332,12
1819,2011,8,12,4,6,3,3,1.25,43,78,0,36.333332,40.166668,39
1819,2011,9,39,5.571429,12,1,7,1.4228572,12,54,0,31.333334,43.166668,16
1819,2011,10,16,3.2,9,1,5,1.492,39,43,0,22.333334,40.333332,39
1819,2011,11,39,3.9,12,1,10,1.371,16,12,0,31.333334,33.833332,1
1821,2011,1,165,27.5,48,2,6,1.975,46,0,0,105.5,105.5,114
1821,2011,2,114,16.285715,54,1,7,2.3721428,165,0,0,108.333336,108.333336,26
1821,2011,3,26,4.3333335,6,2,6,2.1,114,46,0,101.666664,87.75,50
1821,2011,4,50,6.25,12,1,8,2.35375,26,165,0,63.333332,80.2,10
1821,2011,5,10,2.5,6,1,4,2.1,50,114,0,28.666666,68.5,27
1821,2011,6,27,5.4,12,1,5,2.172,10,26,0,29,65.333336,62
1821,2011,7,62,5.1666665,12,1,12,2.31,27,50,0,33,48.166668,35
1821,2011,8,35,7,20,1,5,2.506,62,10,0,41.333332,35,128
1821,2011,9,128,14.222222,60,1,9,2.3162963,35,27,0,75,52,54
1821,2011,10,54,7.714286,31,1,7,2.39,128,62,0,72.333336,52.666668,271
1821,2011,11,271,18.066668,151,1,15,2.5597777,54,35,0,151,96.166664,60
1822,2011,1,333,19.588236,150,1,17,2.1193137,138,0,0,235.5,235.5,220
1822,2011,2,220,20,96,1,11,2.219697,333,0,0,230.33333,230.33333,208
1822,2011,3,208,29.714285,158,2,7,2.2238095,220,138,0,253.66667,224.75,59
1822,2011,4,59,4.9166665,12,1,12,2.1,208,333,0,162.33333,191.6,173
1822,2011,5,173,17.3,144,1,10,2.481,59,220,0,146.66667,188.5,96
1822,2011,6,96,13.714286,60,1,7,2.1335714,173,208,0,109.333336,181.5,96
1822,2011,7,96,6,24,1,16,2.25375,96,59,0,121.666664,142,321
1822,2011,8,321,53.5,144,2,6,2.0583334,96,173,0,171,158.83333,147
1822,2011,9,147,21,54,6,7,2.0464287,321,96,0,188,148.66667,85
1822,2011,10,85,9.444445,31,1,9,2.5511112,147,96,0,184.33333,153,73
1822,2011,11,73,6.0833335,49,1,12,2.9354167,85,321,0,101.666664,136.33333,106
1825,2011,1,692,28.833334,109,3,24,4.9645534,600,0,0,646,646,680
1825,2011,2,680,29.565218,204,1,23,4.9721828,692,0,0,657.3333,657.3333,1033
1825,2011,3,1033,38.25926,141,2,27,5.0477653,680,600,0,801.6667,751.25,514
1825,2011,4,514,24.47619,102,1,21,4.5674443,1033,692,0,742.3333,703.8,502
1825,2011,5,502,20.916666,102,1,24,4.873506,514,680,0,683,670.1667,475
1825,2011,6,475,18.26923,54,3,26,4.9034615,502,1033,0,497,649.3333,852
1825,2011,7,852,35.5,204,2,24,4.598373,475,514,0,609.6667,676,524
1825,2011,8,524,22.782608,245,1,23,5.040088,852,502,0,617,650,864
1825,2011,9,864,33.23077,127,1,26,4.96102,524,475,0,746.6667,621.8333,675
1825,2011,10,675,27,86,1,25,5.120526,864,852,0,687.6667,648.6667,1036
1825,2011,11,1036,41.44,223,2,25,5.6598244,675,524,0,858.3333,737.6667,259
1826,2011,1,1469,61.208332,502,3,24,1.8620714,1661,0,0,1565,1565,1154
1826,2011,2,1154,48.083332,170,2,24,1.9335556,1469,0,0,1428,1428,1739
1826,2011,3,1739,72.458336,200,4,24,1.6739861,1154,1661,0,1454,1505.75,198
1826,2011,4,198,14.142858,47,1,14,1.7598299,1739,1469,0,1030.3334,1244.2,898
1826,2011,5,898,47.263157,149,1,19,1.7084795,198,1154,0,945,1186.5,797
1826,2011,6,797,31.88,87,2,25,1.8130933,898,1739,0,631,1042.5,1225
1826,2011,7,1225,47.115383,292,2,26,1.9608644,797,198,0,973.3333,1001.8333,1432
1826,2011,8,1432,57.28,493,2,25,1.735101,1225,898,0,1151.3334,1048.1666,1653
1826,2011,9,1653,63.576923,312,2,26,1.8872417,1432,797,0,1436.6666,1033.8334,1595
1826,2011,10,1595,61.346153,234,4,26,2.007442,1653,1225,0,1560,1266.6666,1575
1826,2011,11,1575,60.576923,200,4,26,2.2628229,1595,1432,0,1607.6666,1379.5,1016
1827,2011,1,440,25.882353,109,1,17,0.9995588,531,0,0,485.5,485.5,622
1827,2011,2,622,36.588234,396,1,17,1.1902941,440,0,0,531,531,582
1827,2011,3,582,34.235294,110,4,17,0.9315686,622,531,0,548,543.75,259
1827,2011,4,259,16.1875,60,1,16,1.0263125,582,440,0,487.66666,486.8,225
1827,2011,5,225,17.307692,60,1,13,0.905,259,622,0,355.33334,443.16666,165
1827,2011,6,165,11,25,1,15,0.954,225,582,0,216.33333,382.16666,178
1827,2011,7,178,12.714286,60,1,14,1.1796429,165,259,0,189.33333,338.5,79
1827,2011,8,79,8.777778,24,1,9,1.11,178,225,0,140.66667,248,174
1827,2011,9,174,10.875,42,1,16,1.0896875,79,165,0,143.66667,180,282
1827,2011,10,282,15.666667,60,1,18,0.9330556,174,178,0,178.33333,183.83333,317
1827,2011,11,317,16.68421,62,1,19,1.1949562,282,79,0,257.66666,199.16667,50
1828,2011,1,329,21.933332,109,1,15,0.96316665,494,0,0,411.5,411.5,453
1828,2011,2,453,26.647058,241,1,17,1.0947059,329,0,0,425.33334,425.33334,464
1828,2011,3,464,29,122,1,16,0.98338544,453,494,0,415.33334,435,261
1828,2011,4,261,18.642857,66,4,14,0.99733335,464,329,0,392.66666,400.2,229
1828,2011,5,229,17.615385,48,6,13,0.87,261,453,0,318,371.66666,93
1828,2011,6,93,7.1538463,24,1,13,0.97,229,464,0,194.33333,304.83334,140
1828,2011,7,140,10.769231,48,1,13,1.14,93,261,0,154,273.33334,125
1828,2011,8,125,10.416667,18,1,12,1.02875,140,229,0,119.333336,218.66667,234
1828,2011,9,234,16.714285,60,1,14,1.2198809,125,93,0,166.33333,180.33333,256
1828,2011,10,256,17.066668,48,2,15,0.954,234,140,0,205,179.5,175
1828,2011,11,175,10.294118,51,1,17,1.3432353,256,125,0,221.66667,170.5,38
1829,2011,1,325,21.666666,193,2,15,2.5169444,151,0,0,238,238,427
1829,2011,2,427,28.466667,156,1,15,2.569289,325,0,0,301,301,406
1829,2011,3,406,20.3,157,1,20,2.1909583,427,151,0,386,327.25,77
1829,2011,4,77,5.923077,12,1,13,2.2171154,406,325,0,303.33334,277.2,73
1829,2011,5,73,6.6363635,18,1,11,2.253788,77,427,0,185.33333,243.16667,50
1829,2011,6,50,3.8461537,13,1,13,2.6465385,73,406,0,66.666664,226.33333,193
1829,2011,7,193,12.0625,144,1,16,2.6553125,50,77,0,105.333336,204.33333,131
1829,2011,8,131,8.733334,18,1,15,2.4383333,193,73,0,124.666664,155,252
1829,2011,9,252,12.6,156,1,20,2.5525832,131,50,0,192,129.33333,164
1829,2011,10,164,7.8095236,24,1,21,2.478611,252,193,0,182.33333,143.83333,277
1829,2011,11,277,12.590909,35,2,22,2.684394,164,131,0,231,177.83333,102
1830,2011,1,239,17.071428,144,1,14,2.2271428,80,0,0,159.5,159.5,79
1830,2011,2,79,6.5833335,30,1,12,2.1,239,0,0,132.66667,132.66667,86
1830,2011,3,86,7.1666665,24,1,12,2.3375,79,80,0,134.66667,121,78
1830,2011,4,78,6,24,1,13,2.178077,86,239,0,81,112.4,70
1830,2011,5,70,5,12,1,14,2.1,78,79,0,78,105.333336,102
1830,2011,6,102,11.333333,26,3,9,2.1,70,86,0,83.333336,109,152
1830,2011,7,152,13.818182,60,1,11,2.4615152,102,78,0,108,94.5,60
1830,2011,8,60,4.6153846,7,1,13,2.4903846,152,70,0,104.666664,91.333336,126
1830,2011,9,126,7.4117646,24,1,17,2.3550491,60,102,0,112.666664,98,95
1830,2011,10,95,5.9375,13,1,16,2.2903125,126,152,0,93.666664,100.833336,178
1830,2011,11,178,11.866667,84,1,15,2.5285556,95,60,0,133,118.833336,28
1831,2011,1,635,37.35294,144,1,17,1.5307844,644,0,0,639.5,639.5,580
1831,2011,2,580,29,153,2,20,1.4137833,635,0,0,619.6667,619.6667,793
1831,2011,3,793,33.041668,168,1,24,1.368125,580,644,0,669.3333,663,220
1831,2011,4,220,13.75,36,1,16,1.4579687,793,635,0,531,574.4,582
1831,2011,5,582,36.375,347,1,16,1.2633333,220,580,0,531.6667,575.6667,1
1831,2011,6,1,1,1,1,1,2.46,582,793,0,267.66666,468.5,409
1831,2011,7,409,29.214285,156,1,14,1.35125,1,220,0,330.66666,430.83334,545
1831,2011,8,545,24.772728,157,1,22,1.4854546,409,582,0,318.33334,425,754
1831,2011,9,754,34.272728,175,2,22,1.386921,545,1,0,569.3333,418.5,868
1831,2011,10,868,34.72,156,1,25,1.3431743,754,409,0,722.3333,526.5,1148
1831,2011,11,1148,45.92,169,3,25,1.5910206,868,545,0,923.3333,620.8333,269
1833,2011,1,167,12.846154,96,1,13,9.726923,136,0,0,151.5,151.5,106
1833,2011,2,106,7.0666666,51,1,15,11.916667,167,0,0,136.33333,136.33333,117
1833,2011,3,117,5.85,27,1,20,11.626917,106,136,0,130,131.5,30
1833,2011,4,30,3.75,8,1,8,11.437083,117,167,0,84.333336,111.2,153
1833,2011,5,153,10.928572,101,1,14,10.434464,30,106,0,100,118.166664,8
1833,2011,6,8,1.6,3,1,5,10.951,153,117,0,63.666668,96.833336,14
1833,2011,7,14,2.3333333,6,1,6,9.95,8,30,0,58.333332,71.333336,6
1833,2011,8,6,3,5,1,2,9.95,14,153,0,9.333333,54.666668,6
1833,2011,9,6,1.5,2,1,4,9.95,6,8,0,8.666667,36.166668,10
1833,2011,10,10,5,8,2,2,9.225,6,14,0,7.3333335,32.833332,40
1833,2011,11,40,4.4444447,24,1,9,18.686666,10,6,0,18.666666,14,2
1834,2011,1,836,39.809525,145,3,21,1.5831746,1205,0,0,1020.5,1020.5,1402
1834,2011,2,1402,70.1,612,12,20,1.5810666,836,0,0,1147.6666,1147.6666,1745
1834,2011,3,1745,69.8,540,12,25,1.6697867,1402,1205,0,1327.6666,1297,958
1834,2011,4,958,47.9,156,1,20,1.6281333,1745,836,0,1368.3334,1229.2,673
1834,2011,5,673,29.26087,120,3,23,1.7871015,958,1402,0,1125.3334,1136.5,644
1834,2011,6,644,29.272728,108,2,22,1.8566667,673,1745,0,758.3333,1043,365
1834,2011,7,365,19.210526,37,1,19,1.6598246,644,958,0,560.6667,964.5,1066
1834,2011,8,1066,50.761906,720,4,21,1.6896032,365,673,0,691.6667,908.5,1956
1834,2011,9,1956,93.14286,1452,2,21,1.751492,1066,644,0,1129,943.6667,844
1834,2011,10,844,44.42105,204,12,19,1.6900702,1956,365,0,1288.6666,924.6667,608
1834,2011,11,608,25.333334,132,1,24,2.2273612,844,1066,0,1136,913.8333,230
1835,2011,1,315,17.5,54,1,18,2.6637037,113,0,0,214,214,366
1835,2011,2,366,30.5,84,1,12,2.5767362,315,0,0,264.66666,264.66666,431
1835,2011,3,431,23.944445,144,1,18,2.764398,366,113,0,370.66666,306.25,943
1835,2011,4,943,72.53846,486,2,13,2.52,431,315,0,580,433.6,465
1835,2011,5,465,33.214287,240,1,14,2.727857,943,366,0,613,438.83334,277
1835,2011,6,277,17.3125,80,1,16,2.724375,465,431,0,561.6667,466.16666,223
1835,2011,7,223,20.272728,78,1,11,3.1254547,277,943,0,321.66666,450.83334,125
1835,2011,8,125,13.888889,42,1,9,2.7427778,223,465,0,208.33333,410.66666,292
1835,2011,9,292,22.461538,78,2,13,2.5792308,125,277,0,213.33333,387.5,411
1835,2011,10,411,25.6875,270,1,16,2.6654687,292,223,0,276,298.83334,320
1835,2011,11,320,15.238095,42,1,21,2.7234128,411,125,0,341,274.66666,86
1836,2011,1,225,13.235294,55,1,17,3.0798235,119,0,0,172,172,309
1836,2011,2,309,19.3125,72,1,16,2.766875,225,0,0,217.66667,217.66667,170
1836,2011,3,170,10,36,1,17,2.8335295,309,119,0,234.66667,205.75,211
1836,2011,4,211,12.411765,84,1,17,2.7494118,170,225,0,230,206.8,414
1836,2011,5,414,31.846153,246,1,13,2.6315384,211,309,0,265,241.33333,189
1836,2011,6,189,13.5,43,2,14,2.5071428,414,170,0,271.33334,253,129
1836,2011,7,129,11.727273,55,1,11,2.8581817,189,211,0,244,237,141
1836,2011,8,141,12.818182,42,1,11,2.9268181,129,414,0,153,209,196
1836,2011,9,196,12.25,42,1,16,2.6865625,141,189,0,155.33333,213.33333,59
1836,2011,10,59,6.5555553,18,1,9,2.7677777,196,129,0,132,188,231
1836,2011,11,231,11.55,37,1,20,2.7596667,59,141,0,162,157.5,38
1837,2011,1,279,17.4375,60,1,16,2.058125,197,0,0,238,238,76
1837,2011,2,76,8.444445,24,1,9,2.0751853,279,0,0,184,184,210
1837,2011,3,210,13.125,67,1,16,1.920625,76,197,0,188.33333,190.5,74
1837,2011,4,74,9.25,14,2,8,1.7866666,210,279,0,120,167.2,215
1837,2011,5,215,19.545454,60,1,11,1.6409091,74,76,0,166.33333,175.16667,100
1837,2011,6,100,16.666666,48,3,6,1.7533333,215,210,0,129.66667,159,78
1837,2011,7,78,6.5,15,1,12,2.1055555,100,74,0,131,125.5,85
1837,2011,8,85,10.625,40,1,8,1.855,78,215,0,87.666664,127,91
1837,2011,9,91,10.111111,12,1,9,1.8322222,85,100,0,84.666664,107.166664,227
1837,2011,10,227,13.3529415,48,1,17,1.8268627,91,78,0,134.33333,132.66667,123
1837,2011,11,123,7.2352943,24,1,17,2.1243138,227,85,0,147,117.333336,43
1838,2011,1,190,14.615385,49,1,13,2.131282,191,0,0,190.5,190.5,92
1838,2011,2,92,10.222222,24,1,9,2.0144444,190,0,0,157.66667,157.66667,101
1838,2011,3,101,10.1,26,1,10,1.814,92,191,0,127.666664,143.5,51
1838,2011,4,51,7.285714,12,1,7,1.8842857,101,190,0,81.333336,125,64
1838,2011,5,64,10.666667,24,4,6,1.65,51,92,0,72,114.833336,97
1838,2011,6,97,16.166666,48,3,6,1.89,64,101,0,70.666664,99.166664,43
1838,2011,7,43,8.6,12,1,5,1.65,97,51,0,68,74.666664,79
1838,2011,8,79,8.777778,17,1,9,2.0751853,43,64,0,73,72.5,37
1838,2011,9,37,9.25,12,1,4,1.65,79,97,0,53,61.833332,115
1838,2011,10,115,8.214286,24,1,14,2.06,37,43,0,77,72.5,130
1838,2011,11,130,10.833333,96,1,12,2.59,115,79,0,94,83.5,71
1839,2011,1,253,16.866667,48,1,15,2.0673332,348,0,0,300.5,300.5,46
1839,2011,2,46,5.111111,13,1,9,2.47,253,0,0,215.66667,215.66667,217
1839,2011,3,217,12.055555,72,1,18,1.920926,46,348,0,172,216,97
1839,2011,4,97,9.7,18,1,10,1.65,217,253,0,120,192.2,117
1839,2011,5,117,9.75,30,1,12,2.06,97,46,0,143.66667,179.66667,39
1839,2011,6,39,7.8,12,3,5,1.65,117,217,0,84.333336,128.16667,62
1839,2011,7,62,10.333333,15,2,6,1.7411112,39,97,0,72.666664,96.333336,86
1839,2011,8,86,10.75,24,1,8,1.9233333,62,117,0,62.333332,103,99
1839,2011,9,99,9.9,24,1,10,1.978,86,39,0,82.333336,83.333336,89
1839,2011,10,89,6.8461537,24,1,13,2.1546154,99,62,0,91.333336,82,121
1839,2011,11,121,6.368421,26,1,19,2.1391227,89,86,0,103,82.666664,33
1840,2011,1,165,11.785714,24,1,14,1.4660715,136,0,0,150.5,150.5,59
1840,2011,2,59,8.428572,12,1,7,1.25,165,0,0,120,120,200
1840,2011,3,200,11.764706,26,1,17,1.3855883,59,136,0,141.33333,140,133
1840,2011,4,133,11.083333,27,2,12,1.4180555,200,165,0,130.66667,138.6,74
1840,2011,5,74,7.4,12,1,10,1.371,133,59,0,135.66667,127.833336,93
1840,2011,6,93,18.6,55,4,5,1.4516667,74,200,0,100,120.666664,31
1840,2011,7,31,5.1666665,13,1,6,1.5525,93,133,0,66,98.333336,86
1840,2011,8,86,10.75,16,4,8,1.40125,31,74,0,70,102.833336,36
1840,2011,9,36,5.142857,16,1,7,1.5957143,86,93,0,51,75.5,75
1840,2011,10,75,6.25,15,1,12,1.5020833,36,31,0,65.666664,65.833336,96
1840,2011,11,96,6.857143,29,1,14,1.7901785,75,86,0,69,69.5,20
1841,2011,1,140,12.727273,36,1,11,1.4195454,226,0,0,183,183,81
1841,2011,2,81,10.125,16,1,8,1.3508333,140,0,0,149,149,107
1841,2011,3,107,9.727273,36,1,11,1.36,81,226,0,109.333336,138.5,124
1841,2011,4,124,10.333333,24,1,12,1.371,107,140,0,104,135.6,80
1841,2011,5,80,8,12,1,10,1.492,124,81,0,103.666664,126.333336,45
1841,2011,6,45,6.428571,12,1,7,1.4228572,80,107,0,83,96.166664,31
1841,2011,7,31,6.2,12,1,5,1.492,45,124,0,52,78,77
1841,2011,8,77,12.833333,24,2,6,1.25,31,80,0,51,77.333336,8
1841,2011,9,8,2.6666667,4,1,3,1.6533333,77,45,0,38.666668,60.833332,59
1841,2011,10,59,7.375,24,1,8,1.40125,8,31,0,48,50,86
1841,2011,11,86,6.142857,24,1,14,1.7253572,59,77,0,51,51,27
1842,2011,1,224,17.23077,72,1,13,1.3663461,117,0,0,170.5,170.5,74
1842,2011,2,74,12.333333,24,2,6,1.25,224,0,0,138.33333,138.33333,167
1842,2011,3,167,9.823529,16,1,17,1.4211764,74,117,0,155,145.5,96
1842,2011,4,96,8.727273,26,2,11,1.305,167,224,0,112.333336,135.6,59
1842,2011,5,59,8.428572,12,1,7,1.25,96,74,0,107.333336,122.833336,28
1842,2011,6,28,5.6,12,2,5,1.371,59,167,0,61,108,15
1842,2011,7,15,5,12,1,3,1.25,28,96,0,34,73.166664,56
1842,2011,8,56,9.333333,12,4,6,1.25,15,59,0,33,70.166664,33
1842,2011,9,33,6.6,16,1,5,1.734,56,28,0,34.666668,47.833332,35
1842,2011,10,35,7,14,2,5,1.5726666,33,15,0,41.333332,37.666668,41
1842,2011,11,41,3.7272727,14,1,11,1.635,35,56,0,36.333332,34.666668,6
1848,2011,1,302,15.894737,36,2,19,0.58842105,261,0,0,281.5,281.5,748
1848,2011,2,748,46.75,336,1,16,0.58522916,302,0,0,437,437,348
1848,2011,3,348,18.31579,60,2,19,0.5041579,748,261,0,466,414.75,376
1848,2011,4,376,23.5,38,1,16,0.5331771,348,302,0,490.66666,407,459
1848,2011,5,459,22.95,144,1,20,0.53898335,376,748,0,394.33334,415.66666,360
1848,2011,6,360,20,37,1,18,0.50162035,459,348,0,398.33334,432.16666,410
1848,2011,7,410,22.777779,121,2,18,0.49638888,360,376,0,409.66666,450.16666,458
1848,2011,8,458,24.105263,75,1,19,0.49131578,410,459,0,409.33334,401.83334,605
1848,2011,9,605,28.809525,108,3,21,0.49829364,458,360,0,491,444.66666,456
1848,2011,10,456,21.714285,52,12,21,0.44342858,605,410,0,506.33334,458,405
1848,2011,11,405,17.608696,48,1,23,0.57746375,456,458,0,488.66666,449,114
1849,2011,1,278,27.8,72,12,10,0.4295,49,0,0,163.5,163.5,242
1849,2011,2,242,30.25,72,1,8,0.5075,278,0,0,189.66667,189.66667,208
1849,2011,3,208,16,36,1,13,0.49358973,242,49,0,242.66667,194.25,134
1849,2011,4,134,14.888889,24,2,9,0.46555555,208,278,0,194.66667,182.2,327
1849,2011,5,327,32.7,108,12,10,0.4575,134,242,0,223,206.33333,228
1849,2011,6,228,25.333334,84,12,9,0.41666666,327,208,0,229.66667,236.16667,150
1849,2011,7,150,13.636364,36,2,11,0.47590908,228,134,0,235,214.83333,385
1849,2011,8,385,24.0625,84,1,16,0.44,150,327,0,254.33333,238.66667,470
1849,2011,9,470,39.166668,241,12,12,0.444375,385,228,0,335,282.33334,96
1849,2011,10,96,10.666667,22,1,9,0.5338889,470,150,0,317,276,113
1849,2011,11,113,11.3,25,1,10,0.6045,96,385,0,226.33333,240.33333,37
1850,2011,1,300,27.272728,50,25,11,0.42,51,0,0,175.5,175.5,1350
1850,2011,2,1350,168.75,800,25,8,0.4,300,0,0,567,567,225
1850,2011,3,225,32.142857,50,25,7,0.42,1350,51,0,625,481.5,256
1850,2011,4,256,28.444445,50,6,9,0.42,225,300,0,610.3333,436.4,250
1850,2011,5,250,35.714287,50,25,7,0.42,256,1350,0,243.66667,405.33334,300
1850,2011,6,300,60,100,25,5,0.42,250,225,0,268.66666,446.83334,325
1850,2011,7,325,32.5,75,25,10,0.42,300,256,0,291.66666,451,125
1850,2011,8,125,25,25,25,5,0.42,325,250,0,250,246.83333,200
1850,2011,9,200,33.333332,75,25,6,0.42,125,300,0,216.66667,242.66667,175
1850,2011,10,175,29.166666,50,25,6,0.42,200,325,0,166.66667,229.16667,175
1850,2011,11,175,29.166666,50,25,6,0.42,175,125,0,183.33333,216.66667,50
1851,2011,1,400,36.363636,75,25,11,0.42,100,0,0,250,250,350
1851,2011,2,350,38.88889,75,25,9,0.42,400,0,0,283.33334,283.33334,350
1851,2011,3,350,38.88889,100,25,9,0.42,350,100,0,366.66666,300,279
1851,2011,4,279,34.875,75,25,8,0.42,350,400,0,326.33334,295.8,325
1851,2011,5,325,36.11111,75,25,9,0.42,279,350,0,318,300.66666,475
1851,2011,6,475,36.53846,75,25,13,0.42,325,350,0,359.66666,363.16666,350
1851,2011,7,350,31.818182,50,25,11,0.42,475,279,0,383.33334,354.83334,351
1851,2011,8,351,31.90909,50,1,11,0.42,350,325,0,392,355,350
1851,2011,9,350,29.166666,75,25,12,0.42,351,475,0,350.33334,355,275
1851,2011,10,275,30.555555,75,25,9,0.42,350,350,0,325.33334,354.33334,400
1851,2011,11,400,50,225,25,8,0.41625,275,351,0,341.66666,366.83334,100
2469,2011,1,26,8.666667,12,2,3,4.9166665,28,0,0,27,27,140
2469,2011,2,140,23.333334,48,1,6,5.5008335,26,0,0,64.666664,64.666664,53
2469,2011,3,53,8.833333,24,1,6,7.386667,140,28,0,73,61.75,39
2469,2011,4,39,7.8,24,1,5,6.668,53,26,0,77.333336,57.2,66
2469,2011,5,66,4.714286,36,1,14,5.6761904,39,140,0,52.666668,58.666668,33
2469,2011,6,33,2.0625,9,1,16,6.9215627,66,53,0,46,59.5,47
2469,2011,7,47,3.6153846,12,1,13,6.531282,33,39,0,48.666668,63,9
2469,2011,8,9,2.25,4,1,4,7.2875,47,66,0,29.666666,41.166668,8
2469,2011,9,8,2.6666667,6,1,3,5.5633335,9,33,0,21.333334,33.666668,99
2469,2011,10,99,19.8,48,12,5,4.73,8,47,0,38.666668,43.666668,19
2469,2011,11,19,3.8,12,1,5,5.29,99,9,0,42,35.833332,10
2473,2011,1,6,1.5,2,1,4,0.78125,12,0,0,9,9,11
2473,2011,2,11,2.75,6,1,4,0.7275,6,0,0,9.666667,9.666667,369
2473,2011,3,369,184.5,363,6,2,0.5575,11,12,0,128.66667,99.5,16
2473,2011,4,16,8,12,4,2,0.625,369,6,0,132,82.8,100
2473,2011,5,100,14.285714,24,1,7,0.50785714,16,11,0,161.66667,85.666664,19
2473,2011,6,19,4.75,9,1,4,0.83,100,369,0,45,86.833336,55
2473,2011,7,55,13.75,24,1,4,0.5225,19,16,0,58,95,38
2473,2011,8,38,9.5,24,1,4,0.625,55,100,0,37.333332,99.5,10
2473,2011,9,10,1.6666666,3,1,6,0.76166666,38,19,0,34.333332,39.666668,36
2473,2011,10,36,4.5,12,1,8,0.650625,10,55,0,28,43,204
2473,2011,11,204,9.714286,49,1,21,0.68357146,36,38,0,83.333336,60.333332,49
2474,2011,1,14,4.6666665,12,1,3,0.6933333,18,0,0,16,16,42
2474,2011,2,42,7,24,2,6,0.625,14,0,0,24.666666,24.666666,399
2474,2011,3,399,99.75,363,6,4,0.48875,42,18,0,151.66667,118.25,16
2474,2011,4,16,8,12,4,2,0.625,399,14,0,152.33333,97.8,56
2474,2011,5,56,5.6,24,1,10,0.6045,16,42,0,157,90.833336,24
2474,2011,6,24,4,7,1,6,0.76166666,56,399,0,32,91.833336,31
2474,2011,7,31,15.5,25,6,2,0.5225,24,16,0,37,94.666664,37
2474,2011,8,37,12.333333,24,1,3,0.5566667,31,56,0,30.666666,93.833336,78
2474,2011,9,78,11.142858,48,1,7,0.5957143,37,24,0,48.666668,40.333332,39
2474,2011,10,39,4.875,12,1,8,0.650625,78,31,0,51.333332,44.166668,91
2474,2011,11,91,6.0666666,30,1,15,0.67966664,39,37,0,69.333336,50,17
2480,2011,1,8,2,4,1,4,2.3275,39,0,0,23.5,23.5,18
2480,2011,2,18,2.5714285,9,1,7,2.027857,8,0,0,21.666666,21.666666,20
2480,2011,3,20,2.5,4,1,8,1.855,18,39,0,15.333333,21.25,11
2480,2011,4,11,2.75,4,1,4,2.00625,20,8,0,16.333334,19.2,29
2480,2011,5,29,7.25,24,1,4,2.0075,11,18,0,20,20.833334,161
2480,2011,6,161,20.125,48,1,8,0.605,29,20,0,67,41.166668,92
2480,2011,7,92,8.363636,48,1,11,0.78090906,161,11,0,94,55.166668,131
2480,2011,8,131,14.555555,36,1,9,0.6766667,92,29,0,128,74,338
2480,2011,9,338,21.125,72,2,16,0.69458336,131,161,0,187,127,193
2480,2011,10,193,10.157895,50,1,19,0.7068421,338,92,0,220.66667,157.33333,720
2480,2011,11,720,28.8,84,2,25,0.58264,193,131,0,417,272.5,102
2541,2011,1,9,1.8,5,1,5,3.951,288,0,0,148.5,148.5,8
2541,2011,2,8,1.6,3,1,5,3.318,9,0,0,101.666664,101.666664,88
2541,2011,3,88,14.666667,72,1,6,2.37,8,288,0,35,98.25,13
2541,2011,4,13,4.3333335,8,2,3,2.1,88,9,0,36.333332,81.2,79
2541,2011,5,79,26.333334,72,1,3,2.64,13,8,0,60,80.833336,96
2541,2011,6,96,32,72,3,3,1.65,79,88,0,62.666668,48.833332,65
2541,2011,7,65,5.4166665,12,1,12,1.7083334,96,13,0,80,58.166668,74
2541,2011,8,74,24.666666,72,1,3,3.3166666,65,79,0,78.333336,69.166664,2
2541,2011,9,2,1,1,1,2,4.13,74,96,0,47,54.833332,84
2541,2011,10,84,16.8,73,1,5,2.383,2,65,0,53.333332,66.666664,13
2541,2011,11,13,4.3333335,6,3,3,2.7766666,84,74,0,33,55.666668,1
2547,2011,1,141,10.071428,39,1,14,1.2914286,254,0,0,197.5,197.5,407
2547,2011,2,407,29.071428,289,1,14,1.1796429,141,0,0,267.33334,267.33334,171
2547,2011,3,171,10.6875,36,1,16,1.12625,407,254,0,239.66667,243.25,44
2547,2011,4,44,4.888889,13,1,9,1.0728571,171,141,0,207.33333,203.4,426
2547,2011,5,426,38.727272,312,1,11,1.0568181,44,407,0,213.66667,240.5,402
2547,2011,6,402,36.545456,288,1,11,1.0154545,426,171,0,290.66666,265.16666,73
2547,2011,7,73,6.6363635,25,1,11,1.0272727,402,44,0,300.33334,253.83333,373
2547,2011,8,373,37.3,300,1,10,0.9995,73,426,0,282.66666,248.16667,212
2547,2011,9,212,15.142858,48,1,14,1.1285714,373,402,0,219.33333,255,172
2547,2011,10,172,11.466666,24,1,15,0.954,212,73,0,252.33333,276.33334,250
2547,2011,11,250,12.5,47,1,20,1.071,172,373,0,211.33333,247,74
2553,2011,1,17,2.8333333,7,1,6,4.1433334,63,0,0,40,40,4
2553,2011,2,4,1.3333334,2,1,3,4.13,17,0,0,28,28,6
2553,2011,3,6,1.2,2,1,5,4.13,4,63,0,9,22.5,2
2553,2011,4,2,1,1,1,2,4.13,6,17,0,4,18.4,13
2553,2011,5,13,4.3333335,9,1,3,4.13,2,4,0,7,17.5,14
2553,2011,6,14,2.3333333,6,1,6,3.3166666,13,6,0,9.666667,9.333333,225
2553,2011,7,225,22.5,75,1,10,2.758,14,2,0,84,44,139
2553,2011,8,139,12.636364,38,1,11,2.6663637,225,13,0,126,66.5,989
2553,2011,9,989,39.56,146,1,25,2.60904,139,14,0,451,230.33333,1377
2553,2011,10,1377,52.96154,152,2,26,2.2775824,989,225,0,835,459.5,1830
2553,2011,11,1830,70.38461,176,8,26,2.2581618,1377,139,0,1398.6666,762.3333,391
2554,2011,1,86,6.6153846,24,1,13,1.7696154,47,0,0,66.5,66.5,38
2554,2011,2,38,5.428571,24,1,7,1.7685714,86,0,0,57,57,21
2554,2011,3,21,3.5,8,1,6,1.9558333,38,47,0,48.333332,48,2
2554,2011,4,2,2,2,2,1,1.25,21,86,0,20.333334,38.8,59
2554,2011,5,59,11.8,48,1,5,1.4873333,2,38,0,27.333334,42.166668,7
2554,2011,6,7,2.3333333,5,1,3,2.0566666,59,21,0,22.666666,35.5,27
2554,2011,7,27,9,24,1,3,1.6533333,7,2,0,31,25.666666,7
2554,2011,8,7,1.75,3,1,4,2.1575,27,59,0,13.666667,20.5,9
2554,2011,9,9,2.25,4,1,4,2.1575,7,7,0,14.333333,18.5,37
2554,2011,10,37,4.111111,24,1,9,1.7877778,9,27,0,17.666666,24.333334,116
2554,2011,11,116,9.666667,26,1,12,1.70375,37,7,0,54,33.833332,6
2559,2011,1,18,3,12,1,6,7.08,12,0,0,15,15,4
2559,2011,2,4,1,1,1,4,8.29,18,0,0,11.333333,11.333333,85
2559,2011,3,85,12.142858,49,1,7,4.34,4,12,0,35.666668,29.75,249
2559,2011,4,249,31.125,84,1,8,3.0233333,85,18,0,112.666664,73.6,157
2559,2011,5,157,31.4,54,1,5,4.34,249,4,0,163.66667,87.5,365
2559,2011,6,365,40.555557,96,2,9,1.85,157,85,0,257,146.33333,554
2559,2011,7,554,46.166668,96,6,12,0.56708336,365,249,0,358.66666,235.66667,378
2559,2011,8,378,42,210,6,9,0.885,554,157,0,432.33334,298,178
2559,2011,9,178,16.181818,48,1,11,0.885,378,365,0,370,313.5,210
2559,2011,10,210,30,48,6,7,0.67285717,178,554,0,255.33333,307,294
2559,2011,11,294,24.5,54,6,12,0.9675,210,378,0,227.33333,329.83334,40
2570,2011,1,165,15,64,1,11,1.9963636,211,0,0,188,188,104
2570,2011,2,104,7.428571,22,1,14,1.7785715,165,0,0,160,160,134
2570,2011,3,134,10.307693,35,1,13,1.9376923,104,211,0,134.33333,153.5,203
2570,2011,4,203,18.454546,43,1,11,1.6681818,134,165,0,147,163.4,125
2570,2011,5,125,10.416667,64,1,12,2.2383332,203,104,0,154,157,54
2570,2011,6,54,3.6,16,1,15,1.9406667,125,134,0,127.333336,130.83333,71
2570,2011,7,71,5.071429,16,1,14,1.9319048,54,203,0,83.333336,115.166664,68
2570,2011,8,68,9.714286,32,2,7,1.4214286,71,125,0,64.333336,109.166664,69
2570,2011,9,69,7.6666665,32,1,9,1.4277778,68,54,0,69.333336,98.333336,62
2570,2011,10,62,7.75,24,2,8,1.45,69,71,0,66.333336,74.833336,63
2570,2011,11,63,5.7272725,16,1,11,1.45,62,68,0,64.666664,64.5,32
2571,2011,1,50,8.333333,24,1,6,2.39,128,0,0,89,89,81
2571,2011,2,81,11.571428,28,3,7,1.49,50,0,0,86.333336,86.333336,95
2571,2011,3,95,8.636364,32,1,11,2.0354545,81,128,0,75.333336,88.5,107
2571,2011,4,107,11.888889,37,1,9,1.8566667,95,50,0,94.333336,92.2,33
2571,2011,5,33,4.125,12,1,8,2.165,107,81,0,78.333336,82.333336,28
2571,2011,6,28,4.6666665,12,1,6,2.39,33,95,0,56,65.666664,45
2571,2011,7,45,4.5,12,1,10,2.03,28,107,0,35.333332,64.833336,85
2571,2011,8,85,14.166667,48,1,6,1.975,45,33,0,52.666668,65.5,20
2571,2011,9,20,5,12,1,4,1.94,85,28,0,50,53,67
2571,2011,10,67,8.375,24,1,8,2.165,20,45,0,57.333332,46.333332,56
2571,2011,11,56,8,12,1,7,2.0042858,67,85,0,47.666668,50.166668,25
2572,2011,1,263,17.533333,60,3,15,1.69,172,0,0,217.5,217.5,102
2572,2011,2,102,9.272727,18,1,11,2.09,263,0,0,179,179,225
2572,2011,3,225,12.5,36,1,18,1.74,102,172,0,196.66667,190.5,134
2572,2011,4,134,13.4,66,1,10,1.572,225,263,0,153.66667,179.2,58
2572,2011,5,58,8.285714,28,1,7,1.49,134,102,0,139,159,50
2572,2011,6,50,6.25,28,1,8,1.94,58,225,0,80.666664,138.66667,77
2572,2011,7,77,7,30,1,11,1.8990909,50,134,0,61.666668,107.666664,76
2572,2011,8,76,9.5,18,1,8,1.8275,77,58,0,67.666664,103.333336,37
2572,2011,9,37,6.1666665,12,1,6,1.94,76,50,0,63.333332,72,80
2572,2011,10,80,8.888889,24,2,9,1.89,37,77,0,64.333336,63,145
2572,2011,11,145,11.153846,48,1,13,1.91,80,76,0,87.333336,77.5,37
2573,2011,1,89,8.9,36,1,10,9.5633335,77,0,0,83,83,57
2573,2011,2,57,5.181818,16,1,11,9.620455,89,0,0,74.333336,74.333336,35
2573,2011,3,35,3.1818182,9,1,11,9.884091,57,77,0,60.333332,64.5,27
2573,2011,4,27,3,8,1,9,9.788889,35,89,0,39.666668,57,54
2573,2011,5,54,4.909091,32,1,11,9.662727,27,57,0,38.666668,56.5,16
2573,2011,6,16,2,4,1,8,9.95,54,35,0,32.333332,46.333332,16
2573,2011,7,16,3.2,8,1,5,9.66,16,27,0,28.666666,34.166668,69
2573,2011,8,69,9.857142,48,1,7,9.742857,16,54,0,33.666668,36.166668,8
2573,2011,9,8,1.6,3,1,5,9.95,69,16,0,31,31.666666,72
2573,2011,10,72,9,40,1,8,9.678125,8,16,0,49.666668,39.166668,41
2573,2011,11,41,2.7333333,8,1,15,9.853333,72,69,0,40.333332,37,3
2574,2011,1,132,13.2,36,1,10,3.7886667,83,0,0,107.5,107.5,25
2574,2011,2,25,3.125,6,1,8,4.1925,132,0,0,80,80,93
2574,2011,3,93,11.625,36,1,8,2.875,25,83,0,83.333336,83.25,67
2574,2011,4,67,6.7,18,1,10,2.91,93,132,0,61.666668,80,57
2574,2011,5,57,11.4,30,1,5,3.478,67,25,0,72.333336,76.166664,29
2574,2011,6,29,3.625,18,1,8,3.965,57,93,0,51,67.166664,31
2574,2011,7,31,3.875,14,1,8,3.8375,29,67,0,39,50.333332,54
2574,2011,8,54,13.5,20,2,4,3.6283333,31,57,0,38,55.166668,37
2574,2011,9,37,5.285714,18,1,7,4.11,54,29,0,40.666668,45.833332,50
2574,2011,10,50,5.5555553,25,1,9,4.1974072,37,31,0,47,43,55
2574,2011,11,55,7.857143,18,2,7,2.892857,50,54,0,47.333332,42.666668,4
2597,2011,1,35,4.375,13,1,8,4.23375,21,0,0,28,28,19
2597,2011,2,19,3.8,8,1,5,4.492,35,0,0,25,25,53
2597,2011,3,53,6.625,20,1,8,4.6775,19,21,0,35.666668,32,30
2597,2011,4,30,4.285714,8,1,7,4.81,53,35,0,34,31.6,32
2597,2011,5,32,6.4,12,4,5,3.75,30,19,0,38.333332,31.666666,37
2597,2011,6,37,6.1666665,8,4,6,4.0591664,32,53,0,33,34.333332,45
2597,2011,7,45,6.428571,12,4,7,3.75,37,30,0,38,36,20
2597,2011,8,20,4,4,4,5,3.75,45,32,0,34,36.166668,23
2597,2011,9,23,3.2857144,4,1,7,3.75,20,37,0,29.333334,31.166666,77
2597,2011,10,77,8.555555,36,1,9,3.661111,23,45,0,40,39,44
2597,2011,11,44,14.666667,36,4,3,3.4833333,77,20,0,48,41,4
2598,2011,1,23,3.8333333,12,1,6,11.513333,9,0,0,16,16,14
2598,2011,2,14,2.8,6,1,5,9.95,23,0,0,15.333333,15.333333,47
2598,2011,3,47,4.7,12,1,10,6.62,14,9,0,28,23.25,45
2598,2011,4,45,5,12,1,9,5.692222,47,23,0,35.333332,27.6,10
2598,2011,5,10,1.4285715,2,1,7,6.3814287,45,14,0,34,24.666666,14
2598,2011,6,14,7,12,2,2,6.62,10,47,0,23,25.5,3
2598,2011,7,3,1.5,2,1,2,4.95,14,45,0,9,22.166666,26
2598,2011,8,26,2.8888888,12,1,9,6.0633335,3,10,0,14.333333,24.166666,44
2598,2011,9,44,3.3846154,12,1,13,5.7207694,26,14,0,24.333334,23.666666,49
2598,2011,10,49,4.0833335,16,1,12,6.0633335,44,3,0,39.666668,24.333334,81
2598,2011,11,81,6.230769,24,1,13,7.2623076,49,26,0,58,36.166668,15
2619,2011,1,21,4.2,10,1,5,1.55,45,0,0,33,33,43
2619,2011,2,43,10.75,32,2,4,1.55,21,0,0,36.333332,36.333332,49
2619,2011,3,49,5.4444447,17,2,9,1.55,43,45,0,37.666668,39.5,58
2619,2011,4,58,9.666667,20,2,6,1.55,49,21,0,50,43.2,151
2619,2011,5,151,15.1,54,1,10,1.55,58,43,0,86,61.166668,123
2619,2011,6,123,12.3,36,1,10,1.55,151,49,0,110.666664,74.166664,31
2619,2011,7,31,4.428571,18,1,7,1.55,123,58,0,101.666664,75.833336,10
2619,2011,8,10,2.5,5,1,4,1.55,31,151,0,54.666668,70.333336,136
2619,2011,9,136,12.363636,30,2,11,1.55,10,123,0,59,84.833336,189
2619,2011,10,189,12.6,28,2,15,1.55,136,31,0,111.666664,106.666664,139
2619,2011,11,139,9.928572,25,1,14,1.55,189,10,0,154.66667,104.666664,26
2622,2011,1,31,6.2,12,2,5,1.45,40,0,0,35.5,35.5,30
2622,2011,2,30,6,12,2,5,1.45,31,0,0,33.666668,33.666668,120
2622,2011,3,120,9.230769,40,2,13,1.45,30,40,0,60.333332,55.25,140
2622,2011,4,140,20,46,2,7,1.45,120,31,0,96.666664,72.2,117
2622,2011,5,117,19.5,36,4,6,1.45,140,30,0,125.666664,79.666664,208
2622,2011,6,208,23.11111,40,6,9,1.45,117,120,0,155,107.666664,70
2622,2011,7,70,10,18,4,7,1.45,208,140,0,131.66667,114.166664,73
2622,2011,8,73,12.166667,26,4,6,1.45,70,117,0,117,121.333336,287
2622,2011,9,287,17.9375,143,1,16,1.45,73,208,0,143.33333,149.16667,185
2622,2011,10,185,10.277778,40,2,18,1.45,287,70,0,181.66667,156.66667,220
2622,2011,11,220,10,47,1,22,1.45,185,73,0,230.66667,173.83333,35
2628,2011,1,7,1.75,3,1,4,12.445,1,0,0,4,4,8
2628,2011,2,8,4,6,2,2,16.95,7,0,0,5.3333335,5.3333335,6
2628,2011,3,6,1.5,2,1,4,15.41,8,1,0,7,5.5,1
2628,2011,4,1,1,1,1,1,16.95,6,7,0,5,4.6,2
2628,2011,5,2,2,2,2,1,8.29,1,8,0,3,4.1666665,2
2628,2011,6,2,1,1,1,2,8.29,2,6,0,1.6666666,4.3333335,5
2628,2011,7,5,1.25,2,1,4,8.29,2,1,0,3,4,6
2628,2011,8,6,1.5,2,1,4,8.29,5,2,0,4.3333335,3.6666667,12
2628,2011,9,12,2.4,5,1,5,8.29,6,2,0,7.6666665,4.6666665,4
2628,2011,10,4,1.3333334,2,1,3,11.176666,12,5,0,7.3333335,5.1666665,4
2628,2011,11,4,1.3333334,2,1,3,16.95,4,6,0,6.6666665,5.5,2
2630,2011,1,5,1.6666666,3,1,3,4.1566668,3,0,0,4,4,1
2630,2011,2,1,1,1,1,1,4.13,5,0,0,3,3,1
2630,2011,3,1,1,1,1,1,4.13,1,3,0,2.3333333,2.5,9
2630,2011,4,9,3,6,1,3,4.403333,1,5,0,3.6666667,3.8,6
2630,2011,5,6,2,3,1,3,4.13,9,1,0,5.3333335,4.1666665,9
2630,2011,6,9,1.8,3,1,5,4.294,6,1,0,8,5.1666665,3
2630,2011,7,3,1.5,2,1,2,4.13,9,9,0,6,4.8333335,9
2630,2011,8,9,2.25,5,1,4,4.13,3,6,0,7,6.1666665,39
2630,2011,9,39,3.9,11,1,10,4.212,9,9,0,17,12.5,13
2630,2011,10,13,1.8571428,4,1,7,4.247143,39,3,0,20.333334,13.166667,37
2630,2011,11,37,2.642857,5,1,14,4.2178574,13,9,0,29.666666,18.333334,20
2632,2011,1,3,1.5,2,1,2,4.17,9,0,0,6,6,4
2632,2011,2,4,1.3333334,2,1,3,4.403333,3,0,0,5.3333335,5.3333335,3
2632,2011,3,3,1.5,2,1,2,4.54,4,9,0,3.3333333,4.75,12
2632,2011,4,12,3,8,1,4,4.335,3,3,0,6.3333335,6.2,6
2632,2011,5,6,3,4,2,2,4.13,12,4,0,7,6.1666665,5
2632,2011,6,5,2.5,4,1,2,4.54,6,3,0,7.6666665,5.5,5
2632,2011,7,5,1.25,2,1,4,4.13,5,12,0,5.3333335,5.8333335,6
2632,2011,8,6,2,3,1,3,4.13,5,6,0,5.3333335,6.1666665,43
2632,2011,9,43,3.5833333,15,1,12,4.2325,6,5,0,18,12.833333,15
2632,2011,10,15,1.5,5,1,10,4.212,43,5,0,21.333334,13.333333,34
2632,2011,11,34,2.4285715,10,1,14,4.13,15,6,0,30.666666,18,16
2638,2011,1,5,1.25,2,1,4,4.17,1,0,0,3,3,4
2638,2011,2,4,2,2,2,2,4.13,5,0,0,3.3333333,3.3333333,9
2638,2011,3,9,3,6,1,3,4.13,4,1,0,6,4.75,18
2638,2011,4,18,4.5,8,2,4,4.335,9,5,0,10.333333,7.4,2
2638,2011,5,2,1,1,1,2,4.13,18,4,0,9.666667,6.5,12
2638,2011,6,12,3,6,1,4,4.6425,2,9,0,10.666667,8.333333,8
2638,2011,7,8,1.6,2,1,5,4.13,12,18,0,7.3333335,8.833333,7
2638,2011,8,7,1.75,3,1,4,4.335,8,2,0,9,9.333333,50
2638,2011,9,50,5.5555553,14,1,9,4.13,7,12,0,21.666666,16.166666,34
2638,2011,10,34,3.4,9,1,10,4.253,50,8,0,30.333334,18.833334,38
2638,2011,11,38,2.9230769,6,1,13,4.13,34,7,0,40.666668,24.833334,22
2643,2011,1,57,3.5625,9,1,16,1.595625,8,0,0,32.5,32.5,16
2643,2011,2,16,4,6,1,4,1.76,57,0,0,27,27,6
2643,2011,3,6,6,6,6,1,1.25,16,8,0,26.333334,21.75,46
2643,2011,4,46,11.5,24,1,4,1.25,6,57,0,22.666666,26.6,19
2643,2011,5,19,9.5,10,9,2,1.25,46,16,0,23.666666,25.333334,8
2643,2011,6,8,2.6666667,4,2,3,1.25,19,6,0,24.333334,25.333334,10
2643,2011,7,10,2,3,1,5,1.862,8,46,0,12.333333,17.5,65
2643,2011,8,65,16.25,48,3,4,1.295,10,19,0,27.666666,25.666666,27
2643,2011,9,27,2.0769231,8,1,13,1.63,65,8,0,34,29.166666,52
2643,2011,10,52,4.7272725,17,1,11,1.5759091,27,10,0,48,30.166666,61
2643,2011,11,61,3.3888888,11,1,18,1.4857408,52,65,0,46.666668,37.166668,35
2654,2011,1,24,24,24,24,1,0.42,72,0,0,48,48,168
2654,2011,2,168,56,120,24,3,0.4,24,0,0,88,88,124
2654,2011,3,124,62,120,4,2,0.39,168,72,0,105.333336,97,25
2654,2011,4,25,12.5,24,1,2,0.42,124,24,0,105.666664,82.6,58
2654,2011,5,58,9.666667,24,1,6,0.42,25,168,0,69,78.5,56
2654,2011,6,56,28,32,24,2,0.42,58,124,0,46.333332,75.833336,11
2654,2011,7,11,2.75,4,2,4,0.42,56,25,0,41.666668,73.666664,14
2654,2011,8,14,3.5,6,1,4,0.42,11,58,0,27,48,90
2654,2011,9,90,15,50,2,6,0.415,14,56,0,38.333332,42.333332,139
2654,2011,10,139,15.444445,27,2,9,0.42,90,11,0,81,61.333332,192
2654,2011,11,192,32,120,5,6,0.41,139,14,0,140.33333,83.666664,26
2655,2011,1,65,13,48,2,5,0.42,1,0,0,33,33,142
2655,2011,2,142,28.4,120,2,5,0.408,65,0,0,69.333336,69.333336,8
2655,2011,3,8,8,8,8,1,0.42,142,1,0,71.666664,54,71
2655,2011,4,71,14.2,48,2,5,0.42,8,65,0,73.666664,57.4,7
2655,2011,5,7,3.5,6,1,2,0.42,71,142,0,28.666666,49,54
2655,2011,6,54,18,29,6,3,0.42,7,8,0,44,57.833332,2
2655,2011,7,2,2,2,2,1,0.42,54,71,0,21,47.333332,56
2655,2011,8,56,18.666666,51,2,3,0.42,2,7,0,37.333332,33,137
2655,2011,9,137,27.4,48,1,5,0.396,56,54,0,65,54.5,55
2655,2011,10,55,13.75,24,1,4,0.42,137,2,0,82.666664,51.833332,54
2655,2011,11,54,9,24,2,6,0.42,55,56,0,82,59.666668,1
2658,2011,1,64,10.666667,36,1,6,2.2083333,112,0,0,88,88,18
2658,2011,2,18,6,12,1,3,2.1966667,64,0,0,64.666664,64.666664,43
2658,2011,3,43,8.6,36,1,5,1.65,18,112,0,41.666668,59.25,116
2658,2011,4,116,38.666668,101,2,3,1.6166667,43,64,0,59,70.6,101
2658,2011,5,101,33.666668,97,2,3,1.89,116,18,0,86.666664,75.666664,57
2658,2011,6,57,7.125,36,1,8,2.265,101,43,0,91.333336,66.5,29
2658,2011,7,29,14.5,24,5,2,1.65,57,116,0,62.333332,60.666668,6
2658,2011,8,6,3,5,1,2,1.65,29,101,0,30.666666,58.666668,36
2658,2011,9,36,4.5,12,1,8,2.47,6,57,0,23.666666,57.5,16
2658,2011,10,16,1.7777778,6,1,9,2.2877777,36,29,0,19.333334,40.833332,37
2658,2011,11,37,2.4666667,14,1,15,3.126,16,6,0,29.666666,30.166666,113
2661,2011,1,3,1.5,2,1,2,3.04,3,0,0,3,3,2
2661,2011,2,2,1,1,1,2,1.95,3,0,0,2.6666667,2.6666667,1
2661,2011,3,1,1,1,1,1,1.95,2,3,0,2,2.25,2
2661,2011,4,2,2,2,2,1,1.95,1,3,0,1.6666666,2.2,1
2661,2011,5,1,1,1,1,1,4.13,2,2,0,1.3333334,2,5
2661,2011,6,5,1.6666666,3,1,3,1.95,1,1,0,2.6666667,2.3333333,5
2661,2011,7,5,1.6666666,3,1,3,1.9033333,5,2,0,3.6666667,2.6666667,3
2661,2011,8,3,1.5,2,1,2,1.625,5,1,0,4.3333335,2.8333333,9
2661,2011,9,9,3,5,1,3,0.79,3,5,0,5.6666665,4.1666665,43
2661,2011,10,43,6.142857,24,1,7,0.79,9,5,0,18.333334,11,23
2661,2011,11,23,3.8333333,12,1,6,0.79,43,3,0,25,14.666667,1
2663,2011,1,88,7.3333335,25,1,12,2.8966668,57,0,0,72.5,72.5,27
2663,2011,2,27,9,24,1,3,1.35,88,0,0,57.333332,57.333332,2
2663,2011,3,2,1,1,1,2,4.705,27,57,0,39,43.5,1
2663,2011,4,1,1,1,1,1,1.95,2,88,0,10,35,62
2663,2011,5,62,20.666666,48,2,3,1.5833334,1,27,0,21.666666,39.5,2
2663,2011,6,2,2,2,2,1,1.95,62,2,0,21.666666,30.333334,15
2663,2011,7,15,5,12,1,3,1.6233333,2,1,0,26.333334,18.166666,347
2663,2011,8,347,26.692308,144,2,13,0.8861538,15,62,0,121.333336,71.5,81
2663,2011,9,81,9,24,1,9,1.3455555,347,2,0,147.66667,84.666664,69
2663,2011,10,69,5.3076925,16,1,13,1.7515385,81,15,0,165.66667,96,126
2663,2011,11,126,8.4,36,1,15,1.6233333,69,347,0,92,106.666664,101
2669,2011,1,228,14.25,61,1,16,1.4723438,284,0,0,256,256,118
2669,2011,2,118,7.866667,21,1,15,1.371,228,0,0,210,210,253
2669,2011,3,253,14.055555,52,1,18,1.3574075,118,284,0,199.66667,220.75,77
2669,2011,4,77,7.7,20,1,10,1.5525,253,228,0,149.33333,192,144
2669,2011,5,144,10.285714,50,1,14,1.4957143,77,118,0,158,184,107
2669,2011,6,107,7.642857,27,1,14,1.4228572,144,253,0,109.333336,154.5,116
2669,2011,7,116,8.923077,50,1,13,1.4215385,107,77,0,122.333336,135.83333,88
2669,2011,8,88,8,20,1,11,1.47,116,144,0,103.666664,130.83333,70
2669,2011,9,70,4.6666665,11,1,15,1.4516667,88,107,0,91.333336,100.333336,186
2669,2011,10,186,10.333333,54,1,18,1.4687963,70,116,0,114.666664,118.5,332
2669,2011,11,332,17.473684,105,1,19,1.3779825,186,88,0,196,149.83333,77
2671,2011,1,486,22.09091,71,5,22,5.8426213,237,0,0,361.5,361.5,925
2671,2011,2,925,40.217392,143,4,23,5.9097247,486,0,0,549.3333,549.3333,1666
2671,2011,3,1666,61.703705,172,2,27,5.687878,925,237,0,1025.6666,828.5,1937
2671,2011,4,1937,92.2381,247,13,21,5.597207,1666,486,0,1509.3334,1050.2,3561
2671,2011,5,3561,142.44,338,8,25,5.5780916,1937,925,0,2388,1468.6666,2221
2671,2011,6,2221,88.84,386,16,25,5.667931,3561,1666,0,2573,1799.3334,2758
2671,2011,7,2758,106.07692,323,2,26,5.5200167,2221,1937,0,2846.6667,2178,1695
2671,2011,8,1695,67.8,221,1,25,6.0016675,2758,3561,0,2224.6667,2306.3333,1137
2671,2011,9,1137,43.73077,164,7,26,5.794695,1695,2221,0,1863.3334,2218.1667,620
2671,2011,10,620,25.833334,136,2,24,5.7838273,1137,2758,0,1150.6666,1998.6666,916
2671,2011,11,916,35.23077,324,3,26,6.1566153,620,1695,0,891,1557.8334,136
2673,2011,1,328,25.23077,100,1,13,4.977923,57,0,0,192.5,192.5,232
2673,2011,2,232,12.888889,54,1,18,5.586296,328,0,0,205.66667,205.66667,180
2673,2011,3,180,7.826087,42,1,23,5.542464,232,57,0,246.66667,199.25,364
2673,2011,4,364,20.222221,66,2,18,5.6392593,180,328,0,258.66666,232.2,449
2673,2011,5,449,23.631578,66,4,19,5.515434,364,232,0,331,268.33334,320
2673,2011,6,320,16,62,1,20,5.968714,449,180,0,377.66666,312.16666,248
2673,2011,7,248,12.4,55,1,20,5.403333,320,364,0,339,298.83334,103
2673,2011,8,103,8.583333,50,2,12,5.0455556,248,449,0,223.66667,277.33334,44
2673,2011,9,44,3.3846154,8,1,13,4.95,103,320,0,131.66667,254.66667,37
2673,2011,10,37,4.111111,10,2,9,4.95,44,248,0,61.333332,200.16667,19
2673,2011,11,19,2.1111112,7,1,9,5.598889,37,103,0,33.333332,128.5,1
2674,2011,1,69,8.625,36,2,8,5.95,101,0,0,85,85,44
2674,2011,2,44,4.888889,9,2,9,5.95,69,0,0,71.333336,71.333336,27
2674,2011,3,27,5.4,8,3,5,5.95,44,101,0,46.666668,60.25,32
2674,2011,4,32,8,24,1,4,5.95,27,69,0,34.333332,54.6,17
2674,2011,5,17,2.4285715,3,1,7,5.95,32,44,0,25.333334,48.333332,22
2674,2011,6,22,4.4,6,2,5,5.95,17,27,0,23.666666,35.166668,21
2674,2011,7,21,2.625,6,1,8,5.88,22,32,0,20,27.166666,75
2674,2011,8,75,9.375,50,1,8,6.194375,21,17,0,39.333332,32.333332,79
2674,2011,9,79,6.5833335,50,1,12,5.8416667,75,22,0,58.333332,41,55
2674,2011,10,55,7.857143,27,2,7,5.7642856,79,21,0,69.666664,44.833332,53
2674,2011,11,53,4.4166665,12,1,12,6.565,55,75,0,62.333332,50.833332,14
2679,2011,1,1,1,1,1,1,0.85,8,0,0,4.5,4.5,4
2679,2011,2,4,4,4,4,1,0.85,1,0,0,4.3333335,4.3333335,4
2679,2011,3,4,4,4,4,1,0.85,4,8,0,3,4.25,12
2679,2011,4,12,6,10,2,2,0.85,4,1,0,6.6666665,5.8,4
2679,2011,5,4,4,4,4,1,0.85,12,4,0,6.6666665,5.5,22
2679,2011,6,22,5.5,10,1,4,1.24,4,4,0,12.666667,7.8333335,9
2679,2011,7,9,1.8,4,1,5,1.474,22,12,0,11.666667,9.166667,12
2679,2011,8,12,6,10,2,2,1.24,9,4,0,14.333333,10.5,44
2679,2011,9,44,6.285714,20,1,7,1.1842858,12,22,0,21.666666,17.166666,20
2679,2011,10,20,4,10,1,5,1.318,44,9,0,25.333334,18.5,58
2679,2011,11,58,6.4444447,20,1,9,1.0233333,20,12,0,40.666668,27.5,21
2681,2011,1,65,4.642857,13,1,14,3.6692858,57,0,0,61,61,83
2681,2011,2,83,7.5454545,50,1,11,3.3172727,65,0,0,68.333336,68.333336,55
2681,2011,3,55,4.5833335,11,1,12,3.5169444,83,57,0,67.666664,65,8
2681,2011,4,8,2.6666667,4,1,3,3.09,55,65,0,48.666668,53.6,22
2681,2011,5,22,3.142857,8,1,7,3.2385714,8,83,0,28.333334,48.333332,16
2681,2011,6,16,2.6666667,6,1,6,2.9216666,22,55,0,15.333333,41.5,19
2681,2011,7,19,2.7142856,8,1,7,2.4985714,16,8,0,19,33.833332,4
2681,2011,8,4,1.3333334,2,1,3,2.55,19,22,0,13,20.666666,32
2681,2011,9,32,4.571429,13,1,7,2.55,4,16,0,18.333334,16.833334,14
2681,2011,10,14,4.6666665,7,1,3,2.9516666,32,19,0,16.666666,17.833334,11
2681,2011,11,11,2.2,6,1,5,3.514,14,4,0,19,16,4
2682,2011,1,88,5.866667,14,2,15,4.142,13,0,0,50.5,50.5,5
2682,2011,2,5,1.6666666,2,1,3,5.82,88,0,0,35.333332,35.333332,34
2682,2011,3,34,4.25,12,1,8,5.3025,5,13,0,42.333332,35,10
2682,2011,4,10,5,8,2,2,3.75,34,88,0,16.333334,30,8
2682,2011,5,8,4,4,4,2,3.75,10,5,0,17.333334,26.333334,32
2682,2011,6,32,4,17,1,8,3.8925,8,34,0,16.666666,29.5,29
2682,2011,7,29,3.625,7,1,8,4.13,32,10,0,23,19.666666,15
2682,2011,8,15,3,4,1,5,4.992,29,8,0,25.333334,21.333334,7
2682,2011,9,7,1.75,4,1,4,8.4075,15,32,0,17,16.833334,10
2682,2011,10,10,3.3333333,5,1,3,6.855,7,29,0,10.666667,16.833334,9
2682,2011,11,9,3,4,1,3,5.82,10,15,0,8.666667,17,4
2685,2011,1,73,5.6153846,19,1,13,5.6553845,80,0,0,76.5,76.5,144
2685,2011,2,144,10.285714,53,1,14,5.739286,73,0,0,99,99,127
2685,2011,3,127,5.2916665,15,1,24,5.56125,144,80,0,114.666664,106,138
2685,2011,4,138,9.857142,53,1,14,5.7710714,127,73,0,136.33333,112.4,457
2685,2011,5,457,19.869566,142,1,23,5.6114492,138,144,0,240.66667,169.83333,192
2685,2011,6,192,10.666667,53,1,18,5.7417407,457,127,0,262.33334,188.5,116
2685,2011,7,116,5.8,18,1,20,5.628,192,138,0,255,195.66667,188
2685,2011,8,188,9.894737,53,1,19,6.136316,116,457,0,165.33333,203,197
2685,2011,9,197,9.85,42,1,20,6.0285,188,192,0,167,214.66667,149
2685,2011,10,149,8.764706,53,1,17,6.4735293,197,116,0,178,216.5,125
2685,2011,11,125,7.8125,50,2,16,5.566875,149,188,0,157,161.16667,6
2687,2011,1,104,10.4,57,1,10,6.142,33,0,0,68.5,68.5,177
2687,2011,2,177,11.0625,62,1,16,5.53625,104,0,0,104.666664,104.666664,229
2687,2011,3,229,9.541667,53,1,24,5.789375,177,33,0,170,135.75,106
2687,2011,4,106,6.2352943,16,1,17,5.842647,229,104,0,170.66667,129.8,495
2687,2011,5,495,21.52174,141,1,23,5.9163766,106,177,0,276.66666,190.66667,260
2687,2011,6,260,20,115,1,13,5.4038463,495,229,0,287,228.5,172
2687,2011,7,172,8.190476,50,1,21,5.8357143,260,106,0,309,239.83333,229
2687,2011,8,229,14.3125,101,1,16,6.034167,172,495,0,220.33333,248.5,232
2687,2011,9,232,11.6,60,1,20,5.659167,229,260,0,211,249,146
2687,2011,10,146,8.111111,55,1,18,5.5340743,232,172,0,202.33333,255.66667,128
2687,2011,11,128,7.111111,50,1,18,5.8357224,146,229,0,168.66667,194.5,16
2691,2011,1,175,87.5,147,28,2,1.75,183,0,0,179,179,206
2691,2011,2,206,15.846154,57,4,13,2.028077,175,0,0,188,188,230
2691,2011,3,230,10.952381,24,1,21,2.1091745,206,183,0,203.66667,198.5,273
2691,2011,4,273,21,118,1,13,1.9664103,230,175,0,236.33333,213.4,326
2691,2011,5,326,15.523809,63,2,21,1.9404762,273,206,0,276.33334,232.16667,104
2691,2011,6,104,6.5,18,1,16,2.08625,326,230,0,234.33333,219,162
2691,2011,7,162,10.125,58,1,16,1.940625,104,273,0,197.33333,216.83333,227
2691,2011,8,227,11.947369,64,1,19,2.1142106,162,326,0,164.33333,220.33333,232
2691,2011,9,232,12.888889,50,1,18,2.064537,227,104,0,207,220.66667,299
2691,2011,10,299,13,68,1,23,2.0783043,232,162,0,252.66667,225,700
2691,2011,11,700,26.923077,132,3,26,2.1675065,299,227,0,410.33334,287.33334,94
2694,2011,1,52,4,13,1,13,0.88179487,39,0,0,45.5,45.5,15
2694,2011,2,15,2.142857,4,1,7,0.92,52,0,0,35.333332,35.333332,46
2694,2011,3,46,3.0666666,9,1,15,0.6393333,15,39,0,37.666668,38,282
2694,2011,4,282,31.333334,145,1,9,0.6344444,46,52,0,114.333336,86.8,181
2694,2011,5,181,18.1,144,1,10,0.7126667,282,15,0,169.66667,102.5,315
2694,2011,6,315,24.23077,99,1,13,0.5987179,181,46,0,259.33334,148.5,206
2694,2011,7,206,10.842105,97,1,19,0.687193,315,282,0,234,174.16667,282
2694,2011,8,282,20.142857,96,1,14,0.5942857,206,181,0,267.66666,218.66667,28
2694,2011,9,28,3.5,8,1,8,0.665,282,315,0,172,215.66667,103
2694,2011,10,103,6.0588236,50,1,17,0.64666665,28,206,0,137.66667,185.83333,225
2694,2011,11,225,10.227273,51,1,22,0.64,103,282,0,118.666664,193.16667,213
2697,2011,1,319,31.9,144,2,10,2.3225,80,0,0,199.5,199.5,260
2697,2011,2,260,20,144,1,13,2.3807693,319,0,0,219.66667,219.66667,188
2697,2011,3,188,13.428572,106,2,14,2.1578572,260,80,0,255.66667,211.75,352
2697,2011,4,352,27.076923,152,1,13,2.2661538,188,319,0,266.66666,239.8,250
2697,2011,5,250,20.833334,144,1,12,2.1927083,352,260,0,263.33334,241.5,276
2697,2011,6,276,25.09091,149,1,11,2.0813637,250,188,0,292.66666,274.16666,243
2697,2011,7,243,17.357143,144,1,14,2.4332142,276,352,0,256.33334,261.5,179
2697,2011,8,179,17.9,106,1,10,2.2825,243,250,0,232.66667,248,209
2697,2011,9,209,23.222221,144,1,9,2.3927777,179,276,0,210.33333,251.5,62
2697,2011,10,62,7.75,30,1,8,2.1,209,243,0,150,203.16667,26
2697,2011,11,26,6.5,15,2,4,2.1,62,179,0,99,165.83333,12
2698,2011,1,204,25.5,144,2,8,2.3025,177,0,0,190.5,190.5,50
2698,2011,2,50,7.142857,24,1,7,2.1,204,0,0,143.66667,143.66667,87
2698,2011,3,87,7.25,17,1,12,2.2691667,50,177,0,113.666664,129.5,195
2698,2011,4,195,16.25,144,1,12,2.0658333,87,204,0,110.666664,142.6,76
2698,2011,5,76,7.6,20,1,10,2.303,195,50,0,119.333336,131.5,54
2698,2011,6,54,6.75,15,2,8,2.35375,76,87,0,108.333336,111,183
2698,2011,7,183,26.142857,145,1,7,2.1432142,54,195,0,104.333336,107.5,143
2698,2011,8,143,17.875,100,2,8,2.04875,183,76,0,126.666664,123,31
2698,2011,9,31,6.2,12,1,5,2.1,143,54,0,119,113.666664,82
2698,2011,10,82,10.25,18,2,8,2.1,31,183,0,85.333336,94.833336,186
2698,2011,11,186,31,150,2,6,2.0658333,82,143,0,99.666664,113.166664,12
2699,2011,1,48,2.8235295,10,1,17,9.817059,98,0,0,73,73,81
2699,2011,2,81,7.3636365,24,2,11,8.944848,48,0,0,75.666664,75.666664,58
2699,2011,3,58,3.625,17,1,16,8.635,81,98,0,62.333332,71.25,33
2699,2011,4,33,4.125,12,1,8,7.725,58,48,0,57.333332,63.6,42
2699,2011,5,42,5.25,12,1,8,7.575,33,81,0,44.333332,60,32
2699,2011,6,32,2.6666667,10,1,12,8.176666,42,58,0,35.666668,49,71
2699,2011,7,71,5.9166665,21,1,12,8.956667,32,33,0,48.333332,52.833332,52
2699,2011,8,52,3.7142856,12,1,14,9.781428,71,42,0,51.666668,48,534
2699,2011,9,534,59.333332,520,1,9,9.333333,52,32,0,219,127.333336,43
2699,2011,10,43,3.5833333,11,1,12,9.98875,534,71,0,209.66667,129,68
2699,2011,11,68,3.7777777,11,1,18,9.967685,43,52,0,215,133.33333,15
2700,2011,1,38,3.8,10,1,10,9.976,132,0,0,85,85,33
2700,2011,2,33,2.0625,5,1,16,10.7575,38,0,0,67.666664,67.666664,120
2700,2011,3,120,7.5,30,1,16,9.63125,33,132,0,63.666668,80.75,57
2700,2011,4,57,4.3846154,12,1,13,8.876923,120,38,0,70,76,184
2700,2011,5,184,13.142858,111,1,14,8.853929,57,33,0,120.333336,94,316
2700,2011,6,316,39.5,300,2,8,7.52875,184,120,0,185.66667,124.666664,57
2700,2011,7,57,4.75,21,1,12,8.403334,316,57,0,185.66667,127.833336,38
2700,2011,8,38,5.428571,20,1,7,8.555715,57,184,0,137,128.66667,439
2700,2011,9,439,73.166664,420,1,6,9.328333,38,316,0,178,181.83333,38
2700,2011,10,38,7.6,22,1,5,7.899,439,57,0,171.66667,178.66667,22
2700,2011,11,22,1.6923077,5,1,13,10.894615,38,38,0,166.33333,151.66667,18
2701,2011,1,62,4.769231,20,1,13,7.8115387,31,0,0,46.5,46.5,69
2701,2011,2,69,5.3076925,23,1,13,8.603847,62,0,0,54,54,52
2701,2011,3,52,3.4666667,10,1,15,8.574,69,31,0,61,53.5,34
2701,2011,4,34,4.25,12,1,8,9.835,52,62,0,51.666668,49.6,78
2701,2011,5,78,4.3333335,11,1,18,8.7722225,34,69,0,54.666668,54.333332,51
2701,2011,6,51,3.9230769,23,1,13,8.027948,78,52,0,54.333332,57.666668,28
2701,2011,7,28,2.5454545,6,1,11,9.019091,51,34,0,52.333332,52,40
2701,2011,8,40,3.6363637,10,1,11,8.444546,28,78,0,39.666668,47.166668,363
2701,2011,9,363,33,320,1,11,7.78,40,51,0,143.66667,99,30
2701,2011,10,30,2.7272727,10,1,11,8.829091,363,28,0,144.33333,98.333336,44
2701,2011,11,44,2.9333334,10,1,15,9.68,30,40,0,145.66667,92.666664,22
2702,2011,1,217,10.85,39,1,20,8.855333,226,0,0,221.5,221.5,210
2702,2011,2,210,10,45,1,21,8.959238,217,0,0,217.66667,217.66667,340
2702,2011,3,340,14.166667,80,1,24,8.579792,210,226,0,255.66667,248.25,295
2702,2011,4,295,15.526316,48,2,19,8.820606,340,217,0,281.66666,257.6,339
2702,2011,5,339,14.73913,118,1,23,8.77347,295,210,0,324.66666,271.16666,609
2702,2011,6,609,35.82353,306,1,17,8.008274,339,340,0,414.33334,335,172
2702,2011,7,172,10.75,51,1,16,9.05375,609,295,0,373.33334,327.5,123
2702,2011,8,123,8.2,31,1,15,8.687333,172,339,0,301.33334,313,786
2702,2011,9,786,37.42857,516,1,21,7.994524,123,609,0,360.33334,387.33334,167
2702,2011,10,167,8.35,32,1,20,8.350325,786,172,0,358.66666,366,203
2702,2011,11,203,8.458333,55,1,24,9.342652,167,123,0,385.33334,343.33334,75
2704,2011,1,31,2.8181818,14,1,11,9.019091,64,0,0,47.5,47.5,42
2704,2011,2,42,4.2,22,1,10,8.096,31,0,0,45.666668,45.666668,70
2704,2011,3,70,5,16,1,14,7.7785716,42,64,0,47.666668,51.75,38
2704,2011,4,38,3.8,11,1,10,8.554,70,31,0,50,49,142
2704,2011,5,142,15.777778,111,1,9,8.385185,38,42,0,83.333336,64.5,514
2704,2011,6,514,64.25,302,1,8,7.318125,142,70,0,231.33333,139.5,541
2704,2011,7,541,67.625,501,1,8,7.4691668,514,38,0,399,224.5,29
2704,2011,8,29,2.9,10,1,10,8.222,541,142,0,361.33334,222.33333,132
2704,2011,9,132,18.857143,113,2,7,7.725714,29,514,0,234,232.66667,81
2704,2011,10,81,5.785714,17,1,14,8.273214,132,541,0,80.666664,239.83333,111
2704,2011,11,111,9.25,48,1,12,7.8275,81,29,0,108,234.66667,7
2705,2011,1,138,8.117647,26,1,17,8.0076475,137,0,0,137.5,137.5,101
2705,2011,2,101,6.3125,31,1,16,8.81125,138,0,0,125.333336,125.333336,154
2705,2011,3,154,7.3333335,40,1,21,9.25873,101,137,0,131,132.5,94
2705,2011,4,94,5.875,18,1,16,8.731875,154,138,0,116.333336,124.8,169
2705,2011,5,169,8.45,35,1,20,8.4036665,94,101,0,139,132.16667,107
2705,2011,6,107,5.095238,22,1,21,8.011429,169,154,0,123.333336,127.166664,151
2705,2011,7,151,6.8636365,30,1,22,8.782727,107,94,0,142.33333,129.33333,138
2705,2011,8,138,8.625,35,1,16,8.617812,151,169,0,132,135.5,559
2705,2011,9,559,31.055555,370,1,18,8.66287,138,107,0,282.66666,203,93
2705,2011,10,93,5.1666665,14,1,18,8.884334,559,151,0,263.33334,202.83333,149
2705,2011,11,149,9.3125,55,1,16,8.568438,93,138,0,267,199.5,48
2706,2011,1,753,47.0625,677,1,16,10.03875,61,0,0,407,407,88
2706,2011,2,88,5.1764708,16,1,17,10.40753,753,0,0,300.66666,300.66666,208
2706,2011,3,208,10.4,42,1,20,10.78769,88,61,0,349.66666,277.5,756
2706,2011,4,756,44.47059,682,1,17,9.726695,208,753,0,350.66666,373.2,208
2706,2011,5,208,10.947369,101,1,19,9.227556,756,88,0,390.66666,345.66666,551
2706,2011,6,551,32.411766,300,1,17,9.204706,208,208,0,505,427.33334,49
2706,2011,7,49,4.9,12,1,10,8.649333,551,756,0,269.33334,310,89
2706,2011,8,89,5.9333334,25,1,15,9.149111,49,208,0,229.66667,310.16666,622
2706,2011,9,622,36.588234,520,1,17,9.958823,89,551,0,253.33333,379.16666,80
2706,2011,10,80,5,15,1,16,9.589896,622,49,0,263.66666,266.5,139
2706,2011,11,139,8.6875,55,1,16,9.747552,80,89,0,280.33334,255,13
2707,2011,1,255,12.75,53,1,20,8.654417,148,0,0,201.5,201.5,108
2707,2011,2,108,6.352941,23,1,17,8.413921,255,0,0,170.33333,170.33333,256
2707,2011,3,256,10.24,37,1,25,8.395547,108,148,0,206.33333,191.75,155
2707,2011,4,155,8.611111,22,1,18,8.115759,256,255,0,173,184.4,299
2707,2011,5,299,12.458333,123,1,24,8.247458,155,108,0,236.66667,203.5,598
2707,2011,6,598,31.473684,308,1,19,8.944123,299,256,0,350.66666,278.5,658
2707,2011,7,658,32.9,504,1,20,8.20875,598,155,0,518.3333,345.66666,168
2707,2011,8,168,8,42,1,21,8.141429,658,299,0,474.66666,355.66666,769
2707,2011,9,769,34.954544,523,1,22,8.383909,168,598,0,531.6667,441.16666,129
2707,2011,10,129,6.142857,15,1,21,9.021135,769,658,0,355.33334,436.83334,244
2707,2011,11,244,9.76,52,1,25,8.235957,129,168,0,380.66666,427.66666,43
2708,2011,1,71,4.733333,21,1,15,9.483334,30,0,0,50.5,50.5,102
2708,2011,2,102,7.8461537,24,2,13,8.849231,71,0,0,67.666664,67.666664,49
2708,2011,3,49,3.0625,7,1,16,9.371,102,30,0,74,63,42
2708,2011,4,42,2.8,14,1,15,8.707334,49,71,0,64.333336,58.8,206
2708,2011,5,206,12.875,120,1,16,8.796458,42,102,0,99,83.333336,566
2708,2011,6,566,31.444445,310,1,18,7.9880557,206,49,0,271.33334,172.66667,583
2708,2011,7,583,38.866665,501,1,15,8.753111,566,42,0,451.66666,258,74
2708,2011,8,74,4.625,20,1,16,8.910625,583,206,0,407.66666,253.33333,192
2708,2011,9,192,21.333334,170,1,9,7.831111,74,566,0,283,277.16666,109
2708,2011,10,109,6.8125,16,2,16,8.79776,192,583,0,125,288.33334,40
2708,2011,11,40,3.6363637,10,1,11,9.400303,109,74,0,113.666664,260.66666,1
2710,2011,1,147,8.166667,24,1,18,8.7448015,148,0,0,147.5,147.5,135
2710,2011,2,135,7.105263,17,1,19,9.09003,147,0,0,143.33333,143.33333,210
2710,2011,3,210,8.076923,43,1,26,10.3407345,135,148,0,164,160,110
2710,2011,4,110,6.111111,13,1,18,8.842297,210,147,0,151.66667,150,243
2710,2011,5,243,11.571428,103,1,21,8.541809,110,135,0,187.66667,165.5,608
2710,2011,6,608,28.952381,302,1,21,8.071968,243,210,0,320.33334,242.16667,620
2710,2011,7,620,32.63158,501,1,19,8.71393,608,110,0,490.33334,321,161
2710,2011,8,161,8.473684,27,1,19,9.002631,620,243,0,463,325.33334,666
2710,2011,9,666,31.714285,527,1,21,9.523699,161,608,0,482.33334,401.33334,135
2710,2011,10,135,6.428571,21,1,21,9.5848255,666,620,0,320.66666,405.5,206
2710,2011,11,206,9.809524,66,1,21,9.545397,135,161,0,335.66666,399.33334,30
2712,2011,1,170,18.88889,84,2,9,0.94,56,0,0,113,113,75
2712,2011,2,75,10.714286,24,1,7,1.1842858,170,0,0,100.333336,100.333336,25
2712,2011,3,25,8.333333,12,1,3,1.11,75,56,0,90,81.5,116
2712,2011,4,116,58,104,12,2,1.045,25,170,0,72,88.4,120
2712,2011,5,120,17.142857,36,12,7,0.85,116,75,0,87,93.666664,140
2712,2011,6,140,15.555555,25,1,9,0.61,120,25,0,125.333336,107.666664,321
2712,2011,7,321,16.05,48,1,20,0.665,140,116,0,193.66667,132.83333,435
2712,2011,8,435,33.46154,252,1,13,0.50846153,321,120,0,298.66666,192.83333,500
2712,2011,9,500,27.777779,121,1,18,0.58555555,435,140,0,418.66666,272,796
2712,2011,10,796,41.894737,126,12,19,0.5505263,500,321,0,577,385.33334,963
2712,2011,11,963,45.857143,167,3,21,0.53405553,796,435,0,753,525.8333,173
2714,2011,1,43,6.142857,24,1,7,1.4157143,114,0,0,78.5,78.5,65
2714,2011,2,65,13,27,1,5,1.24,43,0,0,74,74,38
2714,2011,3,38,7.6,12,1,5,1.006,65,114,0,48.666668,65,132
2714,2011,4,132,33,72,12,4,0.85,38,43,0,78.333336,78.4,72
2714,2011,5,72,14.4,24,1,5,0.928,132,65,0,80.666664,77.333336,163
2714,2011,6,163,14.818182,24,1,11,0.6645455,72,38,0,122.333336,85.5,217
2714,2011,7,217,13.5625,48,1,16,0.6191667,163,132,0,150.66667,114.5,247
2714,2011,8,247,30.875,96,12,8,0.5275,217,72,0,209,144.83333,301
2714,2011,9,301,21.5,124,1,14,0.66238093,247,163,0,255,188.66667,405
2714,2011,10,405,23.82353,61,1,17,0.5760784,301,217,0,317.66666,234.16667,838
2714,2011,11,838,39.904762,240,1,21,0.5921905,405,247,0,514.6667,361.83334,76
2715,2011,1,157,19.625,72,1,8,0.95125,37,0,0,97,97,13
2715,2011,2,13,6.5,12,1,2,1.24,157,0,0,69,69,40
2715,2011,3,40,13.333333,24,2,3,0.85,13,37,0,70,61.75,90
2715,2011,4,90,18,54,2,5,1.162,40,157,0,47.666668,67.4,65
2715,2011,5,65,9.285714,12,1,7,1.0728571,90,13,0,65,67,117
2715,2011,6,117,10.636364,25,1,11,0.55,65,40,0,90.666664,80.333336,225
2715,2011,7,225,16.071428,48,1,14,0.56285715,117,90,0,135.66667,91.666664,283
2715,2011,8,283,25.727272,120,1,11,0.51,225,65,0,208.33333,136.66667,226
2715,2011,9,226,20.545454,39,1,11,0.55,283,117,0,244.66667,167.66667,328
2715,2011,10,328,21.866667,102,1,15,0.58933336,226,225,0,279,207.33333,430
2715,2011,11,430,26.875,111,1,16,0.5559375,328,283,0,328,268.16666,60
2718,2011,1,38,12.666667,26,6,3,1.95,405,0,0,221.5,221.5,6
2718,2011,2,6,6,6,6,1,1.95,38,0,0,149.66667,149.66667,420
2718,2011,3,420,70,400,1,6,1.8333334,6,405,0,154.66667,217.25,42
2718,2011,4,42,14,37,1,3,1.8333334,420,38,0,156,182.2,625
2718,2011,5,625,125,600,2,5,1.81,42,6,0,362.33334,256,960
2718,2011,6,960,96,400,1,10,1.705,625,420,0,542.3333,348.5,15
2718,2011,7,15,5,12,1,3,1.95,960,42,0,533.3333,344.66666,1253
2718,2011,8,1253,250.6,1000,2,5,1.67,15,625,0,742.6667,552.5,6
2718,2011,9,6,6,6,6,1,1.95,1253,960,0,424.66666,483.5,407
2718,2011,10,407,135.66667,400,1,3,1.7166667,6,15,0,555.3333,544.3333,28
2718,2011,11,28,4.6666665,7,1,6,1.95,407,1253,0,147,444.83334,210
2730,2011,1,66,6.6,17,1,10,4.413,221,0,0,143.5,143.5,89
2730,2011,2,89,6.8461537,15,2,13,4.6254873,66,0,0,125.333336,125.333336,143
2730,2011,3,143,8.411765,50,1,17,5.242157,89,221,0,99.333336,129.75,219
2730,2011,4,219,14.6,72,1,15,4.059111,143,66,0,150.33333,147.6,301
2730,2011,5,301,18.8125,130,2,16,4.3261456,219,89,0,221,173.16667,188
2730,2011,6,188,11.058824,30,3,17,4.5745096,301,143,0,236,167.66667,137
2730,2011,7,137,9.785714,54,1,14,4.0571427,188,219,0,208.66667,179.5,138
2730,2011,8,138,9.2,49,1,15,5.1464443,137,301,0,154.33333,187.66667,204
2730,2011,9,204,12,48,2,17,4.356569,138,188,0,159.66667,197.83333,82
2730,2011,10,82,6.3076925,24,1,13,4.77,204,137,0,141.33333,175,144
2730,2011,11,144,7.5789475,40,1,19,5.81614,82,138,0,143.33333,148.83333,18
2734,2011,1,32,10.666667,24,2,3,1.25,6,0,0,19,19,7
2734,2011,2,7,2.3333333,4,1,3,1.6533333,32,0,0,15,15,50
2734,2011,3,50,12.5,36,1,4,1.855,7,6,0,29.666666,23.75,1
2734,2011,4,1,1,1,1,1,2.46,50,32,0,19.333334,19.2,20
2734,2011,5,20,5,12,1,4,1.25,1,7,0,23.666666,19.333334,8
2734,2011,6,8,2.6666667,5,1,3,1.6533333,20,50,0,9.666667,19.666666,10
2734,2011,7,10,3.3333333,5,1,3,1.6533333,8,1,0,12.666667,16,32
2734,2011,8,32,10.666667,24,2,3,1.6533333,10,20,0,16.666666,20.166666,2
2734,2011,9,2,1,1,1,2,1.855,32,8,0,14.666667,12.166667,49
2734,2011,10,49,6.125,24,1,8,1.5525,2,10,0,27.666666,20.166666,19
2734,2011,11,19,2.375,7,1,8,2.00625,49,32,0,23.333334,20,3
2738,2011,1,876,58.4,336,4,15,0.87766665,704,0,0,790,790,737
2738,2011,2,737,52.642857,108,12,14,0.8510714,876,0,0,772.3333,772.3333,1072
2738,2011,3,1072,53.6,180,4,20,0.88733333,737,704,0,895,847.25,1779
2738,2011,4,1779,88.95,228,12,20,0.9019107,1072,876,0,1196,1033.6,2104
2738,2011,5,2104,84.16,300,4,25,0.9553911,1779,737,0,1651.6666,1212,1342
2738,2011,6,1342,67.1,240,12,20,0.8793917,2104,1072,0,1741.6666,1318.3334,1294
2738,2011,7,1294,68.10526,232,12,19,0.90514034,1342,1779,0,1580,1388,828
2738,2011,8,828,51.75,120,12,16,0.8904167,1294,2104,0,1154.6666,1403.1666,1400
2738,2011,9,1400,87.5,492,4,16,0.8954167,828,1342,0,1174,1457.8334,473
2738,2011,10,473,33.785713,132,1,14,1.0158334,1400,1294,0,900.3333,1240.1666,892
2738,2011,11,892,42.47619,300,4,21,1.0497619,473,828,0,921.6667,1038.1666,104
2747,2011,1,31,5.1666665,20,1,6,1.265,15,0,0,23,23,31
2747,2011,2,31,6.2,12,1,5,1.136,31,0,0,25.666666,25.666666,62
2747,2011,3,62,20.666666,48,2,3,0.95,31,15,0,41.333332,34.75,7
2747,2011,4,7,2.3333333,3,2,3,0.95,62,31,0,33.333332,29.2,15
2747,2011,5,15,7.5,12,3,2,0.95,7,31,0,28,26.833334,3
2747,2011,6,3,1.5,2,1,2,0.95,15,62,0,8.333333,24.833334,35
2747,2011,7,35,8.75,14,1,4,0.95,3,7,0,17.666666,25.5,19
2747,2011,8,19,4.75,8,2,4,1.1825,35,15,0,19,23.5,3
2747,2011,9,3,3,3,3,1,0.95,19,3,0,19,13.666667,21
2747,2011,10,21,5.25,12,2,4,1.1825,3,35,0,14.333333,16,62
2747,2011,11,62,5.6363635,17,1,11,1.1895455,21,19,0,28.666666,23.833334,21
2757,2011,1,66,16.5,36,6,4,0.19,206,0,0,136,136,1380
2757,2011,2,1380,460,1248,36,3,0.19,66,0,0,550.6667,550.6667,129
2757,2011,3,129,25.8,48,9,5,0.19,1380,206,0,525,445.25,99
2757,2011,4,99,33,48,3,3,0.19,129,66,0,536,376,64
2757,2011,5,64,32,48,16,2,0.19,99,1380,0,97.333336,324,87
2757,2011,6,87,21.75,48,3,4,0.19,64,129,0,83.333336,304.16666,120
2757,2011,7,120,60,96,24,2,0.19,87,99,0,90.333336,313.16666,146
2757,2011,8,146,36.5,48,2,4,0.19,120,64,0,117.666664,107.5,402
2757,2011,9,402,57.42857,144,36,7,0.19,146,87,0,222.66667,153,146
2757,2011,10,146,24.333334,50,12,6,0.19,402,120,0,231.33333,160.83333,328
2757,2011,11,328,36.444443,144,12,9,0.19,146,146,0,292,204.83333,144
2759,2011,1,6,1.2,2,1,5,2.506,187,0,0,96.5,96.5,91
2759,2011,2,91,30.333334,84,2,3,2.0316668,6,0,0,94.666664,94.666664,32
2759,2011,3,32,5.3333335,20,1,6,2.1,91,187,0,43,79,16
2759,2011,4,16,5.3333335,8,3,3,3.115,32,6,0,46.333332,66.4,32
2759,2011,5,32,6.4,12,1,5,2.1,16,91,0,26.666666,60.666668,3
2759,2011,6,3,1.5,2,1,2,2.1,32,32,0,17,30,19
2759,2011,7,19,3.8,7,1,5,2.303,3,16,0,18,32.166668,87
2759,2011,8,87,9.666667,60,1,9,2.7538888,19,32,0,36.333332,31.5,21
2759,2011,9,21,4.2,12,1,5,2.1,87,3,0,42.333332,29.666666,84
2759,2011,10,84,12,48,1,7,2.6214285,21,19,0,64,41,97
2759,2011,11,97,5.105263,18,1,19,2.5095613,84,87,0,67.333336,51.833332,56
2761,2011,1,117,9.75,72,1,12,2.4041667,122,0,0,119.5,119.5,358
2761,2011,2,358,32.545456,144,1,11,2.0254545,117,0,0,199,199,100
2761,2011,3,100,11.111111,62,1,9,2.4007406,358,122,0,191.66667,174.25,131
2761,2011,4,131,16.375,72,1,8,2.04875,100,117,0,196.33333,165.6,132
2761,2011,5,132,13.2,84,1,10,2.0795,131,358,0,121,160,43
2761,2011,6,43,4.7777777,14,1,9,2.663889,132,100,0,102,146.83333,22
2761,2011,7,22,3.142857,7,1,7,2.39,43,131,0,65.666664,131,65
2761,2011,8,65,8.125,36,1,8,2.35375,22,132,0,43.333332,82.166664,71
2761,2011,9,71,11.833333,24,4,6,2.1,65,43,0,52.666668,77.333336,56
2761,2011,10,56,6.2222223,24,1,9,2.1,71,22,0,64,64.833336,41
2761,2011,11,41,2.7333333,6,1,15,2.506,56,65,0,56,49.666668,20
2762,2011,1,51,5.6666665,18,1,9,2.3255556,488,0,0,269.5,269.5,377
2762,2011,2,377,31.416666,146,1,12,2.04875,51,0,0,305.33334,305.33334,78
2762,2011,3,78,9.75,26,2,8,2.226875,377,488,0,168.66667,248.5,135
2762,2011,4,135,19.285715,100,1,7,2.4764285,78,51,0,196.66667,225.8,124
2762,2011,5,124,13.777778,96,1,9,2.19,135,377,0,112.333336,208.83333,135
2762,2011,6,135,15,72,1,9,2.0544446,124,78,0,131.33333,150,123
2762,2011,7,123,13.666667,72,1,9,2.28,135,135,0,127.333336,162,181
2762,2011,8,181,20.11111,112,1,9,2.5283334,123,124,0,146.33333,129.33333,223
2762,2011,9,223,18.583334,144,1,12,2.0658333,181,135,0,175.66667,153.5,76
2762,2011,10,76,6.909091,36,1,11,2.469091,223,123,0,160,143.66667,75
2762,2011,11,75,5.357143,15,1,14,2.4866667,76,181,0,124.666664,135.5,32
2765,2011,1,5,1.6666666,3,1,3,1.39,63,0,0,34,34,10
2765,2011,2,10,2.5,5,1,4,1.63,5,0,0,26,26,4
2765,2011,3,4,2,3,1,2,1.24,10,63,0,6.3333335,20.5,2
2765,2011,4,2,2,2,2,1,1.63,4,5,0,5.3333335,16.8,15
2765,2011,5,15,5,12,1,3,1.11,2,10,0,7,16.5,25
2765,2011,6,25,4.1666665,12,2,6,1.24,15,4,0,14,10.166667,24
2765,2011,7,24,3.4285715,10,1,7,1.5185714,25,2,0,21.333334,13.333333,11
2765,2011,8,11,3.6666667,7,1,3,1.37,24,15,0,20,13.5,54
2765,2011,9,54,7.714286,13,1,7,1.3514286,11,25,0,29.666666,21.833334,101
2765,2011,10,101,11.222222,24,2,9,0.91333336,54,24,0,55.333332,38.333332,245
2765,2011,11,245,18.846153,96,1,13,1.1638461,101,11,0,133.33333,76.666664,48
2767,2011,1,976,65.066666,648,9,15,1.4714445,555,0,0,765.5,765.5,190
2767,2011,2,190,15.833333,31,3,12,1.5591667,976,0,0,573.6667,573.6667,201
2767,2011,3,201,12.5625,27,3,16,1.7365625,190,555,0,455.66666,480.5,413
2767,2011,4,413,27.533333,81,3,15,1.6283333,201,976,0,268,467,288
2767,2011,5,288,22.153847,81,9,13,1.426923,413,190,0,300.66666,437.16666,148
2767,2011,6,148,14.8,36,3,10,1.561,288,201,0,283,369.33334,713
2767,2011,7,713,50.92857,438,9,14,1.5221429,148,413,0,383,325.5,219
2767,2011,8,219,18.25,108,3,12,1.7733333,713,288,0,360,330.33334,620
2767,2011,9,620,41.333332,216,3,15,1.6226667,219,148,0,517.3333,400.16666,654
2767,2011,10,654,29.727272,243,9,22,1.4760606,620,713,0,497.66666,440.33334,899
2767,2011,11,899,42.809525,156,3,21,1.6777381,654,219,0,724.3333,542.1667,102
2768,2011,1,55,5.5,16,1,10,9.658,23,0,0,39,39,23
2768,2011,2,23,2.5555556,6,1,9,12.961111,55,0,0,33.666668,33.666668,86
2768,2011,3,86,5.733333,32,1,15,10.116667,23,23,0,54.666668,46.75,28
2768,2011,4,28,3.1111112,6,1,9,12.961111,86,55,0,45.666668,43,45
2768,2011,5,45,4.5,24,1,10,10.888,28,23,0,53,43.333332,12
2768,2011,6,12,2.4,6,1,5,16.454,45,86,0,28.333334,41.5,16
2768,2011,7,16,1.6,2,1,10,9.95,12,28,0,24.333334,35,31
2768,2011,8,31,4.428571,16,1,7,10.515715,16,45,0,19.666666,36.333332,17
2768,2011,9,17,1.8888888,4,1,9,11.756667,31,12,0,21.333334,24.833334,32
2768,2011,10,32,2.6666667,6,1,12,9.95,17,16,0,26.666666,25.5,29
2768,2011,11,29,2.6363637,6,1,11,10.442727,32,31,0,26,22.833334,13
2773,2011,1,16,4,10,2,4,3.2225,50,0,0,33,33,1
2773,2011,2,1,1,1,1,1,3.29,16,0,0,22.333334,22.333334,6
2773,2011,3,6,2,4,1,3,3.1766667,1,50,0,7.6666665,18.25,6
2773,2011,4,6,3,4,2,2,2.95,6,16,0,4.3333335,15.8,13
2773,2011,5,13,6.5,12,1,2,2.95,6,1,0,8.333333,15.333333,18
2773,2011,6,18,18,18,18,1,2.95,13,6,0,12.333333,10,2
2773,2011,7,2,1,1,1,2,3.29,18,6,0,11,7.6666665,17
2773,2011,8,17,5.6666665,12,1,3,3.1766667,2,13,0,12.333333,10.333333,22
2773,2011,9,22,5.5,12,1,4,3.035,17,18,0,13.666667,13,44
2773,2011,10,44,4.4,12,1,10,3.018,22,2,0,27.666666,19.333334,49
2773,2011,11,49,3.5,13,1,14,3.0916667,44,17,0,38.333332,25.333334,208
2778,2011,1,18,3,6,1,6,3.0783334,117,0,0,67.5,67.5,23
2778,2011,2,23,3.2857144,12,1,7,2.5914285,18,0,0,52.666668,52.666668,7
2778,2011,3,7,1.4,3,1,5,2.846,23,117,0,16,41.25,9
2778,2011,4,9,1.8,5,1,5,2.698,7,18,0,13,34.8,35
2778,2011,5,35,7,28,1,5,2.801,9,23,0,17,34.833332,38
2778,2011,6,38,9.5,24,1,4,2.51,35,7,0,27.333334,21.666666,11
2778,2011,7,11,1.8333334,6,1,6,2.92,38,9,0,28,20.5,15
2778,2011,8,15,3,6,1,5,2.55,11,35,0,21.333334,19.166666,32
2778,2011,9,32,4.571429,12,1,7,2.5914285,15,38,0,19.333334,23.333334,52
2778,2011,10,52,5.2,24,1,10,2.579,32,11,0,33,30.5,77
2778,2011,11,77,4.2777777,15,1,18,2.7630093,52,15,0,53.666668,37.5,107
2781,2011,1,10,2,3,1,5,2.46,4,0,0,7,7,16
2781,2011,2,16,2.2857144,6,1,7,2.46,10,0,0,10,10,8
2781,2011,3,8,2,5,1,4,2.46,16,4,0,11.333333,9.5,1
2781,2011,4,1,1,1,1,1,2.46,8,10,0,8.333333,7.8,9
2781,2011,5,9,3,5,2,3,2.46,1,16,0,6,8,3
2781,2011,6,3,1.5,2,1,2,2.46,9,8,0,4.3333335,7.8333335,3
2781,2011,7,3,1.5,2,1,2,2.46,3,1,0,5,6.6666665,2
2781,2011,8,2,1,1,1,2,2.46,3,9,0,2.6666667,4.3333335,2
2781,2011,9,2,1,1,1,2,2.46,2,3,0,2.3333333,3.3333333,8
2781,2011,10,8,4,7,1,2,2.46,2,3,0,4,4.5,2
2781,2011,11,2,1,1,1,2,2.46,8,2,0,4,3.3333333,7
2785,2011,1,49,6.125,24,1,8,4.1675,72,0,0,60.5,60.5,11
2785,2011,2,11,2.2,6,1,5,5.866,49,0,0,44,44,55
2785,2011,3,55,9.166667,24,1,6,4.8133335,11,72,0,38.333332,46.75,6
2785,2011,4,6,2,3,1,3,4.923333,55,49,0,24,38.6,6
2785,2011,5,6,6,6,6,1,4.25,6,11,0,22.333334,33.166668,5
2785,2011,6,5,2.5,4,1,2,4.25,6,55,0,5.6666665,22,22
2785,2011,7,22,4.4,16,1,5,5.8366666,5,6,0,11,17.5,9
2785,2011,8,9,1.8,3,1,5,4.25,22,6,0,12,17.166666,13
2785,2011,9,13,2.6,6,1,5,5.058,9,5,0,14.666667,10.166667,22
2785,2011,10,22,5.5,18,1,4,5.655,13,22,0,14.666667,12.833333,36
2785,2011,11,36,36,36,36,1,3.81,22,9,0,23.666666,17.833334,18
2807,2011,1,36,5.142857,24,1,7,1.9414285,3,0,0,19.5,19.5,348
2807,2011,2,348,31.636364,197,1,11,1.9837879,36,0,0,129,129,1032
2807,2011,3,1032,73.71429,384,1,14,1.6257143,348,3,0,472,354.75,834
2807,2011,4,834,83.4,288,2,10,1.4596666,1032,36,0,738,450.6,1193
2807,2011,5,1193,79.53333,384,2,15,1.6780666,834,348,0,1019.6667,574.3333,424
2807,2011,6,424,30.285715,193,1,14,1.74,1193,1032,0,817,644.5,789
2807,2011,7,789,56.357143,216,1,14,1.5629762,424,834,0,802,770,1052
2807,2011,8,1052,70.13333,396,1,15,1.5063334,789,1193,0,755,887.3333,436
2807,2011,9,436,48.444443,174,1,9,1.5496297,1052,424,0,759,788,78
2807,2011,10,78,11.142858,36,4,7,1.5957143,436,789,0,522,662,875
2807,2011,11,875,46.05263,385,1,19,1.6503509,78,1052,0,463,609,14
2825,2011,1,17,2.125,4,1,8,1.04875,51,0,0,34,34,72
2825,2011,2,72,12,54,1,6,0.98,17,0,0,46.666668,46.666668,47
2825,2011,3,47,6.714286,23,1,7,1.11,72,51,0,45.333332,46.75,40
2825,2011,4,40,6.6666665,20,1,6,0.915,47,17,0,53,45.4,63
2825,2011,5,63,9,25,1,7,0.9614286,40,72,0,50,48.333332,28
2825,2011,6,28,4,10,1,7,0.9614286,63,47,0,43.666668,44.5,39
2825,2011,7,39,4.3333335,12,1,9,1.11,28,40,0,43.333332,48.166668,57
2825,2011,8,57,6.3333335,20,1,9,0.98,39,63,0,41.333332,45.666668,113
2825,2011,9,113,10.272727,48,1,11,0.9727273,57,28,0,69.666664,56.666668,24
2825,2011,10,24,3.4285715,12,1,7,1.1285714,113,39,0,64.666664,54,223
2825,2011,11,223,11.15,48,1,20,1.14175,24,57,0,120,80.666664,9
2828,2011,1,18,4.5,12,1,4,0.7325,14,0,0,16,16,3
2828,2011,2,3,1,1,1,3,0.83,18,0,0,11.666667,11.666667,3
2828,2011,3,3,1.5,2,1,2,0.83,3,14,0,8,9.5,2
2828,2011,4,2,1,1,1,2,0.83,3,18,0,2.6666667,8,2
2828,2011,5,2,1,1,1,2,0.83,2,3,0,2.3333333,7,7
2828,2011,6,7,3.5,6,1,2,0.625,2,3,0,3.6666667,5.8333335,28
2828,2011,7,28,9.333333,24,2,3,0.6766667,7,2,0,12.333333,7.5,19
2828,2011,8,19,3.8,12,1,5,0.584,28,2,0,18,10.166667,19
2828,2011,9,19,6.3333335,12,3,3,0.76166666,19,7,0,22,12.833333,41
2828,2011,10,41,6.8333335,27,1,6,0.7361111,19,28,0,26.333334,19.333334,15
2828,2011,11,15,3,6,2,5,0.584,41,19,0,25,21.5,10
2829,2011,1,12,2,4,1,6,0.835,14,0,0,13,13,4
2829,2011,2,4,2,3,1,2,0.83,12,0,0,10,10,4
2829,2011,3,4,2,2,2,2,0.83,4,14,0,6.6666665,8.5,3
2829,2011,4,3,1.5,2,1,2,0.625,4,12,0,3.6666667,7.4,1
2829,2011,5,1,1,1,1,1,0.83,3,4,0,2.6666667,6.3333335,3
2829,2011,6,3,1.5,2,1,2,0.83,1,4,0,2.3333333,4.5,30
2829,2011,7,30,6,24,1,5,0.656,3,3,0,11.333333,7.5,7
2829,2011,8,7,3.5,6,1,2,0.625,30,1,0,13.333333,8,26
2829,2011,9,26,4.3333335,18,1,6,0.83,7,3,0,21,11.666667,38
2829,2011,10,38,6.3333335,26,1,6,0.7361111,26,30,0,23.666666,17.5,5
2829,2011,11,5,1.25,2,1,4,0.83,38,7,0,23,18.166666,6
2838,2011,1,3,3,3,3,1,0.83,24,0,0,13.5,13.5,22
2838,2011,2,22,3.6666667,15,1,6,0.6933333,3,0,0,16.333334,16.333334,3
2838,2011,3,3,3,3,3,1,0.42,22,24,0,9.333333,13,45
2838,2011,4,45,15,15,15,3,0.42,3,3,0,23.333334,19.4,7
2838,2011,5,7,2.3333333,5,1,3,0.6933333,45,22,0,18.333334,17.333334,42
2838,2011,6,42,8.4,15,1,5,0.502,7,3,0,31.333334,20.333334,15
2838,2011,7,15,2.5,5,1,6,0.5566667,42,45,0,21.333334,22.333334,18
2838,2011,8,18,6,15,1,3,0.6933333,15,7,0,25,21.666666,57
2838,2011,9,57,11.4,20,1,5,0.543,18,42,0,30,30.666666,19
2838,2011,10,19,3.8,5,1,5,0.502,57,15,0,31.333334,26.333334,90
2838,2011,11,90,10,60,1,9,0.7161111,19,18,0,55.333332,40.166668,39
2839,2011,1,18,4.5,15,1,4,0.7325,27,0,0,22.5,22.5,43
2839,2011,2,43,8.6,15,2,5,0.502,18,0,0,29.333334,29.333334,317
2839,2011,3,317,105.666664,305,5,3,0.54,43,27,0,126,101.25,55
2839,2011,4,55,11,15,1,5,0.502,317,18,0,138.33333,92,8
2839,2011,5,8,2.6666667,5,1,3,0.5566667,55,43,0,126.666664,78,2
2839,2011,6,2,1,1,1,2,0.625,8,317,0,21.666666,73.833336,21
2839,2011,7,21,7,15,1,3,0.5566667,2,55,0,10.333333,74.333336,33
2839,2011,8,33,8.25,15,1,4,0.625,21,8,0,18.666666,72.666664,41
2839,2011,9,41,6.8333335,15,1,6,0.625,33,2,0,31.666666,26.666666,13
2839,2011,10,13,4.3333335,7,1,3,0.5566667,41,21,0,29,19.666666,84
2839,2011,11,84,10.5,30,1,8,0.625,13,33,0,46,32.333332,45
2840,2011,1,6,1.2,2,1,5,0.846,22,0,0,14,14,22
2840,2011,2,22,7.3333335,15,1,3,0.5566667,6,0,0,16.666666,16.666666,38
2840,2011,3,38,5.428571,15,1,7,0.625,22,22,0,22,22,31
2840,2011,4,31,10.333333,15,1,3,0.5566667,38,6,0,30.333334,23.8,7
2840,2011,5,7,2.3333333,5,1,3,0.6933333,31,22,0,25.333334,21,17
2840,2011,6,17,5.6666665,10,1,3,0.5566667,7,38,0,18.333334,20.166666,17
2840,2011,7,17,8.5,13,4,2,0.42,17,31,0,13.666667,22,23
2840,2011,8,23,11.5,21,2,2,0.7275,17,7,0,19,22.166666,38
2840,2011,9,38,7.6,15,1,5,0.584,23,17,0,26,22.166666,3
2840,2011,10,3,1,1,1,3,0.6933333,38,17,0,21.333334,17.5,26
2840,2011,11,26,8.666667,16,5,3,0.625,3,23,0,22.333334,20.666666,15
2841,2011,1,25,8.333333,12,1,3,0.85,6,0,0,15.5,15.5,2
2841,2011,2,2,2,2,2,1,0.85,25,0,0,11,11,5
2841,2011,3,5,2.5,3,2,2,0.85,2,6,0,10.666667,9.5,12
2841,2011,4,12,12,12,12,1,0.85,5,25,0,6.3333335,10,3
2841,2011,5,3,1.5,2,1,2,0.85,12,2,0,6.6666665,8.833333,12
2841,2011,6,12,12,12,12,1,0.85,3,5,0,9,9.833333,13
2841,2011,7,13,6.5,12,1,2,0.85,12,12,0,9.333333,7.8333335,12
2841,2011,8,12,12,12,12,1,0.85,13,3,0,12.333333,9.5,12
2841,2011,9,12,6,10,2,2,0.85,12,12,0,12.333333,10.666667,20
2841,2011,10,20,5,12,1,4,0.85,12,13,0,14.666667,12,23
2841,2011,11,23,4.6,12,1,5,1.084,20,12,0,18.333334,15.333333,14
2842,2011,1,39,9.75,24,1,4,0.85,2,0,0,20.5,20.5,42
2842,2011,2,42,10.5,12,6,4,0.85,39,0,0,27.666666,27.666666,147
2842,2011,3,147,49,144,1,3,0.77666664,42,2,0,76,57.5,36
2842,2011,4,36,12,12,12,3,0.85,147,39,0,75,53.2,74
2842,2011,5,74,12.333333,24,1,6,0.85,36,42,0,85.666664,56.666668,158
2842,2011,6,158,52.666668,144,2,3,0.77666664,74,147,0,89.333336,82.666664,53
2842,2011,7,53,7.571429,12,1,7,0.85,158,36,0,95,85,185
2842,2011,8,185,46.25,144,5,4,0.795,53,74,0,132,108.833336,87
2842,2011,9,87,12.428572,14,12,7,0.85,185,158,0,108.333336,98.833336,48
2842,2011,10,48,8,13,2,6,0.85,87,53,0,106.666664,100.833336,198
2842,2011,11,198,24.75,156,1,8,0.83625,48,185,0,111,121.5,36
2846,2011,1,1386,63,563,1,22,5.760184,1590,0,0,1488,1488,668
2846,2011,2,668,30.363636,149,1,22,6.856193,1386,0,0,1214.6666,1214.6666,514
2846,2011,3,514,24.47619,120,4,21,6.4838653,668,1590,0,856,1039.5,33
2846,2011,4,33,4.714286,13,1,7,9.105,514,1386,0,405,838.2,422
2846,2011,5,422,26.375,120,2,16,6.271375,33,668,0,323,768.8333,398
2846,2011,6,398,18.09091,59,1,22,6.4408107,422,514,0,284.33334,570.1667,840
2846,2011,7,840,40,528,2,21,7.006111,398,33,0,553.3333,479.16666,398
2846,2011,8,398,20.947369,72,1,19,6.917807,840,422,0,545.3333,434.16666,675
2846,2011,9,675,29.347826,170,1,23,7.183942,398,398,0,637.6667,461,828
2846,2011,10,828,37.636364,264,4,22,6.887803,675,840,0,633.6667,593.5,2092
2846,2011,11,2092,80.46154,650,1,26,7.170817,828,398,0,1198.3334,871.8333,462
2862,2011,1,166,18.444445,74,3,9,5.066111,138,0,0,152,152,42
2862,2011,2,42,14,34,2,3,4.9466667,166,0,0,115.333336,115.333336,72
2862,2011,3,72,24,24,24,3,3.39,42,138,0,93.333336,104.5,121
2862,2011,4,121,20.166666,28,6,6,3.54,72,166,0,78.333336,107.8,105
2862,2011,5,105,17.5,48,1,6,3.63,121,42,0,99.333336,107.333336,289
2862,2011,6,289,36.125,168,1,8,3.63,105,72,0,171.66667,132.5,49
2862,2011,7,49,8.166667,24,2,6,3.9991667,289,121,0,147.66667,113,108
2862,2011,8,108,18,72,1,6,3.63,49,105,0,148.66667,124,74
2862,2011,9,74,9.25,24,1,8,4.355625,108,289,0,77,124.333336,128
2862,2011,10,128,11.636364,49,1,11,4.7290907,74,49,0,103.333336,125.5,276
2862,2011,11,276,19.714285,72,1,14,5.2242856,128,108,0,159.33333,154,14
2867,2011,1,390,18.571428,82,1,21,3.0324602,535,0,0,462.5,462.5,469
2867,2011,2,469,21.318182,80,5,22,3.1033638,390,0,0,464.66666,464.66666,744
2867,2011,3,744,27.555555,147,1,27,3.029537,469,535,0,534.3333,534.5,485
2867,2011,4,485,23.095238,65,3,21,2.8238525,744,390,0,566,524.6,946
2867,2011,5,946,37.84,162,1,25,2.902705,485,469,0,725,594.8333,684
2867,2011,6,684,27.36,90,1,25,3.1116455,946,744,0,705,619.6667,908
2867,2011,7,908,34.923077,248,1,26,3.0420256,684,485,0,846,706,825
2867,2011,8,825,33,145,6,25,2.7697933,908,946,0,805.6667,765.3333,970
2867,2011,9,970,40.416668,338,2,24,3.1474445,825,684,0,901,803,794
2867,2011,10,794,33.083332,162,2,24,3.2808483,970,908,0,863,854.5,1107
2867,2011,11,1107,42.576923,233,2,26,3.3461869,794,825,0,957,881.3333,149
2869,2011,1,347,18.263159,96,3,19,7.202842,1347,0,0,847,847,355
2869,2011,2,355,16.904762,207,1,21,8.216644,347,0,0,683,683,520
2869,2011,3,520,22.608696,323,1,23,8.185464,355,1347,0,407.33334,642.25,241
2869,2011,4,241,12.684211,110,1,19,7.9399123,520,347,0,372,562,324
2869,2011,5,324,16.2,130,2,20,7.864804,241,355,0,361.66666,522.3333,560
2869,2011,6,560,25.454546,320,3,22,8.328651,324,520,0,375,391.16666,495
2869,2011,7,495,24.75,204,1,20,8.03275,560,241,0,459.66666,415.83334,265
2869,2011,8,265,12.045455,50,2,22,9.194439,495,324,0,440,400.83334,518
2869,2011,9,518,22.52174,338,1,23,8.596189,265,560,0,426,400.5,290
2869,2011,10,290,13.181818,120,1,22,8.868333,518,495,0,357.66666,408.66666,368
2869,2011,11,368,16,123,1,23,9.198571,290,265,0,392,416,390
2870,2011,1,159,8.368421,24,1,19,8.52386,230,0,0,194.5,194.5,99
2870,2011,2,99,5.8235292,24,1,17,9.911177,159,0,0,162.66667,162.66667,149
2870,2011,3,149,7.45,18,1,20,8.853333,99,230,0,135.66667,159.25,146
2870,2011,4,146,7.3,20,1,20,9.580667,149,159,0,131.33333,156.6,144
2870,2011,5,144,6.5454545,18,1,22,9.507576,146,99,0,146.33333,154.5,151
2870,2011,6,151,7.9473686,19,1,19,9.307333,144,149,0,147,141.33333,145
2870,2011,7,145,6.904762,30,1,21,9.916349,151,146,0,146.66667,139,208
2870,2011,8,208,8.32,32,1,25,9.108613,145,144,0,168,157.16667,163
2870,2011,9,163,8.15,24,1,20,9.164933,208,151,0,172,159.5,177
2870,2011,10,177,8.85,31,1,20,9.0546665,163,145,0,182.66667,164.66667,288
2870,2011,11,288,11.52,32,1,25,9.337733,177,208,0,209.33333,188.66667,91
2872,2011,1,395,17.954546,83,1,22,3.8376439,642,0,0,518.5,518.5,590
2872,2011,2,590,25.652174,145,4,23,3.4313695,395,0,0,542.3333,542.3333,709
2872,2011,3,709,26.25926,137,1,27,3.5001945,590,642,0,564.6667,584,174
2872,2011,4,174,13.384615,42,1,13,2.8987179,709,395,0,491,502,1
2872,2011,5,1,1,1,1,1,2.95,174,590,0,294.66666,418.5,443
2872,2011,6,443,20.136364,55,1,22,3.0518181,1,709,0,206,385.33334,590
2872,2011,7,590,24.583334,86,1,24,3.1319375,443,174,0,344.66666,417.83334,573
2872,2011,8,573,24.913044,120,1,23,3.3385797,590,1,0,535.3333,415,767
2872,2011,9,767,30.68,81,5,25,3.0839162,573,443,0,643.3333,424.66666,593
2872,2011,10,593,25.782608,84,1,23,3.1273658,767,590,0,644.3333,494.5,1059
2872,2011,11,1059,40.73077,123,6,26,3.1417801,593,573,0,806.3333,670.8333,213
2873,2011,1,180,12.857142,98,1,14,1.7590476,101,0,0,140.5,140.5,131
2873,2011,2,131,8.1875,37,1,16,1.5953125,180,0,0,137.33333,137.33333,422
2873,2011,3,422,26.375,301,1,16,1.7392708,131,101,0,244.33333,208.5,255
2873,2011,4,255,23.181818,96,1,11,1.6319697,422,180,0,269.33334,217.8,211
2873,2011,5,211,13.1875,99,1,16,1.6997917,255,131,0,296,216.66667,198
2873,2011,6,198,11.6470585,100,1,17,1.4589705,211,422,0,221.33333,232.83333,225
2873,2011,7,225,12.5,96,1,18,1.823,198,255,0,211.33333,240.33333,191
2873,2011,8,191,9.55,38,1,20,1.8035,225,211,0,204.66667,250.33333,398
2873,2011,9,398,24.875,289,1,16,1.9296875,191,198,0,271.33334,246.33333,81
2873,2011,10,81,3.857143,14,1,21,1.6824603,398,225,0,223.33333,217.33333,486
2873,2011,11,486,24.3,193,1,20,1.83745,81,191,0,321.66666,263.16666,39
2874,2011,1,80,8,37,1,10,1.923,155,0,0,117.5,117.5,345
2874,2011,2,345,19.166666,104,1,18,1.5211667,80,0,0,193.33333,193.33333,516
2874,2011,3,516,25.8,303,1,20,1.599575,345,155,0,313.66666,274,261
2874,2011,4,261,18.642857,96,1,14,1.5016667,516,80,0,374,271.4,95
2874,2011,5,95,5.9375,22,1,16,1.6867187,261,345,0,290.66666,242,75
2874,2011,6,75,4.1666665,17,1,18,1.5622222,95,516,0,143.66667,228.66667,311
2874,2011,7,311,16.368422,105,1,19,1.633728,75,261,0,160.33333,267.16666,264
2874,2011,8,264,15.529411,99,1,17,1.5847058,311,95,0,216.66667,253.66667,324
2874,2011,9,324,17.052631,193,1,19,1.6625439,264,75,0,299.66666,221.66667,59
2874,2011,10,59,3.2777777,13,1,18,1.6884723,324,311,0,215.66667,188,470
2874,2011,11,470,20.434782,192,1,23,1.7663769,59,264,0,284.33334,250.5,61
2875,2011,1,18,3.6,8,1,5,2.944,53,0,0,35.5,35.5,37
2875,2011,2,37,2.8461537,12,1,13,2.0573077,18,0,0,36,36,45
2875,2011,3,45,3.4615386,12,1,13,1.8137821,37,53,0,33.333332,38.25,49
2875,2011,4,49,4.4545455,12,1,11,1.8704545,45,18,0,43.666668,40.4,54
2875,2011,5,54,3,7,1,18,1.9128704,49,37,0,49.333332,42.666668,49
2875,2011,6,49,2.8823528,12,1,17,1.9798039,54,45,0,50.666668,42,78
2875,2011,7,78,4.105263,13,1,19,1.7949123,49,49,0,60.333332,52,73
2875,2011,8,73,4.0555553,10,1,18,1.9346297,78,54,0,66.666664,58,63
2875,2011,9,63,3.7058823,12,1,17,2.027647,73,49,0,71.333336,61,47
2875,2011,10,47,2.35,7,1,20,1.82975,63,78,0,61,60.666668,90
2875,2011,11,90,4.285714,15,1,21,1.8090476,47,73,0,66.666664,66.666664,57
2876,2011,1,100,6.25,25,1,16,0.8275,92,0,0,96,96,195
2876,2011,2,195,10.833333,25,1,18,0.62777776,100,0,0,129,129,115
2876,2011,3,115,7.6666665,23,1,15,0.7677778,195,92,0,136.66667,125.5,173
2876,2011,4,173,17.3,52,2,10,0.5836667,115,100,0,161,135,103
2876,2011,5,103,7.357143,25,1,14,0.65833336,173,195,0,130.33333,129.66667,89
2876,2011,6,89,5.5625,16,1,16,0.725,103,115,0,121.666664,129.16667,248
2876,2011,7,248,17.714285,144,2,14,0.63785714,89,173,0,146.66667,153.83333,236
2876,2011,8,236,14.75,59,1,16,0.7285417,248,103,0,191,160.66667,169
2876,2011,9,169,8.894737,50,1,19,0.7496491,236,89,0,217.66667,169.66667,157
2876,2011,10,157,8.722222,37,1,18,0.80277777,169,248,0,187.33333,167,83
2876,2011,11,83,4.368421,14,1,19,0.84166664,157,236,0,136.33333,163.66667,300
2877,2011,1,476,21.636364,252,1,22,0.8515985,240,0,0,358,358,504
2877,2011,2,504,22.90909,254,1,22,0.86605304,476,0,0,406.66666,406.66666,631
2877,2011,3,631,28.681818,252,1,22,0.80954546,504,240,0,537,462.75,527
2877,2011,4,527,29.277779,254,1,18,0.6699074,631,476,0,554,475.6,374
2877,2011,5,374,17,62,1,22,0.73700756,527,504,0,510.66666,458.66666,536
2877,2011,6,536,23.304348,161,1,23,0.76507246,374,631,0,479,508,375
2877,2011,7,375,17.857143,157,1,21,0.8611905,536,527,0,428.33334,491.16666,546
2877,2011,8,546,27.3,252,1,20,0.78825,375,374,0,485.66666,498.16666,734
2877,2011,9,734,30.583334,297,1,24,0.77458334,546,536,0,551.6667,515.3333,335
2877,2011,10,335,14.565217,51,1,23,0.8005797,734,375,0,538.3333,483.33334,407
2877,2011,11,407,17.695652,102,1,23,0.8397826,335,546,0,492,488.83334,198
2878,2011,1,479,28.17647,275,1,17,0.7372549,125,0,0,302,302,412
2878,2011,2,412,27.466667,250,1,15,0.70955557,479,0,0,338.66666,338.66666,550
2878,2011,3,550,23.913044,254,2,23,0.69268113,412,125,0,480.33334,391.5,256
2878,2011,4,256,15.058824,48,3,17,0.62196076,550,479,0,406,364.4,265
2878,2011,5,265,12.619047,48,1,21,0.6374603,256,412,0,357,347.83334,203
2878,2011,6,203,9.666667,78,1,21,0.71666664,265,550,0,241.33333,360.83334,253
2878,2011,7,253,14.882353,144,1,17,0.7664706,203,256,0,240.33333,323.16666,450
2878,2011,8,450,25,259,1,18,0.7635185,253,265,0,302,329.5,281
2878,2011,9,281,13.380953,55,1,21,0.7473016,450,203,0,328,284.66666,177
2878,2011,10,177,11.8,27,1,15,0.6627778,281,253,0,302.66666,271.5,309
2878,2011,11,309,14.045455,97,1,22,0.6815909,177,450,0,255.66667,278.83334,123
2879,2011,1,166,10.375,72,1,16,2.3659375,193,0,0,179.5,179.5,167
2879,2011,2,167,10.4375,85,1,16,2.3822916,166,0,0,175.33333,175.33333,316
2879,2011,3,316,14.363636,78,1,22,2.3453486,167,193,0,216.33333,210.5,484
2879,2011,4,484,28.470589,228,1,17,2.2359314,316,166,0,322.33334,265.2,270
2879,2011,5,270,14.210526,84,2,19,2.2394385,484,167,0,356.66666,266,309
2879,2011,6,309,15.45,146,1,20,2.372875,270,316,0,354.33334,285.33334,295
2879,2011,7,295,18.4375,73,1,16,2.2825,309,484,0,291.33334,306.83334,419
2879,2011,8,419,22.052631,84,2,19,2.2405262,295,270,0,341,348.83334,539
2879,2011,9,539,23.434782,99,1,23,2.402681,419,309,0,417.66666,386,426
2879,2011,10,426,18.52174,85,1,23,2.4844928,539,295,0,461.33334,376.33334,576
2879,2011,11,576,24,228,1,24,2.591771,426,419,0,513.6667,427.33334,207
2880,2011,1,233,10.590909,61,1,22,2.9047122,447,0,0,340,340,346
2880,2011,2,346,24.714285,95,2,14,2.7660477,233,0,0,342,342,681
2880,2011,3,681,30.954546,109,4,22,2.9471629,346,447,0,420,426.75,583
2880,2011,4,583,29.15,145,1,20,2.612231,681,233,0,536.6667,458,547
2880,2011,5,547,22.791666,80,1,24,2.7017658,583,346,0,603.6667,472.83334,425
2880,2011,6,425,20.238094,146,1,21,3.0364604,547,681,0,518.3333,469.16666,160
2880,2011,7,160,22.857143,96,1,7,4.5928574,425,583,0,377.33334,457,118
2880,2011,8,118,16.857143,30,5,7,4.551429,160,547,0,234.33333,419,1336
2880,2011,9,1336,60.727272,596,1,22,2.769053,118,425,0,538,528.1667,1181
2880,2011,10,1181,45.423077,449,1,26,2.857237,1336,160,0,878.3333,627.8333,939
2880,2011,11,939,37.56,256,3,25,2.7426696,1181,118,0,1152,693.1667,310
2882,2011,1,283,13.476191,75,1,21,2.4242144,409,0,0,346,346,264
2882,2011,2,264,13.894737,51,1,19,2.6150877,283,0,0,318.66666,318.66666,519
2882,2011,3,519,23.59091,144,2,22,2.2542424,264,409,0,355.33334,368.75,312
2882,2011,4,312,20.8,61,1,15,2.4048333,519,283,0,365,357.4,435
2882,2011,5,435,19.772728,63,1,22,2.5166516,312,264,0,422,370.33334,326
2882,2011,6,326,14.818182,56,1,22,2.433712,435,519,0,357.66666,356.5,679
2882,2011,7,679,30.863636,218,1,22,2.3094773,326,312,0,480,422.5,531
2882,2011,8,531,25.285715,74,1,21,2.4961905,679,435,0,512,467,1030
2882,2011,9,1030,42.916668,550,1,24,2.3934872,531,326,0,746.6667,552.1667,4
2882,2011,10,4,2,3,1,2,2.1,1030,679,0,521.6667,500.83334,828
2882,2011,11,828,207,676,7,4,2.5291667,4,531,0,620.6667,566.3333,394
2887,2011,1,201,11.823529,37,1,17,0.9727451,196,0,0,198.5,198.5,17
2887,2011,2,17,3.4,8,1,5,1.734,201,0,0,138,138,38
2887,2011,3,38,3.8,9,1,10,1.855,17,196,0,85.333336,113,4
2887,2011,4,4,1.3333334,2,1,3,1.6533333,38,201,0,19.666666,91.2,55
2887,2011,5,55,7.857143,40,1,7,1.65,4,17,0,32.333332,85.166664,8
2887,2011,6,8,2,3,1,4,1.5525,55,38,0,22.333334,53.833332,22
2887,2011,7,22,3.142857,8,1,7,1.7685714,8,4,0,28.333334,24,9
2887,2011,8,9,4.5,8,1,2,1.855,22,55,0,13,22.666666,19
2887,2011,9,19,2.375,8,1,8,1.855,9,8,0,16.666666,19.5,4
2887,2011,10,4,1.3333334,2,1,3,1.855,19,22,0,10.666667,19.5,9
2887,2011,11,9,2.25,5,1,4,2.00625,4,9,0,10.666667,11.833333,2
2889,2011,1,251,15.6875,54,1,16,0.87421876,128,0,0,189.5,189.5,14
2889,2011,2,14,2.3333333,8,1,6,2.0566666,251,0,0,131,131,17
2889,2011,3,17,2.8333333,8,1,6,1.855,14,128,0,94,102.5,6
2889,2011,4,6,1.5,2,1,4,1.5525,17,251,0,12.333333,83.2,55
2889,2011,5,55,11,48,1,5,1.651,6,14,0,26,78.5,10
2889,2011,6,10,3.3333333,8,1,3,2.0566666,55,17,0,23.666666,58.833332,6
2889,2011,7,6,1.2,2,1,5,1.976,10,6,0,23.666666,18,12
2889,2011,8,12,2.4,8,1,5,2.218,6,55,0,9.333333,17.666666,15
2889,2011,9,15,3.75,8,2,4,1.5525,12,10,0,11,17.333334,5
2889,2011,10,5,1.25,2,1,4,2.00625,15,6,0,10.666667,17.166666,18
2889,2011,11,18,6,9,1,3,1.6533333,5,12,0,12.666667,11,1
2890,2011,1,362,22.625,64,1,16,0.770375,212,0,0,287,287,2
2890,2011,2,2,1,1,1,2,1.25,362,0,0,192,192,7
2890,2011,3,7,2.3333333,4,1,3,1.25,2,212,0,123.666664,145.75,2
2890,2011,4,2,1,1,1,2,1.25,7,362,0,3.6666667,117,5
2890,2011,5,5,1.6666666,3,1,3,1.25,2,2,0,4.6666665,98.333336,15
2890,2011,6,15,3,8,1,5,1.613,5,7,0,7.3333335,65.5,19
2890,2011,7,19,2.7142856,8,1,7,1.5957143,15,2,0,13,8.333333,17
2890,2011,8,17,2.4285715,8,1,7,2.1142857,19,5,0,17,10.833333,28
2890,2011,9,28,3.5,9,1,8,1.855,17,15,0,21.333334,14.333333,7
2890,2011,10,7,1.4,2,1,5,2.218,28,19,0,17.333334,15.166667,20
2890,2011,11,20,5,9,1,4,1.855,7,17,0,18.333334,17.666666,1
2894,2011,1,38,12.666667,36,1,3,1.39,133,0,0,85.5,85.5,29
2894,2011,2,29,7.25,12,3,4,1.24,38,0,0,66.666664,66.666664,68
2894,2011,3,68,11.333333,24,2,6,0.85,29,133,0,45,67,2
2894,2011,4,2,2,2,2,1,1.63,68,38,0,33,54,51
2894,2011,5,51,10.2,14,1,5,1.006,2,29,0,40.333332,53.5,16
2894,2011,6,16,5.3333335,12,2,3,1.37,51,68,0,23,34,48
2894,2011,7,48,16,24,12,3,0.85,16,2,0,38.333332,35.666668,37
2894,2011,8,37,12.333333,24,1,3,0.85,48,51,0,33.666668,37,43
2894,2011,9,43,7.1666665,24,1,6,1.045,37,16,0,42.666668,32.833332,37
2894,2011,10,37,4.625,14,1,8,0.9475,43,48,0,39,38.666668,340
2894,2011,11,340,21.25,60,3,16,0.8621875,37,37,0,140,86.833336,77
2895,2011,1,211,16.23077,120,2,13,1.535,93,0,0,152,152,14
2895,2011,2,14,7,12,2,2,2.55,211,0,0,106,106,26
2895,2011,3,26,8.666667,12,2,3,2.55,14,93,0,83.666664,86,12
2895,2011,4,12,12,12,12,1,2.55,26,211,0,17.333334,71.2,12
2895,2011,5,12,12,12,12,1,2.55,12,14,0,16.666666,61.333332,2
2895,2011,6,2,2,2,2,1,2.55,12,26,0,8.666667,46.166668,16
2895,2011,7,16,5.3333335,12,2,3,2.55,2,12,0,10,13.666667,75
2895,2011,8,75,15,24,1,5,0.85,16,12,0,31,23.833334,154
2895,2011,9,154,17.11111,24,2,9,0.85,75,2,0,81.666664,45.166668,140
2895,2011,10,140,12.727273,48,1,11,1.2236364,154,16,0,123,66.5,386
2895,2011,11,386,21.444445,82,2,18,0.85,140,75,0,226.66667,128.83333,124
2897,2011,1,36,5.142857,24,1,7,6.8485713,1838,0,0,937,937,26
2897,2011,2,26,4.3333335,8,1,6,7.150833,36,0,0,633.3333,633.3333,18
2897,2011,3,18,3,10,1,6,5.9141665,26,1838,0,26.666666,479.5,5
2897,2011,4,5,1.6666666,2,1,3,6.2233334,18,36,0,16.333334,384.6,8
2897,2011,5,8,1.3333334,2,1,6,6.8416667,5,26,0,10.333333,321.83334,9
2897,2011,6,9,1.8,3,1,5,7.46,8,18,0,7.3333335,17,10
2897,2011,7,10,2,4,1,5,7.46,9,5,0,9,12.666667,27
2897,2011,8,27,3.857143,9,1,7,7.0164285,10,8,0,15.333333,12.833333,478
2897,2011,9,478,23.9,80,1,20,4.9129415,27,9,0,171.66667,89.5,595
2897,2011,10,595,24.791666,232,2,24,4.9287224,478,10,0,366.66666,187.83333,1313
2897,2011,11,1313,50.5,439,2,26,5.2559423,595,27,0,795.3333,405.33334,402
2898,2011,1,186,10.333333,74,1,18,5.379722,1264,0,0,725,725,93
2898,2011,2,93,7.1538463,24,1,13,5.4365387,186,0,0,514.3333,514.3333,42
2898,2011,3,42,3.2307692,6,1,13,6.7334614,93,1264,0,107,396.25,11
2898,2011,4,11,2.2,4,1,5,6.142,42,186,0,48.666668,319.2,23
2898,2011,5,23,3.2857144,8,1,7,6.8742857,11,93,0,25.333334,269.83334,25
2898,2011,6,25,2.5,8,1,10,6.996333,23,42,0,19.666666,63.333332,24
2898,2011,7,24,3,4,1,8,6.48375,25,11,0,24,36.333332,101
2898,2011,8,101,7.769231,24,1,13,5.2079487,24,23,0,50,37.666668,327
2898,2011,9,327,17.210526,88,1,19,5.0429296,101,25,0,150.66667,85.166664,242
2898,2011,10,242,10.521739,36,1,23,4.756703,327,24,0,223.33333,123.666664,705
2898,2011,11,705,27.115385,109,2,26,4.884718,242,101,0,424.66666,237.33333,280
2900,2011,1,64,4.571429,18,1,14,5.059643,298,0,0,181,181,27
2900,2011,2,27,2.4545455,4,1,11,6.637273,64,0,0,129.66667,129.66667,27
2900,2011,3,27,2.7,8,1,10,5.866,27,298,0,39.333332,104,11
2900,2011,4,11,2.75,4,1,4,4.25,27,64,0,21.666666,85.4,6
2900,2011,5,6,2,4,1,3,6.943333,11,27,0,14.666667,72.166664,9
2900,2011,6,9,4.5,8,1,2,6.27,6,27,0,8.666667,24,42
2900,2011,7,42,4.6666665,20,1,9,5.1477776,9,11,0,19,20.333334,46
2900,2011,8,46,4.181818,12,1,11,4.984545,42,6,0,32.333332,23.5,263
2900,2011,9,263,12.523809,55,1,21,5.232381,46,9,0,117,62.833332,221
2900,2011,10,221,9.208333,32,1,24,4.534167,263,42,0,176.66667,97.833336,409
2900,2011,11,409,17.041666,66,1,24,4.6938057,221,46,0,297.66666,165,83
2902,2011,1,25,2.0833333,5,1,12,5.81,130,0,0,77.5,77.5,11
2902,2011,2,11,1.8333334,4,1,6,4.963333,25,0,0,55.333332,55.333332,6
2902,2011,3,6,1.2,2,1,5,5.13,11,130,0,14,43,3
2902,2011,4,3,1.5,2,1,2,4.13,6,25,0,6.6666665,35,6
2902,2011,5,6,1.2,2,1,5,4.338,3,11,0,5,30.166666,6
2902,2011,6,6,2,3,1,3,4.3033333,6,6,0,5,9.5,13
2902,2011,7,13,2.1666667,5,1,6,4.13,6,3,0,8.333333,7.5,6
2902,2011,8,6,1.5,2,1,4,4.23375,13,6,0,8.333333,6.6666665,35
2902,2011,9,35,3.1818182,9,1,11,4.5027275,6,6,0,18,11.5,36
2902,2011,10,36,2.7692308,10,1,13,4.4566665,35,13,0,25.666666,17,45
2902,2011,11,45,3,9,1,15,4.262889,36,6,0,38.666668,23.5,109
2904,2011,1,10,1.4285715,2,1,7,5.5971427,76,0,0,43,43,10
2904,2011,2,10,1.6666666,2,1,6,4.13,10,0,0,32,32,3
2904,2011,3,3,1,1,1,3,4.13,10,76,0,7.6666665,24.75,6
2904,2011,4,6,3,4,2,2,4.13,3,10,0,6.3333335,21,3
2904,2011,5,3,1,1,1,3,5.7966666,6,10,0,4,18,7
2904,2011,6,7,1.75,3,1,4,5.51,3,3,0,5.3333335,6.5,30
2904,2011,7,30,3.3333333,17,1,9,4.2166667,7,6,0,13.333333,9.833333,12
2904,2011,8,12,2.4,6,1,5,5.2755,30,3,0,16.333334,10.166667,38
2904,2011,9,38,2.9230769,10,1,13,4.791154,12,7,0,26.666666,16,33
2904,2011,10,33,2.357143,6,1,14,4.435595,38,30,0,27.666666,20.5,42
2904,2011,11,42,3,8,1,14,4.2785716,33,12,0,37.666668,27,34
2905,2011,1,73,4.5625,20,1,16,3.2869792,315,0,0,194,194,5
2905,2011,2,5,1.6666666,3,1,3,3.29,73,0,0,131,131,17
2905,2011,3,17,2.4285715,6,1,7,3.192857,5,315,0,31.666666,102.5,4
2905,2011,4,4,1,1,1,4,3.29,17,73,0,8.666667,82.8,17
2905,2011,5,17,1.8888888,6,1,9,3.8455555,4,5,0,12.666667,71.833336,14
2905,2011,6,14,2,4,1,7,4.337143,17,17,0,11.666667,21.666666,30
2905,2011,7,30,3,8,1,10,3.506,14,4,0,20.333334,14.5,33
2905,2011,8,33,2.5384614,13,1,13,3.3776922,30,17,0,25.666666,19.166666,91
2905,2011,9,91,5.0555553,17,1,18,3.7952778,33,14,0,51.333332,31.5,92
2905,2011,10,92,4.3809524,12,1,21,3.4103174,91,30,0,72,46.166668,162
2905,2011,11,162,7.0434785,20,1,23,3.5234058,92,33,0,115,70.333336,152
2906,2011,1,40,2.857143,9,1,14,3.3089285,223,0,0,131.5,131.5,15
2906,2011,2,15,2.5,6,1,6,4.0666666,40,0,0,92.666664,92.666664,10
2906,2011,3,10,3.3333333,6,1,3,3.0633333,15,223,0,21.666666,72,3
2906,2011,4,3,1,1,1,3,4.8433332,10,40,0,9.333333,58.2,5
2906,2011,5,5,1.25,2,1,4,3.83,3,15,0,6,49.333332,12
2906,2011,6,12,2,6,1,6,3.565,5,10,0,6.6666665,14.166667,15
2906,2011,7,15,2.142857,5,1,7,3.192857,12,3,0,10.666667,10,13
2906,2011,8,13,2.1666667,4,1,6,3.48,15,5,0,13.333333,9.666667,51
2906,2011,9,51,3.9230769,14,1,13,3.1548717,13,12,0,26.333334,16.5,74
2906,2011,10,74,3.7,10,1,20,3.1044166,51,15,0,46,28.333334,160
2906,2011,11,160,7.6190476,18,1,21,3.145635,74,13,0,95,54.166668,318
2910,2011,1,1492,124.333336,624,1,12,0.3090278,5195,0,0,3343.5,3343.5,3518
2910,2011,2,3518,293.16666,2640,1,12,0.30291668,1492,0,0,3401.6667,3401.6667,3888
2910,2011,3,3888,204.63158,1296,48,19,0.27842104,3518,5195,0,2966,3523.25,10239
2910,2011,4,10239,538.8947,2304,48,19,0.29008773,3888,1492,0,5881.6665,4866.4,4949
2910,2011,5,4949,247.45,1200,48,20,0.2865,10239,3518,0,6358.6665,4880.1665,2122
2910,2011,6,2122,106.1,384,1,20,0.33683333,4949,3888,0,5770,4368,3762
2910,2011,7,3762,179.14285,672,48,21,0.33476192,2122,10239,0,3611,4746.3335,2261
2910,2011,8,2261,133,576,2,17,0.34,3762,4949,0,2715,4536.8335,3515
2910,2011,9,3515,146.45833,624,11,24,0.31077382,2261,2122,0,3179.3333,4474.6665,8180
2910,2011,10,8180,340.83334,4848,48,24,0.31680554,3515,3762,0,4652,4131.5,4559
2910,2011,11,4559,189.95833,384,19,24,0.36073413,8180,2261,0,5418,4066.5,1367
2911,2011,1,45,3.75,16,1,12,49.04375,29,0,0,37,37,41
2911,2011,2,41,6.8333335,20,1,6,43.701668,45,0,0,38.333332,38.333332,35
2911,2011,3,35,5,24,1,7,47.238,41,29,0,40.333332,37.5,14
2911,2011,4,14,1.5555556,3,1,9,44.51926,35,45,0,30,32.8,46
2911,2011,5,46,5.75,19,1,8,47.659374,14,41,0,31.666666,35,56
2911,2011,6,56,4.3076925,19,1,13,42.579487,46,35,0,38.666668,39.5,57
2911,2011,7,57,5.181818,26,1,11,44.901516,56,14,0,53,41.5,33
2911,2011,8,33,2.75,14,1,12,43.701668,57,46,0,48.666668,40.166668,7
2911,2011,9,7,1.4,3,1,5,49.12,33,56,0,32.333332,35.5,21
2911,2011,10,21,1.75,5,1,12,45.299168,7,57,0,20.333334,36.666668,27
2911,2011,11,27,1.9285715,8,1,14,41.557858,21,33,0,18.333334,33.5,4
2921,2011,1,545,90.833336,486,5,6,1.3491666,529,0,0,537,537,344
2921,2011,2,344,49.142857,240,1,7,1.5407143,545,0,0,472.66666,472.66666,366
2921,2011,3,366,40.666668,96,6,9,0.65,344,529,0,418.33334,446,1386
2921,2011,4,1386,231,1200,18,6,0.6116667,366,545,0,698.6667,634,776
2921,2011,5,776,51.733334,480,1,15,1.2093333,1386,344,0,842.6667,657.6667,1741
2921,2011,6,1741,133.92308,493,6,13,0.7192308,776,366,0,1301,859.6667,1357
2921,2011,7,1357,113.083336,960,1,12,0.6308333,1741,1386,0,1291.3334,995,612
2921,2011,8,612,153,528,24,4,0.62125,1357,776,0,1236.6666,1039.6666,1512
2921,2011,9,1512,302.4,960,24,5,0.558,612,1741,0,1160.3334,1230.6666,534
2921,2011,10,534,178,480,6,3,0.5733333,1512,1357,0,886,1088.6666,565
2921,2011,11,565,80.71429,480,2,7,1.2328571,534,612,0,870.3333,1053.5,48
2932,2011,1,2,1,1,1,2,0.83,12,0,0,7,7,3
2932,2011,2,3,1,1,1,3,0.83,2,0,0,5.6666665,5.6666665,37
2932,2011,3,37,9.25,12,1,4,0.5225,3,12,0,14,13.5,37
2932,2011,4,37,18.5,36,1,2,0.625,37,2,0,25.666666,18.2,14
2932,2011,5,14,4.6666665,12,1,3,0.6933333,37,3,0,29.333334,17.5,37
2932,2011,6,37,9.25,12,1,4,0.5225,14,37,0,29.333334,21.666666,1
2932,2011,7,1,1,1,1,1,0.83,37,37,0,17.333334,21.5,25
2932,2011,8,25,8.333333,12,1,3,0.5566667,1,14,0,21,25.166666,1
2932,2011,9,1,1,1,1,1,0.83,25,37,0,9,19.166666,3
2932,2011,10,3,3,3,3,1,0.83,1,1,0,9.666667,13.5,1
2932,2011,11,1,1,1,1,1,0.83,3,25,0,1.6666666,11.333333,1
2938,2011,1,25,2.7777777,4,1,9,4.7788887,24,0,0,24.5,24.5,14
2938,2011,2,14,3.5,8,1,4,4.885,25,0,0,21,21,25
2938,2011,3,25,2.0833333,4,1,12,4.885,14,24,0,21.333334,22,54
2938,2011,4,54,6,12,2,9,3.71,25,25,0,31,28.4,10
2938,2011,5,10,1.6666666,4,1,6,5.2633333,54,14,0,29.666666,25.333334,37
2938,2011,6,37,2.8461537,8,1,13,5.5834618,10,25,0,33.666668,27.5,20
2938,2011,7,20,3.3333333,4,2,6,3.75,37,54,0,22.333334,26.666666,53
2938,2011,8,53,5.888889,16,1,9,4.4866667,20,10,0,36.666668,33.166668,28
2938,2011,9,28,3.5,5,1,8,4.60125,53,37,0,33.666668,33.666668,36
2938,2011,10,36,7.2,20,2,5,3.726,28,20,0,39,30.666666,48
2938,2011,11,48,3.4285715,10,1,14,4.830952,36,53,0,37.333332,37,6
2943,2011,1,39,3.25,7,1,12,5.012361,2344,0,0,1191.5,1191.5,31
2943,2011,2,31,3.4444444,7,1,9,5.5594444,39,0,0,804.6667,804.6667,11
2943,2011,3,11,2.2,3,1,5,5.624,31,2344,0,27,606.25,6
2943,2011,4,6,6,6,6,1,4.1566668,11,39,0,16,486.2,60
2943,2011,5,60,30,48,12,2,2.55,6,31,0,25.666666,415.16666,7
2943,2011,6,7,1.4,3,1,5,3.755,60,11,0,24.333334,25.666666,128
2943,2011,7,128,32,120,1,4,2.4375,7,6,0,65,40.5,116
2943,2011,8,116,12.888889,60,3,9,2.8177779,128,60,0,83.666664,54.666668,764
2943,2011,9,764,38.2,276,1,20,3.315,116,7,0,336,180.16667,2011
2943,2011,10,2011,87.434784,611,1,23,2.8983138,764,128,0,963.6667,514.3333,3066
2943,2011,11,3066,117.92308,693,2,26,3.1963375,2011,116,0,1947,1015.3333,893
2945,2011,1,101,9.181818,38,1,11,5.363333,53,0,0,77,77,55
2945,2011,2,55,7.857143,36,1,7,10.524285,101,0,0,69.666664,69.666664,8
2945,2011,3,8,8,8,8,1,6.95,55,53,0,54.666668,54.25,12
2945,2011,4,12,12,12,12,1,5.95,8,101,0,25,45.8,52
2945,2011,5,52,17.333334,48,2,3,6.616667,12,55,0,24,46.833332,10
2945,2011,6,10,2.5,7,1,4,6.37,52,8,0,24.666666,39.666668,40
2945,2011,7,40,2.857143,8,1,14,6.0385714,10,12,0,34,29.5,21
2945,2011,8,21,4.2,12,1,5,6.75,40,52,0,23.666666,23.833334,12
2945,2011,9,12,4,6,2,3,6.95,21,10,0,24.333334,24.5,4
2945,2011,10,4,2,2,2,2,6.95,12,40,0,12.333333,23.166666,36
2945,2011,11,36,7.2,24,2,5,6.75,4,21,0,17.333334,20.5,20
2948,2011,1,645,32.25,158,1,20,2.2557917,426,0,0,535.5,535.5,452
2948,2011,2,452,22.6,156,1,20,2.3052084,645,0,0,507.66666,507.66666,540
2948,2011,3,540,23.47826,103,1,23,2.4340942,452,426,0,545.6667,515.75,159
2948,2011,4,159,9.3529415,24,1,17,2.4906862,540,645,0,383.66666,444.4,205
2948,2011,5,205,15.769231,61,2,13,2.3602564,159,452,0,301.33334,404.5,171
2948,2011,6,171,9.5,37,1,18,2.2691667,205,540,0,178.33333,362,83
2948,2011,7,83,4.882353,14,1,17,2.3786275,171,159,0,153,268.33334,168
2948,2011,8,168,9.333333,24,1,18,2.6262963,83,205,0,140.66667,221,353
2948,2011,9,353,17.65,50,1,20,2.3475,168,171,0,201.33333,189.83333,358
2948,2011,10,358,16.272728,68,1,22,2.506,353,83,0,293,223,608
2948,2011,11,608,24.32,111,2,25,2.62171,358,168,0,439.66666,290.16666,153
2949,2011,1,1096,45.666668,145,4,24,1.3983773,252,0,0,674,674,413
2949,2011,2,413,17.956522,43,3,23,1.8491206,1096,0,0,587,587,625
2949,2011,3,625,26.041666,145,2,24,1.4837828,413,252,0,711.3333,596.5,251
2949,2011,4,251,14.764706,38,1,17,1.4774426,625,1096,0,429.66666,527.4,259
2949,2011,5,259,12.333333,60,1,21,1.5301588,251,413,0,378.33334,482.66666,283
2949,2011,6,283,14.15,61,1,20,1.6163571,259,625,0,264.33334,487.83334,546
2949,2011,7,546,36.4,289,1,15,1.6467222,283,251,0,362.66666,396.16666,172
2949,2011,8,172,10.75,30,1,16,1.686875,546,259,0,333.66666,356,246
2949,2011,9,246,14.470589,63,1,17,1.7256372,172,283,0,321.33334,292.83334,635
2949,2011,10,635,26.458334,157,1,24,1.582118,246,546,0,351,356.83334,1390
2949,2011,11,1390,55.6,784,2,25,1.7789433,635,172,0,757,545.3333,182
2950,2011,1,583,34.294117,144,4,17,1.7099874,411,0,0,497,497,379
2950,2011,2,379,18.95,61,1,20,1.5861833,583,0,0,457.66666,457.66666,569
2950,2011,3,569,22.76,145,1,25,1.5597733,379,411,0,510.33334,485.5,548
2950,2011,4,548,28.842106,163,3,19,1.5448183,569,583,0,498.66666,498,391
2950,2011,5,391,16.291666,60,1,24,1.6294792,548,379,0,502.66666,480.16666,465
2950,2011,6,465,21.136364,156,1,22,1.8691007,391,569,0,468,489.16666,292
2950,2011,7,292,14.6,39,1,20,1.6526834,465,548,0,382.66666,440.66666,466
2950,2011,8,466,23.3,149,1,20,1.4459167,292,391,0,407.66666,455.16666,289
2950,2011,9,289,15.210526,48,1,19,1.5672369,466,465,0,349,408.5,734
2950,2011,10,734,38.63158,158,1,19,1.6458684,289,292,0,496.33334,439.5,505
2950,2011,11,505,20.2,98,1,25,1.7681614,734,466,0,509.33334,458.5,173
2954,2011,1,177,9.315789,37,1,19,3.8607018,286,0,0,231.5,231.5,314
2954,2011,2,314,19.625,136,1,16,4.191146,177,0,0,259,259,246
2954,2011,3,246,12.3,102,1,20,4.7805,314,286,0,245.66667,255.75,42
2954,2011,4,42,4.2,12,1,10,4.5385,246,177,0,200.66667,213,216
2954,2011,5,216,15.428572,128,1,14,4.515714,42,314,0,168,213.5,77
2954,2011,6,77,6.4166665,20,1,12,4.61,216,246,0,111.666664,178.66667,79
2954,2011,7,79,7.9,32,1,10,4.317,77,42,0,124,162.33333,327
2954,2011,8,327,23.357143,132,1,14,4.4935713,79,216,0,161,164.5,68
2954,2011,9,68,7.5555553,13,2,9,4.3033333,327,77,0,158,134.83333,72
2954,2011,10,72,8,48,1,9,5.5077777,68,79,0,155.66667,139.83333,79
2954,2011,11,79,4.9375,24,1,16,4.6675,72,327,0,73,117,33
2975,2011,1,193,10.157895,35,1,19,3.6003509,42,0,0,117.5,117.5,81
2975,2011,2,81,6.75,28,1,12,4.062222,193,0,0,105.333336,105.333336,42
2975,2011,3,42,4.2,12,1,10,4.6775,81,42,0,105.333336,89.5,37
2975,2011,4,37,4.111111,12,1,9,4.9866667,42,193,0,53.333332,79,34
2975,2011,5,34,3.4,12,1,10,4.121,37,81,0,37.666668,71.5,136
2975,2011,6,136,9.066667,72,1,15,4.6326666,34,42,0,69,87.166664,78
2975,2011,7,78,5.2,11,1,15,3.474,136,37,0,82.666664,68,33
2975,2011,8,33,3.6666667,12,1,9,4.5744443,78,34,0,82.333336,60,55
2975,2011,9,55,3.9285715,8,1,14,4.81,33,136,0,55.333332,62.166668,80
2975,2011,10,80,6.6666665,24,1,12,5.0745835,55,78,0,56,69.333336,78
2975,2011,11,78,4.5882354,16,1,17,4.8411765,80,33,0,71,76.666664,7
2977,2011,1,58,4.4615383,15,1,13,3.4419231,11,0,0,34.5,34.5,15
2977,2011,2,15,3,8,1,5,4.492,58,0,0,28,28,19
2977,2011,3,19,3.1666667,5,1,6,4.3683333,15,11,0,30.666666,25.75,12
2977,2011,4,12,6,8,4,2,3.75,19,58,0,15.333333,23,7
2977,2011,5,7,2.3333333,4,1,3,3.75,12,15,0,12.666667,20.333334,4
2977,2011,6,4,1.3333334,2,1,3,3.75,7,19,0,7.6666665,19.166666,23
2977,2011,7,23,2.875,5,1,8,3.4433334,4,12,0,11.333333,13.333333,10
2977,2011,8,10,2.5,4,1,4,3.75,23,7,0,12.333333,12.5,12
2977,2011,9,12,6,8,4,2,3.75,10,4,0,15,11.333333,11
2977,2011,10,11,2.75,4,1,4,3.75,12,23,0,11,11.166667,26
2977,2011,11,26,6.5,12,1,4,3.75,11,10,0,16.333334,14.333333,9
2979,2011,1,29,2.6363637,12,1,11,3.486818,4,0,0,16.5,16.5,28
2979,2011,2,28,14,24,4,2,3.35,29,0,0,20.333334,20.333334,6
2979,2011,3,6,1.5,2,1,4,4.6775,28,4,0,21,16.75,6
2979,2011,4,6,2,3,1,3,6.2233334,6,29,0,13.333333,14.6,3
2979,2011,5,3,3,3,3,1,7.46,6,28,0,5,12.666667,3
2979,2011,6,3,3,3,3,1,3.29,3,6,0,4,12.5,17
2979,2011,7,17,2.4285715,6,1,7,3.29,3,6,0,7.6666665,10.5,10
2979,2011,8,10,3.3333333,4,2,3,3.75,17,3,0,10,7.5,2
2979,2011,9,2,2,2,2,1,3.75,10,3,0,9.666667,6.8333335,10
2979,2011,10,10,3.3333333,4,2,3,3.75,2,17,0,7.3333335,7.5,11
2979,2011,11,11,2.75,4,2,4,4.21375,10,10,0,7.6666665,8.833333,2
2984,2011,1,94,5.529412,15,1,17,2.1059804,45,0,0,69.5,69.5,60
2984,2011,2,60,5,12,1,12,1.8718055,94,0,0,66.333336,66.333336,95
2984,2011,3,95,8.636364,20,1,11,1.6716666,60,45,0,83,73.5,43
2984,2011,4,43,4.3,10,1,10,1.613,95,94,0,66,67.4,148
2984,2011,5,148,14.8,100,1,10,1.5738333,43,60,0,95.333336,80.833336,164
2984,2011,6,164,10.25,100,1,16,1.691875,148,95,0,118.333336,100.666664,80
2984,2011,7,80,5,21,1,16,1.7289584,164,43,0,130.66667,98.333336,63
2984,2011,8,63,5.7272725,10,1,11,1.58,80,148,0,102.333336,98.833336,128
2984,2011,9,128,8,20,1,16,1.5651041,63,164,0,90.333336,104.333336,90
2984,2011,10,90,5.2941175,22,1,17,1.5940197,128,80,0,93.666664,112.166664,130
2984,2011,11,130,8.666667,21,1,15,1.6533333,90,63,0,116,109.166664,61
2986,2011,1,33,3.6666667,13,1,9,1.9557407,4,0,0,18.5,18.5,11
2986,2011,2,11,5.5,10,1,2,1.25,33,0,0,16,16,8
2986,2011,3,8,1.6,2,1,5,1.734,11,4,0,17.333334,14,11
2986,2011,4,11,1.8333334,3,1,6,1.855,8,33,0,10,13.4,3
2986,2011,5,3,1.5,2,1,2,1.855,11,11,0,7.3333335,11.666667,5
2986,2011,6,5,2.5,3,2,2,1.855,3,8,0,6.3333335,11.833333,15
2986,2011,7,15,3.75,10,1,4,1.855,5,11,0,7.6666665,8.833333,23
2986,2011,8,23,5.75,10,1,4,1.5525,15,3,0,14.333333,10.833333,3
2986,2011,9,3,3,3,3,1,1.25,23,5,0,13.666667,10,7
2986,2011,10,7,1.4,2,1,5,1.734,3,15,0,11,9.333333,8
2986,2011,11,8,1.6,2,1,5,1.492,7,23,0,6,10.166667,3
2989,2011,1,62,6.888889,25,1,9,2.9433334,79,0,0,70.5,70.5,48
2989,2011,2,48,48,48,48,1,2.55,62,0,0,63,63,54
2989,2011,3,54,9,48,1,6,4.02,48,79,0,54.666668,60.75,6
2989,2011,4,6,2,4,1,3,5.79,54,62,0,36,49.8,46
2989,2011,5,46,5.75,24,1,8,2.385,6,48,0,35.333332,49.166668,51
2989,2011,6,51,12.75,48,1,4,2.385,46,54,0,34.333332,44.5,10
2989,2011,7,10,2,3,1,5,3.52,51,6,0,35.666668,35.833332,8
2989,2011,8,8,2,3,1,4,2.385,10,46,0,23,29.166666,27
2989,2011,9,27,9,25,1,3,3.2677777,8,51,0,15,24.666666,5
2989,2011,10,5,1,1,1,5,2.158,27,10,0,13.333333,24.5,103
2989,2011,11,103,8.583333,26,2,12,1.25,5,8,0,45,34,13
2990,2011,1,72,6.5454545,24,1,11,3.361818,30,0,0,51,51,2
2990,2011,2,2,1,1,1,2,5.79,72,0,0,34.666668,34.666668,23
2990,2011,3,23,3.2857144,7,1,7,2.2228572,2,30,0,32.333332,31.75,4
2990,2011,4,4,2,3,1,2,3.52,23,72,0,9.666667,26.2,65
2990,2011,5,65,6.5,24,1,10,2.0445,4,2,0,30.666666,32.666668,76
2990,2011,6,76,10.857142,48,1,7,1.7904762,65,23,0,48.333332,40.333332,18
2990,2011,7,18,3,8,1,6,2.385,76,4,0,53,31.333334,22
2990,2011,8,22,3.142857,6,1,7,1.8985714,18,65,0,38.666668,34.666668,20
2990,2011,9,20,6.6666665,15,2,3,1.25,22,76,0,20,34.166668,41
2990,2011,10,41,5.125,24,1,8,1.8175,20,18,0,27.666666,40.333332,85
2990,2011,11,85,5,26,1,17,1.9621569,41,22,0,48.666668,43.666668,14
2999,2011,1,118,9.833333,32,1,12,0.9225,67,0,0,92.5,92.5,51
2999,2011,2,51,7.285714,23,1,7,1.0357143,118,0,0,78.666664,78.666664,26
2999,2011,3,26,6.5,17,2,4,0.95375,51,67,0,65,65.5,78
2999,2011,4,78,13,48,2,6,0.8525,26,118,0,51.666668,68,107
2999,2011,5,107,13.375,49,1,8,0.785,78,51,0,70.333336,74.5,41
2999,2011,6,41,6.8333335,16,1,6,0.785,107,26,0,75.333336,70.166664,81
2999,2011,7,81,8.1,32,1,10,0.893,41,78,0,76.333336,64,209
2999,2011,8,209,20.9,144,1,10,0.789,81,107,0,110.333336,90.333336,86
2999,2011,9,86,9.555555,32,1,9,0.905,209,41,0,125.333336,100.333336,295
2999,2011,10,295,21.071428,144,1,14,0.8264286,86,81,0,196.66667,136.5,166
2999,2011,11,166,9.764706,48,1,17,0.9597059,295,209,0,182.33333,146.33333,7
3001,2011,1,190,14.615385,100,1,13,0.5965385,165,0,0,177.5,177.5,73
3001,2011,2,73,8.111111,16,1,9,0.6022222,190,0,0,142.66667,142.66667,204
3001,2011,3,204,12,35,1,17,0.55264705,73,165,0,155.66667,158,239
3001,2011,4,239,23.9,102,2,10,0.47466666,204,190,0,172,174.2,197
3001,2011,5,197,14.071428,49,1,14,0.54690474,239,73,0,213.33333,178,289
3001,2011,6,289,19.266666,66,2,15,0.502,197,204,0,241.66667,198.66667,319
3001,2011,7,319,15.95,51,1,20,0.45929167,289,239,0,268.33334,220.16667,319
3001,2011,8,319,16.789474,64,1,19,0.4703509,319,197,0,309,261.16666,119
3001,2011,9,119,7,20,1,17,0.6129412,319,289,0,252.33333,247,372
3001,2011,10,372,15.5,69,1,24,0.50256944,119,319,0,270,269.16666,543
3001,2011,11,543,23.608696,71,1,23,0.531413,372,319,0,344.66666,326.83334,109
3003,2011,1,172,24.571428,80,1,7,0.5985714,63,0,0,117.5,117.5,50
3003,2011,2,50,8.333333,21,1,6,0.5908333,172,0,0,95,95,128
3003,2011,3,128,9.846154,18,1,13,0.48307693,50,63,0,116.666664,103.25,75
3003,2011,4,75,12.5,18,2,6,0.46555555,128,172,0,84.333336,97.6,96
3003,2011,5,96,10.666667,48,1,9,0.5566667,75,50,0,99.666664,97.333336,233
3003,2011,6,233,23.3,60,3,10,0.47466666,96,128,0,134.66667,125.666664,539
3003,2011,7,539,31.705883,274,1,17,0.4532353,233,75,0,289.33334,186.83333,79
3003,2011,8,79,9.875,32,2,8,0.47125,539,96,0,283.66666,191.66667,48
3003,2011,9,48,5.3333335,18,1,9,0.6477778,79,233,0,222,178.33333,453
3003,2011,10,453,30.2,272,1,15,0.56366664,48,539,0,193.33333,241.33333,159
3003,2011,11,159,12.230769,64,1,13,0.60397434,453,79,0,220,251.83333,7
3012,2011,1,41,13.666667,20,2,3,1.27,42,0,0,41.5,41.5,12
3012,2011,2,12,4,8,1,3,1.39,41,0,0,31.666666,31.666666,31
3012,2011,3,31,6.2,24,1,5,0.85,12,42,0,28,31.5,12
3012,2011,4,12,12,12,12,1,0.85,31,41,0,18.333334,27.6,18
3012,2011,5,18,6,12,3,3,1.12,12,12,0,20.333334,26,31
3012,2011,6,31,6.2,19,1,5,0.988,18,31,0,20.333334,24.166666,27
3012,2011,7,27,2.7,12,1,10,0.802,31,12,0,25.333334,21.833334,27
3012,2011,8,27,3.375,7,1,8,1.045,27,18,0,28.333334,24.333334,7
3012,2011,9,7,2.3333333,3,1,3,1.11,27,31,0,20.333334,20.333334,67
3012,2011,10,67,6.7,36,1,10,1.123,7,27,0,33.666668,29.5,72
3012,2011,11,72,5.142857,27,1,14,1.3514286,67,27,0,48.666668,38.5,10
3018,2011,1,72,10.285714,16,5,7,0.4242857,125,0,0,98.5,98.5,726
3018,2011,2,726,121,288,7,6,0.315,72,0,0,307.66666,307.66666,2461
3018,2011,3,2461,246.1,1728,3,10,0.3655,726,125,0,1086.3334,846,354
3018,2011,4,354,59,288,9,6,0.385,2461,72,0,1180.3334,747.6,626
3018,2011,5,626,104.333336,288,4,6,0.35,354,726,0,1147,727.3333,1207
3018,2011,6,1207,134.11111,308,2,9,0.33833334,626,2461,0,729,907.6667,5019
3018,2011,7,5019,358.5,2880,3,14,0.36321428,1207,354,0,2284,1732.1666,467
3018,2011,8,467,77.833336,301,4,6,0.4025,5019,626,0,2231,1689,1550
3018,2011,9,1550,129.16667,1440,1,12,0.39916667,467,1207,0,2345.3333,1537.1666,53
3018,2011,10,53,10.6,19,5,5,0.42,1550,5019,0,690,1487,1076
3018,2011,11,1076,63.294117,317,1,17,0.39117646,53,467,0,893,1562,146
3019,2011,1,36,3.2727273,8,1,11,0.85818183,21,0,0,28.5,28.5,26
3019,2011,2,26,8.666667,12,2,3,1.25,36,0,0,27.666666,27.666666,32
3019,2011,3,32,8,12,2,4,1.5525,26,21,0,31.333334,28.75,6
3019,2011,4,6,3,4,2,2,1.25,32,36,0,21.333334,24.2,40
3019,2011,5,40,10,12,4,4,1.25,6,26,0,26,26.833334,26
3019,2011,6,26,5.2,12,1,5,1.324,40,32,0,24,27.666666,37
3019,2011,7,37,3.7,12,1,10,0.9745,26,6,0,34.333332,27.833334,32
3019,2011,8,32,10.666667,14,6,3,1.25,37,40,0,31.666666,28.833334,12
3019,2011,9,12,6,11,1,2,1.855,32,26,0,27,25.5,12
3019,2011,10,12,12,12,12,1,1.25,12,37,0,18.666666,26.5,12
3019,2011,11,12,4,9,1,3,2.0566666,12,32,0,12,21.833334,2
3022,2011,1,103,7.357143,25,1,14,0.8945238,30,0,0,66.5,66.5,3
3022,2011,2,3,1.5,2,1,2,1.855,103,0,0,45.333332,45.333332,44
3022,2011,3,44,7.3333335,12,1,6,1.6533333,3,30,0,50,45,34
3022,2011,4,34,11.333333,18,4,3,1.25,44,103,0,27,42.8,60
3022,2011,5,60,8.571428,36,1,7,1.5957143,34,3,0,46,45.666668,35
3022,2011,6,35,7,14,1,5,1.324,60,44,0,43,46.5,71
3022,2011,7,71,5.4615383,23,1,13,1.0342308,35,34,0,55.333332,41.166668,50
3022,2011,8,50,6.25,13,1,8,1.779375,71,60,0,52,49,8
3022,2011,9,8,2,5,1,4,2.1575,50,35,0,43,43,4
3022,2011,10,4,4,4,4,1,2.46,8,71,0,20.666666,38,25
3022,2011,11,25,5,12,1,5,2.0566666,4,50,0,12.333333,32.166668,1
3025,2011,1,32,3.2,8,1,10,3.83,39,0,0,35.5,35.5,10
3025,2011,2,10,5,6,4,2,3.75,32,0,0,27,27,33
3025,2011,3,33,4.125,16,1,8,3.845,10,39,0,25,28.5,20
3025,2011,4,20,2.857143,4,1,7,3.75,33,32,0,21,26.8,11
3025,2011,5,11,2.75,4,1,4,3.75,20,10,0,21.333334,24.166666,36
3025,2011,6,36,4,8,1,9,3.8766668,11,33,0,22.333334,23.666666,20
3025,2011,7,20,2.5,4,1,8,3.8608334,36,20,0,22.333334,21.666666,25
3025,2011,8,25,2.5,4,1,10,3.902,20,11,0,27,24.166666,20
3025,2011,9,20,3.3333333,5,1,6,3.8133333,25,36,0,21.666666,22,56
3025,2011,10,56,4.3076925,10,1,13,3.8133333,20,20,0,33.666668,28,71
3025,2011,11,71,3.7368422,16,1,19,3.9533334,56,25,0,49,38,17
3026,2011,1,24,2.6666667,5,1,9,3.8688889,6,0,0,15,15,1
3026,2011,2,1,1,1,1,1,4.13,24,0,0,10.333333,10.333333,23
3026,2011,3,23,3.8333333,8,1,6,3.8133333,1,6,0,16,13.5,12
3026,2011,4,12,4,4,4,3,3.75,23,24,0,12,13.2,8
3026,2011,5,8,2.6666667,4,2,3,3.75,12,1,0,14.333333,12.333333,16
3026,2011,6,16,2.6666667,8,1,6,3.75,8,23,0,12,14,10
3026,2011,7,10,1.6666666,3,1,6,3.75,16,12,0,11.333333,11.666667,2
3026,2011,8,2,1,1,1,2,3.75,10,8,0,9.333333,11.833333,14
3026,2011,9,14,2.3333333,6,1,6,3.8766668,2,16,0,8.666667,10.333333,35
3026,2011,10,35,2.6923077,6,1,13,3.8523078,14,10,0,17,14.166667,30
3026,2011,11,30,2.7272727,5,1,11,3.8363636,35,2,0,26.333334,17.833334,8
3032,2011,1,235,13.823529,31,3,17,1.0351961,130,0,0,182.5,182.5,60
3032,2011,2,60,5.4545455,9,1,11,1.47,235,0,0,141.66667,141.66667,209
3032,2011,3,209,10.45,48,1,20,0.6383,60,130,0,168,158.5,833
3032,2011,4,833,49,160,2,17,0.46088517,209,235,0,367.33334,293.4,526
3032,2011,5,526,29.222221,171,2,18,0.5164259,833,60,0,522.6667,332.16666,507
3032,2011,6,507,21.125,81,1,24,0.5383631,526,209,0,622,395,606
3032,2011,7,606,24.24,89,2,25,0.57033336,507,833,0,546.3333,456.83334,412
3032,2011,8,412,20.6,164,1,20,0.48423332,606,526,0,508.33334,515.5,399
3032,2011,9,399,21,56,1,19,0.5282544,412,507,0,472.33334,547.1667,420
3032,2011,10,420,21,120,1,20,0.5932738,399,606,0,410.33334,478.33334,598
3032,2011,11,598,23,89,1,26,0.5054167,420,412,0,472.33334,490.33334,143
3036,2011,1,203,12.6875,34,5,16,0.89958334,111,0,0,157,157,56
3036,2011,2,56,5.6,16,1,10,1.492,203,0,0,123.333336,123.333336,195
3036,2011,3,195,9.75,32,1,20,0.7050833,56,111,0,151.33333,141.25,640
3036,2011,4,640,40,154,1,16,0.496875,195,203,0,297,241,322
3036,2011,5,322,17.88889,50,1,18,0.5149074,640,56,0,385.66666,254.5,433
3036,2011,6,433,18.041666,88,1,24,0.5273403,322,195,0,465,308.16666,419
3036,2011,7,419,20.95,68,2,20,0.58082736,433,640,0,391.33334,344.16666,205
3036,2011,8,205,10.789474,32,1,19,0.4955263,419,322,0,352.33334,369,224
3036,2011,9,224,11.789474,32,1,19,0.57860523,205,433,0,282.66666,373.83334,337
3036,2011,10,337,14.652174,80,1,23,0.5816232,224,419,0,255.33333,323.33334,461
3036,2011,11,461,19.208334,93,1,24,0.5259167,337,205,0,340.66666,346.5,142
3038,2011,1,81,5.785714,14,3,14,0.8542857,97,0,0,89,89,5
3038,2011,2,5,1.25,2,1,4,1.5525,81,0,0,61,61,112
3038,2011,3,112,8.615385,39,1,13,0.636282,5,97,0,66,73.75,398
3038,2011,4,398,28.428572,96,1,14,0.43464285,112,81,0,171.66667,138.6,203
3038,2011,5,203,15.615385,49,1,13,0.49884614,398,5,0,237.66667,149.33333,180
3038,2011,6,180,12,66,1,15,0.5771667,203,112,0,260.33334,163.16667,223
3038,2011,7,223,13.9375,41,2,16,0.6015104,180,398,0,202,186.83333,100
3038,2011,8,100,7.142857,16,1,14,0.50785714,223,203,0,167.66667,202.66667,147
3038,2011,9,147,9.8,32,1,15,0.54755557,100,180,0,156.66667,208.5,139
3038,2011,10,139,8.6875,29,1,16,0.58229166,147,223,0,128.66667,165.33333,140
3038,2011,11,140,7.7777777,35,1,18,0.5528704,139,100,0,142,154.83333,32
3044,2011,1,50,6.25,14,2,8,0.4225,61,0,0,55.5,55.5,454
3044,2011,2,454,50.444443,288,3,9,0.37333333,50,0,0,188.33333,188.33333,313
3044,2011,3,313,78.25,288,2,4,0.21,454,61,0,272.33334,219.5,336
3044,2011,4,336,67.2,288,6,5,0.252,313,50,0,367.66666,242.8,38
3044,2011,5,38,12.666667,20,3,3,0.21,336,454,0,229,208.66667,33
3044,2011,6,33,8.25,21,3,4,0.42,38,313,0,135.66667,204,36
3044,2011,7,36,7.2,14,4,5,0.42,33,336,0,35.666668,201.66667,99
3044,2011,8,99,19.8,42,4,5,0.42,36,38,0,56,142.5,65
3044,2011,9,65,5.909091,11,3,11,0.42,99,33,0,66.666664,101.166664,42
3044,2011,10,42,7,15,2,6,0.42,65,36,0,68.666664,52.166668,424
3044,2011,11,424,30.285715,294,2,14,0.4125,42,99,0,177,116.5,24
3078,2011,1,48,24,24,24,2,1.25,43,0,0,45.5,45.5,5
3078,2011,2,5,2.5,3,2,2,2.95,48,0,0,32,32,12
3078,2011,3,12,4,6,2,3,2.95,5,43,0,21.666666,27,10
3078,2011,4,10,2.5,5,1,4,2.95,12,48,0,9,23.6,18
3078,2011,5,18,4.5,7,2,4,2.95,10,5,0,13.333333,22.666666,18
3078,2011,6,18,3,6,1,6,3.8966668,18,12,0,15.333333,18.5,10
3078,2011,7,10,2.5,6,1,4,2.95,18,10,0,15.333333,12.166667,8
3078,2011,8,8,2.6666667,6,1,3,3.8966668,10,18,0,12,12.666667,4
3078,2011,9,4,4,4,4,1,2.95,8,18,0,7.3333335,11.333333,11
3078,2011,10,11,2.75,6,1,4,3.66,4,10,0,7.6666665,11.5,5
3078,2011,11,5,1.25,2,1,4,3.66,11,8,0,6.6666665,9.333333,2
3089,2011,1,695,33.095238,150,2,21,0.78380954,905,0,0,800,800,413
3089,2011,2,413,27.533333,135,1,15,0.8517778,695,0,0,671,671,451
3089,2011,3,451,20.5,78,1,22,0.65659094,413,905,0,519.6667,616,779
3089,2011,4,779,43.27778,426,1,18,0.71414816,451,695,0,547.6667,648.6,717
3089,2011,5,717,29.875,101,1,24,0.5938611,779,413,0,649,660,554
3089,2011,6,554,26.380953,80,1,21,0.7216984,717,451,0,683.3333,601.5,604
3089,2011,7,604,27.454546,106,1,22,0.59194696,554,779,0,625,586.3333,455
3089,2011,8,455,25.277779,108,1,18,0.7545556,604,717,0,537.6667,593.3333,728
3089,2011,9,728,29.12,93,3,25,0.7202333,455,554,0,595.6667,639.5,612
3089,2011,10,612,27.818182,131,1,22,0.78844696,728,604,0,598.3333,611.6667,776
3089,2011,11,776,32.333332,125,2,24,0.62759674,612,455,0,705.3333,621.5,219
3117,2011,1,596,37.25,144,8,16,0.64671874,452,0,0,524,524,781
3117,2011,2,781,45.941177,164,8,17,0.6913726,596,0,0,609.6667,609.6667,1132
3117,2011,3,1132,45.28,224,8,25,0.68578666,781,452,0,836.3333,740.25,1808
3117,2011,4,1808,90.4,304,6,20,0.6902695,1132,596,0,1240.3334,953.8,2974
3117,2011,5,2974,123.916664,320,16,24,0.69314384,1808,781,0,1971.3334,1290.5,2348
3117,2011,6,2348,97.833336,296,4,24,0.7457778,2974,1132,0,2376.6667,1606.5,1662
3117,2011,7,1662,66.48,208,8,25,0.6894581,2348,1808,0,2328,1784.1666,1640
3117,2011,8,1640,78.09524,412,4,21,0.73665076,1662,2974,0,1883.3334,1927.3334,1264
3117,2011,9,1264,74.35294,360,16,17,0.7000588,1640,2348,0,1522,1949.3334,716
3117,2011,10,716,37.68421,160,8,19,0.6808772,1264,1662,0,1206.6666,1767.3334,912
3117,2011,11,912,43.42857,256,4,21,0.9184127,716,1640,0,964,1423.6666,164
3123,2011,1,109,6.4117646,24,1,17,4.972059,41,0,0,75,75,79
3123,2011,2,79,5.642857,29,1,14,5.1633334,109,0,0,76.333336,76.333336,69
3123,2011,3,69,4.0588236,12,1,17,5.1770587,79,41,0,85.666664,74.5,79
3123,2011,4,79,6.076923,13,2,13,5.0771794,69,109,0,75.666664,75.4,97
3123,2011,5,97,7.4615383,48,1,13,5.159744,79,79,0,81.666664,79,31
3123,2011,6,31,3.1,10,1,10,6.442,97,69,0,69,77.333336,34
3123,2011,7,34,3.4,7,1,10,5.994,31,79,0,54,64.833336,40
3123,2011,8,40,3.3333333,12,1,12,5.3966665,34,97,0,35,58.333332,46
3123,2011,9,46,5.111111,12,1,9,4.981852,40,31,0,40,54.5,85
3123,2011,10,85,5.6666665,24,1,15,5.3904443,46,34,0,57,55.5,103
3123,2011,11,103,5.4210525,26,1,19,6.121228,85,40,0,78,56.5,21
3152,2011,1,255,36.42857,168,3,7,1.14,270,0,0,262.5,262.5,59
3152,2011,2,59,9.833333,24,1,6,1.54,255,0,0,194.66667,194.66667,19
3152,2011,3,19,4.75,6,1,4,2.1,59,270,0,111,150.75,24
3152,2011,4,24,8,12,6,3,2.1,19,255,0,34,125.4,12
3152,2011,5,12,6,6,6,2,2.1,24,59,0,18.333334,106.5,24
3152,2011,6,24,8,12,6,3,2.1,12,19,0,20,65.5,18
3152,2011,7,18,9,12,6,2,2.1,24,24,0,18,26,20
3152,2011,8,20,5,6,2,4,2.1,18,12,0,20.666666,19.5,6
3152,2011,9,6,6,6,6,1,2.1,20,24,0,14.666667,17.333334,14
3152,2011,10,14,7,12,2,2,2.1,6,18,0,13.333333,15.666667,19
3152,2011,11,19,6.3333335,12,1,3,2.1,14,20,0,13,16.833334,211
3156,2011,1,246,49.2,144,6,5,0.338,300,0,0,273,273,38
3156,2011,2,38,12.666667,24,2,3,0.63666666,246,0,0,194.66667,194.66667,36
3156,2011,3,36,18,24,12,2,0.85,38,300,0,106.666664,155,84
3156,2011,4,84,16.8,24,12,5,0.85,36,246,0,52.666668,140.8,36
3156,2011,5,36,12,12,12,3,0.85,84,38,0,52,123.333336,36
3156,2011,6,36,36,36,36,1,0.85,36,36,0,52,79.333336,13
3156,2011,7,13,6.5,12,1,2,0.85,36,84,0,28.333334,40.5,24
3156,2011,8,24,24,24,24,1,0.85,13,36,0,24.333334,38.166668,12
3156,2011,9,12,12,12,12,1,0.85,24,36,0,16.333334,34.166668,29
3156,2011,10,29,9.666667,12,5,3,0.85,12,13,0,21.666666,25,41
3156,2011,11,41,13.666667,24,5,3,0.85,29,24,0,27.333334,25.833334,52
3161,2011,1,75,10.714286,24,1,7,1.6928571,16,0,0,45.5,45.5,19
3161,2011,2,19,3.8,12,1,5,1.855,75,0,0,36.666668,36.666668,106
3161,2011,3,106,11.777778,51,1,9,1.5461111,19,16,0,66.666664,54,162
3161,2011,4,162,13.5,96,1,12,1.6533333,106,75,0,95.666664,75.6,293
3161,2011,5,293,14.65,48,2,20,1.3252,162,19,0,187,111.833336,173
3161,2011,6,173,10.176471,63,1,17,1.4429412,293,106,0,209.33333,138,123
3161,2011,7,123,6.4736843,24,2,19,1.3455263,173,162,0,196.33333,146,20
3161,2011,8,20,4,12,1,5,2.1575,123,293,0,105.333336,146.16667,13
3161,2011,9,13,6.5,12,1,2,1.855,20,173,0,52,130.66667,29
3161,2011,10,29,5.8,12,1,5,1.734,13,123,0,20.666666,108.5,42
3161,2011,11,42,3.5,13,1,12,2.1406944,29,20,0,28,66.666664,32
3162,2011,1,118,9.076923,24,1,13,1.156923,226,0,0,172,172,140
3162,2011,2,140,12.727273,39,1,11,1.0272727,118,0,0,161.33333,161.33333,60
3162,2011,3,60,7.5,24,1,8,1.1425,140,226,0,106,136,118
3162,2011,4,118,16.857143,36,3,7,0.9242857,60,118,0,106,132.4,115
3162,2011,5,115,9.583333,38,1,12,1.1695833,118,140,0,97.666664,129.5,138
3162,2011,6,138,11.5,24,1,12,1.045,115,60,0,123.666664,114.833336,112
3162,2011,7,112,11.2,48,1,10,1.123,138,118,0,121.666664,113.833336,150
3162,2011,8,150,12.5,48,1,12,1.045,112,115,0,133.33333,115.5,365
3162,2011,9,365,21.470589,108,1,17,1.0373529,150,138,0,209,166.33333,598
3162,2011,10,598,31.473684,216,3,19,0.960614,365,112,0,371,246.33333,625
3162,2011,11,625,28.40909,96,1,22,1.1255455,598,150,0,529.3333,331.33334,169
3163,2011,1,318,15.9,71,1,20,1.5650834,530,0,0,424,424,440
3163,2011,2,440,23.157894,80,2,19,1.3614473,318,0,0,429.33334,429.33334,292
3163,2011,3,292,15.368421,60,1,19,1.3985965,440,530,0,350,395,330
3163,2011,4,330,19.411764,64,2,17,1.3511765,292,318,0,354,382,412
3163,2011,5,412,20.6,70,1,20,1.3306667,330,440,0,344.66666,387,352
3163,2011,6,352,16.761906,126,1,21,1.4036508,412,292,0,364.66666,357.33334,446
3163,2011,7,446,21.238094,98,1,21,1.295,352,330,0,403.33334,378.66666,535
3163,2011,8,535,28.157894,228,1,19,1.3723685,446,412,0,444.33334,394.5,527
3163,2011,9,527,21.958334,72,1,24,1.3488542,535,352,0,502.66666,433.66666,911
3163,2011,10,911,39.608696,270,4,23,1.261087,527,446,0,657.6667,530.5,782
3163,2011,11,782,30.076923,87,1,26,1.3562628,911,535,0,740,592.1667,69
3166,2011,1,1,1,1,1,1,5.95,5,0,0,3,3,7
3166,2011,2,7,1.75,2,1,4,7.37,1,0,0,4.3333335,4.3333335,13
3166,2011,3,13,2.6,4,1,5,6.518,7,5,0,7,6.5,23
3166,2011,4,23,5.75,18,1,4,5.625,13,1,0,14.333333,9.8,8
3166,2011,5,8,2,2,2,4,5.95,23,7,0,14.666667,9.5,3
3166,2011,6,3,1.5,2,1,2,8.79,8,13,0,11.333333,9.166667,2
3166,2011,7,2,2,2,2,1,5.95,3,23,0,4.3333335,9.333333,9
3166,2011,8,9,1.2857143,3,1,7,6.7614284,2,8,0,4.6666665,9.666667,44
3166,2011,9,44,14.666667,36,4,3,5.516667,9,3,0,18.333334,14.833333,25
3166,2011,10,25,12.5,20,5,2,5.95,44,2,0,26,15.166667,28
3166,2011,11,28,4,18,1,7,6.575714,25,9,0,32.333332,18.5,4
3171,2011,1,49,4.4545455,16,1,11,1.69,49,0,0,49,49,24
3171,2011,2,24,2.1818182,8,1,11,2.0536363,49,0,0,40.666668,40.666668,40
3171,2011,3,40,4.4444447,12,2,9,1.8381481,24,49,0,37.666668,40.5,108
3171,2011,4,108,18,72,1,6,1.69,40,49,0,57.333332,54,49
3171,2011,5,49,4.9,12,1,10,2.25,108,24,0,65.666664,53.166668,27
3171,2011,6,27,3.857143,7,1,7,1.69,49,40,0,61.333332,49.5,9
3171,2011,7,9,3,4,2,3,1.69,27,108,0,28.333334,42.833332,17
3171,2011,8,17,3.4,7,1,5,1.69,9,49,0,17.666666,41.666668,15
3171,2011,9,15,3,4,2,5,1.69,17,27,0,13.666667,37.5,13
3171,2011,10,13,2.6,3,2,5,1.69,15,9,0,15,21.666666,92
3171,2011,11,92,10.222222,72,1,9,1.69,13,17,0,40,28.833334,2
3195,2011,1,1771,73.791664,366,4,24,1.7765625,2371,0,0,2071,2071,1667
3195,2011,2,1667,69.458336,304,8,24,1.7739583,1771,0,0,1936.3334,1936.3334,2662
3195,2011,3,2662,98.59259,363,6,27,1.7203765,1667,2371,0,2033.3334,2117.75,2560
3195,2011,4,2560,128,288,16,20,1.6955181,2662,1771,0,2296.3333,2206.2,3060
3195,2011,5,3060,122.4,448,1,25,1.7079449,2560,1667,0,2760.6667,2348.5,1564
3195,2011,6,1564,62.56,233,8,25,1.7189066,3060,2662,0,2394.6667,2214,1845
3195,2011,7,1845,73.8,160,8,25,1.7043,1564,2560,0,2156.3333,2226.3333,6553
3195,2011,8,6553,252.03847,3359,8,26,1.6738461,1845,3060,0,3320.6667,3040.6667,3064
3195,2011,9,3064,117.84615,400,16,26,1.7461767,6553,1564,0,3820.6667,3107.6667,2760
3195,2011,10,2760,106.15385,392,9,26,1.7169908,3064,1845,0,4125.6665,3141,5254
3195,2011,11,5254,202.07692,1312,8,26,1.7257011,2760,6553,0,3692.6667,3506.6667,1330
3196,2011,1,29,14.5,17,12,2,4.95,113,0,0,71,71,3
3196,2011,2,3,1.5,2,1,2,7.5,29,0,0,48.333332,48.333332,15
3196,2011,3,15,3.75,6,1,4,7.5,3,113,0,15.666667,40,27
3196,2011,4,27,3.375,12,1,8,9.46625,15,29,0,15,37.4,26
3196,2011,5,26,3.7142856,12,1,7,7.3785715,27,3,0,22.666666,35.5,12
3196,2011,6,12,2,3,1,6,7.5,26,15,0,21.666666,18.666666,17
3196,2011,7,17,4.25,12,1,4,7.2875,12,27,0,18.333334,16.666666,18
3196,2011,8,18,2.5714285,3,1,7,7.5,17,26,0,15.666667,19.166666,31
3196,2011,9,31,6.2,12,1,5,7.16,18,12,0,22,21.833334,5
3196,2011,10,5,1.25,2,1,4,7.5,31,17,0,18,18.166666,15
3196,2011,11,15,2.5,6,1,6,8.881667,5,18,0,17,16.333334,3
3200,2011,1,38,3.8,7,1,10,4.384,49,0,0,43.5,43.5,16
3200,2011,2,16,3.2,5,2,5,3.95,38,0,0,34.333332,34.333332,49
3200,2011,3,49,7,30,1,7,4.49,16,49,0,34.333332,38,9
3200,2011,4,9,2.25,5,1,4,3.95,49,38,0,24.666666,32.2,45
3200,2011,5,45,7.5,30,1,6,3.8566666,9,16,0,34.333332,34.333332,20
3200,2011,6,20,5,12,1,4,3.95,45,49,0,24.666666,29.5,4
3200,2011,7,4,1,1,1,4,3.95,20,9,0,23,23.833334,30
3200,2011,8,30,4.285714,15,1,7,5.19,4,45,0,18,26.166666,11
3200,2011,9,11,2.2,6,1,5,5.686,30,20,0,15,19.833334,7
3200,2011,10,7,2.3333333,4,1,3,5.3966665,11,4,0,16,19.5,10
3200,2011,11,10,1.4285715,2,1,7,5.19,7,30,0,9.333333,13.666667,13
3207,2011,1,33,2.357143,6,1,14,3.389643,33,0,0,33,33,13
3207,2011,2,13,1.625,4,1,8,3.405,33,0,0,26.333334,26.333334,20
3207,2011,3,20,2.857143,7,1,7,3.377619,13,33,0,22,24.75,23
3207,2011,4,23,2.875,8,1,8,3.5775,20,33,0,18.666666,24.4,20
3207,2011,5,20,2.2222223,5,1,9,3.3922222,23,13,0,21,23.666666,38
3207,2011,6,38,3.1666667,11,1,12,3.4497223,20,20,0,27,24.5,24
3207,2011,7,24,1.7142857,4,1,14,3.4542856,38,23,0,27.333334,23,25
3207,2011,8,25,4.1666665,8,1,6,3.5583334,24,20,0,29,25,26
3207,2011,9,26,3.25,10,1,8,3.43375,25,38,0,25,26,20
3207,2011,10,20,2,4,1,10,3.474,26,24,0,23.666666,25.5,43
3207,2011,11,43,3.0714285,8,1,14,3.3830953,20,25,0,29.666666,29.333334,6
3217,2011,1,20,2.5,5,1,8,4.17,24,0,0,22,22,14
3217,2011,2,14,1.75,7,1,8,4.13,20,0,0,19.333334,19.333334,8
3217,2011,3,8,2,4,1,4,4.13,14,24,0,14,16.5,3
3217,2011,4,3,1.5,2,1,2,4.13,8,20,0,8.333333,13.8,3
3217,2011,5,3,1.5,2,1,2,4.13,3,14,0,4.6666665,12,4
3217,2011,6,4,1.3333334,2,1,3,4.13,3,8,0,3.3333333,8.666667,8
3217,2011,7,8,2,3,1,4,4.13,4,3,0,5,6.6666665,9
3217,2011,8,9,2.25,5,1,4,4.13,8,3,0,7,5.8333335,12
3217,2011,9,12,2,3,1,6,4.13,9,4,0,9.666667,6.5,21
3217,2011,10,21,3.5,5,1,6,4.13,12,8,0,14,9.5,25
3217,2011,11,25,2.2727273,5,1,11,4.13,21,9,0,19.333334,13.166667,11
3232,2011,1,36,3,4,1,12,1.6845833,6,0,0,21,21,1
3232,2011,2,1,1,1,1,1,4.96,36,0,0,14.333333,14.333333,8
3232,2011,3,8,4,6,2,2,2.55,1,6,0,15,12.75,2
3232,2011,4,2,2,2,2,1,2.55,8,36,0,3.6666667,10.6,6
3232,2011,5,6,6,6,6,1,2.55,2,1,0,5.3333335,9.833333,3
3232,2011,6,3,1.5,2,1,2,2.55,6,8,0,3.6666667,9.333333,11
3232,2011,7,11,3.6666667,6,2,3,2.55,3,2,0,6.6666665,5.1666665,9
3232,2011,8,9,3,6,1,3,3.3533332,11,6,0,7.6666665,6.5,10
3232,2011,9,10,3.3333333,6,1,3,2.55,9,3,0,10,6.8333335,19
3232,2011,10,19,4.75,6,1,4,2.55,10,11,0,12.666667,9.666667,68
3232,2011,11,68,9.714286,30,1,7,2.8942857,19,9,0,32.333332,20,1
3234,2011,1,404,36.727272,192,6,11,0.96772724,1453,0,0,928.5,928.5,650
3234,2011,2,650,46.42857,384,6,14,1.0103571,404,0,0,835.6667,835.6667,536
3234,2011,3,536,41.23077,204,12,13,0.845,650,1453,0,530,760.75,672
3234,2011,4,672,51.692307,204,12,13,0.8782051,536,404,0,619.3333,743,996
3234,2011,5,996,62.25,396,2,16,0.8578125,672,650,0,734.6667,785.1667,390
3234,2011,6,390,32.5,72,12,12,0.96875,996,536,0,686,608,324
3234,2011,7,324,36,84,12,9,0.85,390,672,0,570,594.6667,540
3234,2011,8,540,54,192,6,10,0.9795,324,996,0,418,576.3333,1152
3234,2011,9,1152,67.76471,228,12,17,0.8639216,540,390,0,672,679,931
3234,2011,10,931,46.55,240,6,20,0.9055833,1152,324,0,874.3333,722.1667,1813
3234,2011,11,1813,78.82609,420,6,23,0.9784275,931,540,0,1298.6666,858.3333,696
3235,2011,1,821,41.05,133,2,20,1.59825,2058,0,0,1439.5,1439.5,1000
3235,2011,2,1000,50,231,2,20,1.6670417,821,0,0,1293,1293,1162
3235,2011,3,1162,46.48,159,3,25,1.5033095,1000,2058,0,994.3333,1260.25,880
3235,2011,4,880,48.88889,144,1,18,1.5783565,1162,821,0,1014,1184.2,1736
3235,2011,5,1736,75.478264,228,2,23,1.4342929,880,1000,0,1259.3334,1276.1666,1427
3235,2011,6,1427,62.04348,260,3,23,1.5298225,1736,1162,0,1347.6666,1171,1369
3235,2011,7,1369,59.52174,313,3,23,1.5364783,1427,880,0,1510.6666,1262.3334,1600
3235,2011,8,1600,76.190475,456,6,21,1.5665873,1369,1736,0,1465.3334,1362.3334,1387
3235,2011,9,1387,60.304348,192,4,23,1.4912174,1600,1427,0,1452,1399.8334,1701
3235,2011,10,1701,65.42308,280,4,26,1.3831854,1387,1369,0,1562.6666,1536.6666,3413
3235,2011,11,3413,131.26923,314,20,26,1.4849885,1701,1600,0,2167,1816.1666,692
3236,2011,1,414,31.846153,156,3,13,1.2134615,520,0,0,467,467,510
3236,2011,2,510,39.23077,360,1,13,1.8558974,414,0,0,481.33334,481.33334,666
3236,2011,3,666,47.57143,288,2,14,1.5397619,510,520,0,530,527.5,173
3236,2011,4,173,17.3,37,2,10,1.4113333,666,414,0,449.66666,456.6,787
3236,2011,5,787,46.294117,360,2,17,1.3832353,173,510,0,542,511.66666,607
3236,2011,6,607,46.692307,160,1,13,1.4853846,787,666,0,522.3333,526.1667,283
3236,2011,7,283,23.583334,96,1,12,1.5791667,607,173,0,559,504.33334,589
3236,2011,8,589,36.8125,144,1,16,1.5255208,283,787,0,493,517.5,1685
3236,2011,9,1685,80.2381,458,4,21,1.3731031,589,607,0,852.3333,687.3333,641
3236,2011,10,641,27.869566,126,1,23,1.4305073,1685,283,0,971.6667,765.3333,1237
3236,2011,11,1237,56.227272,348,3,22,1.5037955,641,589,0,1187.6666,840.3333,594
3237,2011,1,229,14.3125,96,1,16,1.9984375,968,0,0,598.5,598.5,92
3237,2011,2,92,7.6666665,18,1,12,1.9233333,229,0,0,429.66666,429.66666,110
3237,2011,3,110,11,24,1,10,2.142,92,968,0,143.66667,349.75,400
3237,2011,4,400,30.76923,108,2,13,1.8028206,110,229,0,200.66667,359.8,321
3237,2011,5,321,20.0625,96,1,16,1.79125,400,92,0,277,353.33334,114
3237,2011,6,114,9.5,42,1,12,2.1055555,321,110,0,278.33334,211,240
3237,2011,7,240,17.142857,96,1,14,1.87,114,400,0,225,212.83333,197
3237,2011,8,197,16.416666,102,4,12,1.8466667,240,321,0,183.66667,230.33333,322
3237,2011,9,322,21.466667,78,2,15,1.7526667,197,114,0,253,265.66666,660
3237,2011,10,660,41.25,294,3,16,1.785,322,240,0,393,309,777
3237,2011,11,777,43.166668,168,2,18,1.7851852,660,197,0,586.3333,385,371
3238,2011,1,90,8.181818,12,6,11,0.96,1968,0,0,1029,1029,156
3238,2011,2,156,39,96,18,4,0.7825,90,0,0,738,738,48
3238,2011,3,48,12,12,12,4,0.65,156,1968,0,98,565.5,156
3238,2011,4,156,39,96,12,4,0.625,48,90,0,120,483.6,240
3238,2011,5,240,17.142857,36,6,14,0.8325,156,156,0,148,443,85
3238,2011,6,85,12.142858,18,6,7,0.8585714,240,48,0,160.33333,129.16667,60
3238,2011,7,60,15,24,12,4,0.65,85,156,0,128.33333,124.166664,114
3238,2011,8,114,16.285715,24,12,7,0.7542857,60,240,0,86.333336,117.166664,210
3238,2011,9,210,26.25,48,6,8,0.72875,114,85,0,128,144.16667,198
3238,2011,10,198,24.75,48,6,8,0.72875,210,60,0,174,151.16667,222
3238,2011,11,222,18.5,48,6,12,0.88319445,198,114,0,210,148.16667,84
3239,2011,1,76,5.0666666,14,1,15,1.592,37,0,0,56.5,56.5,11
3239,2011,2,11,3.6666667,6,1,3,4.1566668,76,0,0,41.333332,41.333332,1
3239,2011,3,1,1,1,1,1,4.96,11,37,0,29.333334,31.25,10
3239,2011,4,10,2.5,4,1,4,1.41625,1,76,0,7.3333335,27,58
3239,2011,5,58,9.666667,25,1,6,1.4858333,10,11,0,23,32.166668,44
3239,2011,6,44,7.3333335,24,1,6,1.625,58,1,0,37.333332,33.333332,58
3239,2011,7,58,7.25,24,1,8,1.625,44,10,0,53.333332,30.333334,40
3239,2011,8,40,8,25,1,5,1.625,58,58,0,47.333332,35.166668,50
3239,2011,9,50,12.5,24,1,4,1.625,40,44,0,49.333332,43.333332,31
3239,2011,10,31,6.2,24,1,5,1.792,50,58,0,40.333332,46.833332,57
3239,2011,11,57,8.142858,28,1,7,1.8238095,31,40,0,46,46.666668,3
3240,2011,1,89,5.9333334,15,1,15,1.6226667,51,0,0,70,70,4
3240,2011,2,4,1.3333334,2,1,3,4.96,89,0,0,48,48,60
3240,2011,3,60,60,60,60,1,1.25,4,51,0,51,51,10
3240,2011,4,10,2.5,4,2,4,1.41625,60,89,0,24.666666,42.8,31
3240,2011,5,31,7.75,24,1,4,1.83375,10,4,0,33.666668,40.833332,13
3240,2011,6,13,6.5,12,1,2,1.625,31,60,0,18,34.5,76
3240,2011,7,76,15.2,24,1,5,1.458,13,10,0,40,32.333332,15
3240,2011,8,15,3,7,1,5,1.959,76,31,0,34.666668,34.166668,6
3240,2011,9,6,1.5,2,1,4,2.46,15,13,0,32.333332,25.166666,1
3240,2011,10,1,1,1,1,1,2.46,6,76,0,7.3333335,23.666666,67
3240,2011,11,67,6.7,26,1,10,1.5415,1,15,0,24.666666,29.666666,28
3247,2011,1,90,6.428571,11,1,14,8.615714,19,0,0,54.5,54.5,10
3247,2011,2,10,1.6666666,5,1,6,14.785,90,0,0,39.666668,39.666668,9
3247,2011,3,9,3,6,1,3,16.82,10,19,0,36.333332,32,12
3247,2011,4,12,2,5,1,6,16.82,9,90,0,10.333333,28,19
3247,2011,5,19,3.8,7,1,5,15.192,12,10,0,13.333333,26.5,13
3247,2011,6,13,1.625,4,1,8,14.27625,19,9,0,14.666667,25.5,14
3247,2011,7,14,2.3333333,6,1,6,16.82,13,12,0,15.333333,12.833333,27
3247,2011,8,27,6.75,24,1,4,15.3525,14,19,0,18,15.666667,16
3247,2011,9,16,2.6666667,6,1,6,14.785,27,13,0,19,16.833334,29
3247,2011,10,29,14.5,28,1,2,18.405,16,14,0,24,19.666666,8
3247,2011,11,8,1.3333334,2,1,6,20.89,29,27,0,17.666666,17.833334,1
3256,2011,1,61,3.8125,13,1,16,3.421875,50,0,0,55.5,55.5,51
3256,2011,2,51,3.9230769,14,1,13,3.9576924,61,0,0,54,54,90
3256,2011,3,90,5.625,16,1,16,4.1408334,51,50,0,67.333336,63,14
3256,2011,4,14,1.5555556,5,1,9,3.8233333,90,61,0,51.666668,53.2,60
3256,2011,5,60,5.4545455,13,1,11,3.6536365,14,51,0,54.666668,54.333332,34
3256,2011,6,34,3.7777777,8,1,9,3.941111,60,90,0,36,51.666668,67
3256,2011,7,67,4.4666667,19,1,15,4.093111,34,14,0,53.666668,52.666668,10
3256,2011,8,10,2,6,1,5,5.866,67,60,0,37,45.833332,29
3256,2011,9,29,4.142857,13,1,7,5.7890477,10,34,0,35.333332,35.666668,42
3256,2011,10,42,5.25,24,1,8,6.0416665,29,67,0,27,40.333332,46
3256,2011,11,46,3.2857144,13,1,14,6.6307144,42,10,0,39,38,4
3258,2011,1,353,17.65,48,1,20,1.3984166,346,0,0,349.5,349.5,333
3258,2011,2,333,22.2,144,1,15,1.2657778,353,0,0,344,344,650
3258,2011,3,650,28.26087,144,1,23,1.0413043,333,346,0,445.33334,420.5,778
3258,2011,4,778,45.764706,158,1,17,1.1307955,650,353,0,587,492,784
3258,2011,5,784,37.333332,187,1,21,1.2334241,778,333,0,737.3333,540.6667,748
3258,2011,6,748,35.61905,168,2,21,1.1454365,784,650,0,770,607.6667,288
3258,2011,7,288,16.941177,64,1,17,1.3749369,748,778,0,606.6667,596.8333,417
3258,2011,8,417,24.529411,62,1,17,1.1811764,288,784,0,484.33334,610.8333,356
3258,2011,9,356,18.736841,48,1,19,1.3461843,417,748,0,353.66666,561.8333,487
3258,2011,10,487,32.466667,144,1,15,1.3835555,356,288,0,420,513.3333,357
3258,2011,11,357,17.85,54,1,20,1.6943333,487,417,0,400,442.16666,168
3260,2011,1,701,31.863636,294,3,22,1.2928333,589,0,0,645,645,523
3260,2011,2,523,26.15,84,2,20,1.072425,701,0,0,604.3333,604.3333,1104
3260,2011,3,1104,48,194,3,23,1.0558261,523,589,0,776,729.25,1196
3260,2011,4,1196,66.44444,300,12,18,0.9673611,1104,701,0,941,822.6,1174
3260,2011,5,1174,53.363636,184,8,22,1.0064318,1196,523,0,1158,881.1667,941
3260,2011,6,941,39.208332,168,1,24,1.0976042,1174,1104,0,1103.6666,939.8333,515
3260,2011,7,515,25.75,144,1,20,1.0773,941,1196,0,876.6667,908.8333,319
3260,2011,8,319,21.266666,48,3,15,1.0823333,515,1174,0,591.6667,874.8333,576
3260,2011,9,576,28.8,145,1,20,1.154,319,941,0,470,786.8333,473
3260,2011,10,473,26.277779,144,1,18,1.0573611,576,515,0,456,666.3333,441
3260,2011,11,441,23.210526,169,2,19,1.1637281,473,319,0,496.66666,544.1667,353
3262,2011,1,130,10,24,1,13,1.2769231,128,0,0,129,129,199
3262,2011,2,199,16.583334,72,1,12,1.1641667,130,0,0,152.33333,152.33333,214
3262,2011,3,214,17.833334,72,1,12,1.2291666,199,128,0,181,167.75,135
3262,2011,4,135,16.875,48,2,8,1.08375,214,130,0,182.66667,161.2,157
3262,2011,5,157,11.214286,75,1,14,1.2678572,135,199,0,168.66667,160.5,193
3262,2011,6,193,24.125,75,1,8,0.874375,157,214,0,161.66667,171.33333,155
3262,2011,7,155,11.071428,77,1,14,1.0171429,193,135,0,168.33333,175.5,69
3262,2011,8,69,8.625,24,1,8,0.9475,155,157,0,139,153.83333,155
3262,2011,9,155,12.916667,48,1,12,0.95166665,69,193,0,126.333336,144,71
3262,2011,10,71,10.142858,24,3,7,1.11,155,155,0,98.333336,133.33333,93
3262,2011,11,93,8.454545,27,1,11,1.1690909,71,69,0,106.333336,122.666664,87
3267,2011,1,908,43.238094,136,1,21,1.584246,291,0,0,599.5,599.5,899
3267,2011,2,899,44.95,295,2,20,1.562475,908,0,0,699.3333,699.3333,1974
3267,2011,3,1974,75.92308,424,2,26,1.4083787,899,291,0,1260.3334,1018,1076
3267,2011,4,1076,53.8,183,11,20,1.4586667,1974,908,0,1316.3334,1029.6,1649
3267,2011,5,1649,68.708336,284,6,24,1.4079862,1076,899,0,1566.3334,1132.8334,1317
3267,2011,6,1317,54.875,172,8,24,1.4841051,1649,1974,0,1347.3334,1303.8334,742
3267,2011,7,742,35.333332,97,5,21,1.4905874,1317,1076,0,1236,1276.1666,956
3267,2011,8,956,41.565216,122,3,23,1.413297,742,1649,0,1005,1285.6666,766
3267,2011,9,766,33.304348,108,4,23,1.3592174,956,1317,0,821.3333,1084.3334,472
3267,2011,10,472,24.842106,78,3,19,1.4363596,766,742,0,731.3333,983.6667,1254
3267,2011,11,1254,52.25,290,2,24,1.5932778,472,956,0,830.6667,917.8333,208
3272,2011,1,115,7.6666665,24,1,15,2.025,65,0,0,90,90,351
3272,2011,2,351,20.647058,172,1,17,2.1467648,115,0,0,177,177,568
3272,2011,3,568,28.4,171,2,20,1.7729167,351,65,0,344.66666,274.75,340
3272,2011,4,340,26.153847,156,1,13,1.8237692,568,115,0,419.66666,287.8,373
3272,2011,5,373,18.65,158,1,20,1.9812083,340,351,0,427,302,141
3272,2011,6,141,8.294118,27,1,17,2.0369608,373,568,0,284.66666,314.66666,98
3272,2011,7,98,7,24,1,14,2.257857,141,340,0,204,311.83334,137
3272,2011,8,137,9.785714,36,1,14,1.8835714,98,373,0,125.333336,276.16666,149
3272,2011,9,149,9.933333,25,1,15,1.969,137,141,0,128,206.33333,325
3272,2011,10,325,20.3125,144,1,16,1.7726562,149,98,0,203.66667,203.83333,385
3272,2011,11,385,24.0625,182,1,16,1.7525938,325,137,0,286.33334,205.83333,6
3273,2011,1,419,19.952381,51,2,21,2.0342777,287,0,0,353,353,363
3273,2011,2,363,16.5,98,1,22,2.17225,419,0,0,356.33334,356.33334,635
3273,2011,3,635,26.458334,144,1,24,1.8759723,363,287,0,472.33334,426,472
3273,2011,4,472,26.222221,144,1,18,1.9077778,635,419,0,490,435.2,251
3273,2011,5,251,13.210526,40,1,19,2.2652419,472,363,0,452.66666,404.5,309
3273,2011,6,309,14.045455,132,1,22,2.2776666,251,635,0,344,408.16666,219
3273,2011,7,219,10.95,72,1,20,2.3185833,309,472,0,259.66666,374.83334,301
3273,2011,8,301,20.066668,109,1,15,2.081,219,251,0,276.33334,364.5,175
3273,2011,9,175,10.294118,27,1,17,2.1759217,301,309,0,231.66667,287.83334,302
3273,2011,10,302,14.380953,72,1,21,2.1336508,175,219,0,259.33334,259.5,555
3273,2011,11,555,24.130434,315,1,23,2.0886595,302,301,0,344,310.16666,24
3277,2011,1,1134,51.545456,224,3,22,0.7099286,1587,0,0,1360.5,1360.5,723
3277,2011,2,723,38.05263,145,2,19,0.7494737,1134,0,0,1148,1148,2065
3277,2011,3,2065,79.42308,423,1,26,0.6605983,723,1587,0,1307.3334,1377.25,2306
3277,2011,4,2306,115.3,1069,5,20,0.6468839,2065,1134,0,1698,1563,1378
3277,2011,5,1378,55.12,266,2,25,0.63206667,2306,723,0,1916.3334,1532.1666,784
3277,2011,6,784,35.636364,177,1,22,0.6910909,1378,2065,0,1489.3334,1398.3334,1305
3277,2011,7,1305,65.25,556,1,20,0.74083334,784,2306,0,1155.6666,1426.8334,1423
3277,2011,8,1423,67.7619,492,1,21,0.6443651,1305,1378,0,1170.6666,1543.5,2392
3277,2011,9,2392,108.72727,654,2,22,0.6209583,1423,784,0,1706.6666,1598,1551
3277,2011,10,1551,81.63158,408,3,19,0.65414536,2392,1305,0,1788.6666,1472.1666,1429
3277,2011,11,1429,57.16,247,1,25,0.67087555,1551,1423,0,1790.6666,1480.6666,137
3278,2011,1,1413,61.434784,148,7,23,0.6878896,1469,0,0,1441,1441,917
3278,2011,2,917,45.85,170,1,20,0.78286666,1413,0,0,1266.3334,1266.3334,1437
3278,2011,3,1437,62.47826,480,1,23,0.6530797,917,1469,0,1255.6666,1309,913
3278,2011,4,913,57.0625,506,1,16,0.62348956,1437,1413,0,1089,1229.8,613
3278,2011,5,613,30.65,183,1,20,0.65786666,913,917,0,987.6667,1127,545
3278,2011,6,545,30.277779,120,1,18,0.81175923,613,1437,0,690.3333,973,1905
3278,2011,7,1905,112.05882,1477,3,17,0.6129902,545,913,0,1021,1055,639
3278,2011,8,639,30.428572,120,1,21,0.6413492,1905,613,0,1029.6666,1008.6667,1502
3278,2011,9,1502,71.52381,600,2,21,0.60888886,639,545,0,1348.6666,1019.5,878
3278,2011,10,878,41.809525,244,1,21,0.63293654,1502,1905,0,1006.3333,1013.6667,920
3278,2011,11,920,40,249,3,23,0.66334057,878,639,0,1100,1064.8334,209
3280,2011,1,12,1.7142857,3,1,7,0.62714285,36,0,0,24,24,3
3280,2011,2,3,1.5,2,1,2,0.625,12,0,0,17,17,26
3280,2011,3,26,13,24,2,2,0.42,3,36,0,13.666667,19.25,53
3280,2011,4,53,8.833333,24,1,6,0.48833334,26,12,0,27.333334,26,26
3280,2011,5,26,8.666667,24,1,3,0.6933333,53,3,0,35,26,3
3280,2011,6,3,1.5,2,1,2,0.42,26,26,0,27.333334,20.5,4
3280,2011,7,4,1.3333334,2,1,3,0.5566667,3,53,0,11,19.166666,28
3280,2011,8,28,9.333333,24,1,3,0.42,4,26,0,11.666667,23.333334,41
3280,2011,9,41,8.2,24,1,5,0.666,28,3,0,24.333334,25.833334,28
3280,2011,10,28,5.6,24,1,5,0.748,41,4,0,32.333332,21.666666,54
3280,2011,11,54,18,25,5,3,0.625,28,28,0,41,26.333334,29
3283,2011,1,466,29.125,222,1,16,4.0690627,207,0,0,336.5,336.5,254
3283,2011,2,254,21.166666,86,1,12,4.1934724,466,0,0,309,309,88
3283,2011,3,88,5.5,12,1,16,4.365625,254,207,0,269.33334,253.75,208
3283,2011,4,208,16,74,1,13,4.41,88,466,0,183.33333,244.6,92
3283,2011,5,92,6.571429,29,1,14,4.5935717,208,254,0,129.33333,219.16667,125
3283,2011,6,125,9.615385,76,1,13,4.453077,92,88,0,141.66667,205.5,304
3283,2011,7,304,25.333334,74,1,12,4.4806666,125,208,0,173.66667,178.5,90
3283,2011,8,90,10,74,1,9,5.5077777,304,92,0,173,151.16667,198
3283,2011,9,198,16.5,76,1,12,4.2725,90,125,0,197.33333,169.5,117
3283,2011,10,117,9,32,1,13,4.786923,198,304,0,135,154.33333,266
3283,2011,11,266,14.777778,149,1,18,4.9092593,117,90,0,193.66667,183.33333,158
3285,2011,1,888,46.736843,294,1,19,4.098842,253,0,0,570.5,570.5,445
3285,2011,2,445,27.8125,76,1,16,4.085104,888,0,0,528.6667,528.6667,340
3285,2011,3,340,18.88889,86,2,18,4.238333,445,253,0,557.6667,481.5,410
3285,2011,4,410,31.538462,294,1,13,4.260513,340,888,0,398.33334,467.2,118
3285,2011,5,118,7.866667,24,1,15,4.426,410,445,0,289.33334,409,84
3285,2011,6,84,5.25,15,1,16,4.624375,118,340,0,204,380.83334,316
3285,2011,7,316,19.75,73,3,16,4.475625,84,410,0,172.66667,285.5,230
3285,2011,8,230,13.529411,76,1,17,4.8321567,316,118,0,210,249.66667,365
3285,2011,9,365,22.8125,78,1,16,4.204375,230,84,0,303.66666,253.83333,272
3285,2011,10,272,16,96,2,17,4.408804,365,316,0,289,230.83333,396
3285,2011,11,396,19.8,150,1,20,4.79275,272,230,0,344.33334,277.16666,97
3287,2011,1,682,34.1,366,1,20,3.7365,183,0,0,432.5,432.5,262
3287,2011,2,262,15.411765,76,2,17,4.0111766,682,0,0,375.66666,375.66666,41
3287,2011,3,41,5.125,12,2,8,4.15,262,183,0,328.33334,292,161
3287,2011,4,161,14.636364,75,1,11,4.890606,41,682,0,154.66667,265.8,327
3287,2011,5,327,19.235294,76,2,17,4.172353,161,262,0,176.33333,276,94
3287,2011,6,94,6.714286,17,1,14,4.2485714,327,41,0,194,261.16666,631
3287,2011,7,631,35.055557,360,1,18,4.3133335,94,161,0,350.66666,252.66667,178
3287,2011,8,178,11.866667,72,1,15,4.6753335,631,327,0,301,238.66667,229
3287,2011,9,229,15.266666,72,1,15,4.372667,178,94,0,346,270,280
3287,2011,10,280,14.736842,102,1,19,4.3573685,229,631,0,229,289.83334,614
3287,2011,11,614,29.238094,290,1,21,4.86127,280,178,0,374.33334,337.66666,102
3288,2011,1,1,1,1,1,1,8.29,20,0,0,10.5,10.5,18
3288,2011,2,18,3.6,5,2,5,8.29,1,0,0,13,13,36
3288,2011,3,36,5.142857,10,3,7,8.29,18,20,0,18.333334,18.75,17
3288,2011,4,17,3.4,4,2,5,8.29,36,1,0,23.666666,18.4,34
3288,2011,5,34,5.6666665,11,1,6,8.29,17,18,0,29,21,28
3288,2011,6,28,4.6666665,9,1,6,8.29,34,36,0,26.333334,22.333334,11
3288,2011,7,11,2.75,4,1,4,8.29,28,17,0,24.333334,24,11
3288,2011,8,11,2.75,6,1,4,8.29,11,34,0,16.666666,22.833334,27
3288,2011,9,27,3.375,5,1,8,8.5925,11,28,0,16.333334,21.333334,33
3288,2011,10,33,4.125,7,2,8,8.5925,27,11,0,23.666666,24,75
3288,2011,11,75,7.5,15,2,10,8.29,33,11,0,45,30.833334,8
3289,2011,1,804,38.285713,360,1,21,3.8920634,252,0,0,528,528,466
3289,2011,2,466,23.3,92,1,20,4.1823335,804,0,0,507.33334,507.33334,187
3289,2011,3,187,9.842105,76,1,19,4.267807,466,252,0,485.66666,427.25,197
3289,2011,4,197,12.3125,80,2,16,4.5310416,187,804,0,283.33334,381.2,151
3289,2011,5,151,7.55,22,2,20,4.219,197,466,0,178.33333,342.83334,281
3289,2011,6,281,14.05,73,1,20,4.4305,151,187,0,209.66667,347.66666,765
3289,2011,7,765,38.25,360,1,20,4.435233,281,197,0,399,341.16666,250
3289,2011,8,250,13.157895,72,1,19,4.4557896,765,151,0,432,305.16666,461
3289,2011,9,461,21.952381,148,1,21,4.4606347,250,281,0,492,350.83334,456
3289,2011,10,456,20.727272,83,1,22,4.3416667,461,765,0,389,394,705
3289,2011,11,705,33.57143,444,1,21,4.8071747,456,250,0,540.6667,486.33334,130
3293,2011,1,156,12,96,1,13,6.6342306,73,0,0,114.5,114.5,47
3293,2011,2,47,4.2727275,9,1,11,6.541818,156,0,0,92,92,32
3293,2011,3,32,3.2,6,1,10,6.601,47,73,0,78.333336,77,22
3293,2011,4,22,2.4444444,5,1,9,5.95,32,156,0,33.666668,66,85
3293,2011,5,85,10.625,48,1,8,6.91,22,47,0,46.333332,69.166664,28
3293,2011,6,28,2.3333333,7,1,12,6.22125,85,32,0,45,61.666668,218
3293,2011,7,218,11.473684,55,1,19,5.853509,28,22,0,110.333336,72,70
3293,2011,8,70,4.6666665,10,1,15,6.384,218,85,0,105.333336,75.833336,136
3293,2011,9,136,6.181818,22,1,22,6.319886,70,28,0,141.33333,93.166664,171
3293,2011,10,171,9.5,53,1,18,6.3025,136,218,0,125.666664,118,122
3293,2011,11,122,6.1,51,1,20,6.793,171,70,0,143,124.166664,4
3295,2011,1,178,12.714286,96,1,14,6.774464,84,0,0,131,131,117
3295,2011,2,117,7.8,49,1,15,6.3506665,178,0,0,126.333336,126.333336,152
3295,2011,3,152,10.857142,96,1,14,6.5760713,117,84,0,149,132.75,44
3295,2011,4,44,3.142857,9,1,14,6.88,152,178,0,104.333336,115,157
3295,2011,5,157,13.083333,57,1,12,7.160278,44,117,0,117.666664,122,41
3295,2011,6,41,3.7272727,9,2,11,6.450909,157,152,0,80.666664,114.833336,251
3295,2011,7,251,14.764706,105,1,17,6.1120586,41,44,0,149.66667,127,75
3295,2011,8,75,4.6875,12,1,16,7.170625,251,157,0,122.333336,120,180
3295,2011,9,180,8.181818,36,1,22,6.3938637,75,41,0,168.66667,124.666664,413
3295,2011,10,413,20.65,151,1,20,6.4512916,180,251,0,222.66667,186.16667,156
3295,2011,11,156,8.210526,52,1,19,6.6397367,413,75,0,249.66667,186,67
3296,2011,1,25,5,6,1,5,2.532,161,0,0,93,93,26
3296,2011,2,26,5.2,16,1,5,2.505,25,0,0,70.666664,70.666664,35
3296,2011,3,35,4.375,12,1,8,2.51625,26,161,0,28.666666,61.75,68
3296,2011,4,68,11.333333,30,1,6,2.045,35,25,0,43,63,119
3296,2011,5,119,14.875,48,1,8,1.5775,68,26,0,74,72.333336,227
3296,2011,6,227,20.636364,48,1,11,1.3904545,119,35,0,138,83.333336,267
3296,2011,7,267,24.272728,48,2,11,0.89681816,227,68,0,204.33333,123.666664,171
3296,2011,8,171,24.428572,50,1,7,0.9085714,267,119,0,221.66667,147.83333,387
3296,2011,9,387,29.76923,72,1,13,0.8588461,171,227,0,275,206.5,318
3296,2011,10,318,35.333332,144,1,9,0.8511111,387,267,0,292,248.16667,350
3296,2011,11,350,19.444445,48,1,18,0.8175926,318,171,0,351.66666,286.66666,28
3321,2011,1,1,1,1,1,1,4.13,54,0,0,27.5,27.5,62
3321,2011,2,62,15.5,54,1,4,3.115,1,0,0,39,39,3
3321,2011,3,3,1.5,2,1,2,3.115,62,54,0,22,30,7
3321,2011,4,7,3.5,6,1,2,2.1,3,1,0,24,25.4,24
3321,2011,5,24,24,24,24,1,0.65,7,62,0,11.333333,25.166666,41
3321,2011,6,41,4.5555553,13,1,9,1.14,24,3,0,24,23,64
3321,2011,7,64,7.111111,14,1,9,1.0855556,41,7,0,43,33.5,64
3321,2011,8,64,4.923077,16,1,13,1.0646154,64,24,0,56.333332,33.833332,162
3321,2011,9,162,10.8,64,1,15,1.1182222,64,41,0,96.666664,60.333332,86
3321,2011,10,86,5.0588236,20,1,17,1.0439216,162,64,0,104,73.5,75
3321,2011,11,75,4.6875,14,1,16,0.95625,86,64,0,107.666664,82,42
3339,2011,1,74,4.625,20,1,16,2.5465624,194,0,0,134,134,47
3339,2011,2,47,4.2727275,12,1,11,2.2472727,74,0,0,105,105,50
3339,2011,3,50,5,24,1,10,2.5665,47,194,0,57,91.25,14
3339,2011,4,14,7,12,2,2,2.1,50,74,0,37,75.8,13
3339,2011,5,13,4.3333335,6,1,3,2.7766666,14,47,0,25.666666,65.333336,20
3339,2011,6,20,5,6,2,4,2.1,13,50,0,15.666667,36.333332,6
3339,2011,7,6,3,4,2,2,2.1,20,14,0,13,25,51
3339,2011,8,51,12.75,24,3,4,2.0375,6,13,0,25.666666,25.666666,19
3339,2011,9,19,2.375,6,1,8,2.83,51,20,0,25.333334,20.5,96
3339,2011,10,96,10.666667,60,1,9,2.7627778,19,6,0,55.333332,34.166668,350
3339,2011,11,350,25,199,1,14,2.4959524,96,51,0,155,90.333336,131
3341,2011,1,109,7.785714,48,1,14,1.6292857,43,0,0,76,76,44
3341,2011,2,44,4.4,12,1,10,1.638,109,0,0,65.333336,65.333336,23
3341,2011,3,23,3.2857144,14,1,7,1.6314286,44,43,0,58.666668,54.75,7
3341,2011,4,7,1.75,3,1,4,1.635,23,109,0,24.666666,45.2,149
3341,2011,5,149,24.833334,96,1,6,1.3983333,7,44,0,59.666668,62.5,36
3341,2011,6,36,5.142857,14,1,7,1.6385714,149,23,0,64,61.333332,28
3341,2011,7,28,2.5454545,6,1,11,1.63,36,7,0,71,47.833332,18
3341,2011,8,18,3,10,1,6,1.63,28,149,0,27.333334,43.5,30
3341,2011,9,30,2.7272727,10,1,11,1.6318182,18,36,0,25.333334,44.666668,143
3341,2011,10,143,13,49,1,11,1.6254545,30,28,0,63.666668,67.333336,51
3341,2011,11,51,3.1875,8,1,16,1.635,143,18,0,74.666664,51,25
3342,2011,1,95,9.5,33,1,10,1.6433333,44,0,0,69.5,69.5,29
3342,2011,2,29,4.142857,16,1,7,1.6414286,95,0,0,56,56,22
3342,2011,3,22,3.142857,10,1,7,1.6371429,29,44,0,48.666668,47.5,129
3342,2011,4,129,18.428572,96,1,7,1.6395239,22,95,0,60,63.8,179
3342,2011,5,179,19.88889,96,1,9,1.4925926,129,29,0,110,83,49
3342,2011,6,49,4.0833335,19,1,12,1.63875,179,22,0,119,83.833336,42
3342,2011,7,42,4.6666665,14,1,9,1.5877777,49,129,0,90,75,23
3342,2011,8,23,7.6666665,16,3,3,1.63,42,179,0,38,74,32
3342,2011,9,32,2.6666667,5,1,12,1.6338888,23,49,0,32.333332,75.666664,82
3342,2011,10,82,9.111111,49,1,9,1.6240741,32,42,0,45.666668,67.833336,52
3342,2011,11,52,3.7142856,13,1,14,1.637381,82,23,0,55.333332,46.666668,28
3345,2011,1,58,4.4615383,13,1,13,2.096923,14,0,0,36,36,98
3345,2011,2,98,7,20,1,14,1.7671429,58,0,0,56.666668,56.666668,94
3345,2011,3,94,6.714286,19,1,14,1.8842857,98,14,0,83.333336,66,69
3345,2011,4,69,5.75,13,1,12,1.65,94,58,0,87,66.6,95
3345,2011,5,95,9.5,48,1,10,2.142,69,98,0,86,71.333336,158
3345,2011,6,158,13.166667,45,1,12,2.3788888,95,94,0,107.333336,95.333336,8
3345,2011,7,8,1.6,4,1,5,1.978,158,69,0,87,87,19
3345,2011,8,19,9.5,12,7,2,2.47,8,95,0,61.666668,73.833336,55
3345,2011,9,55,4.5833335,12,1,12,2.06,19,158,0,27.333334,67.333336,74
3345,2011,10,74,8.222222,24,1,9,2.0144444,55,8,0,49.333332,68.166664,126
3345,2011,11,126,12.6,54,1,10,1.8346666,74,19,0,85,73.333336,22
3351,2011,1,5,1.25,2,1,4,2.17,260,0,0,132.5,132.5,11
3351,2011,2,11,1.8333334,3,1,6,1.6533333,5,0,0,92,92,6
3351,2011,3,6,3,5,1,2,1.855,11,260,0,7.3333335,70.5,2
3351,2011,4,2,2,2,2,1,1.25,6,5,0,6.3333335,56.8,4
3351,2011,5,4,2,3,1,2,1.855,2,11,0,4,48,301
3351,2011,6,301,43,288,1,7,1.3957143,4,6,0,102.333336,54.833332,66
3351,2011,7,66,7.3333335,26,1,9,1.4740741,301,2,0,123.666664,65,138
3351,2011,8,138,13.8,46,1,10,1.3105,66,4,0,168.33333,86.166664,380
3351,2011,9,380,20,48,1,19,1.3391579,138,301,0,194.66667,148.5,843
3351,2011,10,843,36.652172,144,1,23,1.3925507,380,66,0,453.66666,288.66666,846
3351,2011,11,846,33.84,161,1,25,1.6176645,843,138,0,689.6667,429,143
3355,2011,1,219,19.90909,148,1,11,1.3513637,70,0,0,144.5,144.5,89
3355,2011,2,89,7.4166665,18,1,12,1.25,219,0,0,126,126,126
3355,2011,3,126,7.875,32,1,16,1.40125,89,70,0,144.66667,126,64
3355,2011,4,64,6.4,15,1,10,1.4315,126,219,0,93,113.6,90
3355,2011,5,90,7.5,20,1,12,1.25,64,89,0,93.333336,109.666664,95
3355,2011,6,95,6.785714,15,1,14,1.3364285,90,126,0,83,113.833336,36
3355,2011,7,36,4,12,1,9,1.3844445,95,64,0,73.666664,83.333336,111
3355,2011,8,111,7.4,16,1,15,1.25,36,90,0,80.666664,87,113
3355,2011,9,113,8.071428,53,1,14,1.3364285,111,95,0,86.666664,84.833336,102
3355,2011,10,102,6.8,15,1,15,1.371,113,36,0,108.666664,91.166664,83
3355,2011,11,83,6.3846154,14,1,13,1.5292307,102,111,0,99.333336,90,19
3359,2011,1,97,7.4615383,36,1,13,1.5976923,366,0,0,231.5,231.5,59
3359,2011,2,59,6.5555553,16,1,9,1.25,97,0,0,174,174,75
3359,2011,3,75,5.769231,14,1,13,1.4361539,59,366,0,77,149.25,40
3359,2011,4,40,4.4444447,12,1,9,1.3844445,75,97,0,58,127.4,101
3359,2011,5,101,8.416667,24,1,12,1.371,40,59,0,72,123,85
3359,2011,6,85,8.5,22,1,10,1.371,101,75,0,75.333336,76.166664,120
3359,2011,7,120,7.5,37,1,16,1.4642708,85,40,0,102,80,402
3359,2011,8,402,25.125,168,1,16,1.281875,120,101,0,202.33333,137.16667,419
3359,2011,9,419,19.045454,87,1,22,1.5158334,402,85,0,313.66666,194.5,617
3359,2011,10,617,25.708334,108,2,24,1.4987222,419,120,0,479.33334,290.66666,421
3359,2011,11,421,17.541666,42,4,24,1.5810695,617,402,0,485.66666,344,64
3362,2011,1,277,23.083334,144,2,12,1.3622917,69,0,0,173,173,64
3362,2011,2,64,5.3333335,12,1,12,1.3844445,277,0,0,136.66667,136.66667,120
3362,2011,3,120,9.230769,26,1,13,1.2810256,64,69,0,153.66667,132.5,97
3362,2011,4,97,8.083333,18,1,12,1.3004167,120,277,0,93.666664,125.4,220
3362,2011,5,220,24.444445,161,1,9,1.3802222,97,64,0,145.66667,141.16667,44
3362,2011,6,44,6.285714,16,1,7,1.4228572,220,120,0,120.333336,137,101
3362,2011,7,101,6.733333,17,1,15,1.3978889,44,97,0,121.666664,107.666664,121
3362,2011,8,121,9.307693,24,2,13,1.343077,101,220,0,88.666664,117.166664,120
3362,2011,9,120,9.230769,24,1,13,1.4361539,121,44,0,114,117.166664,236
3362,2011,10,236,14.75,61,1,16,1.4516667,120,101,0,159,140.33333,84
3362,2011,11,84,5.6,14,1,15,1.6735,236,121,0,146.66667,117.666664,62
3363,2011,1,242,16.133333,45,4,15,0.88133335,26,0,0,134,134,46
3363,2011,2,46,5.111111,12,1,9,1.3844445,242,0,0,104.666664,104.666664,50
3363,2011,3,50,8.333333,12,1,6,1.25,46,26,0,112.666664,91,6
3363,2011,4,6,3,4,2,2,1.25,50,242,0,34,74,38
3363,2011,5,38,9.5,13,1,4,1.40125,6,46,0,31.333334,68,8
3363,2011,6,8,2,3,1,4,1.5525,38,50,0,17.333334,65,44
3363,2011,7,44,5.5,13,1,8,1.779375,8,6,0,30,32,48
3363,2011,8,48,6.857143,17,1,7,1.13,44,38,0,33.333332,32.333332,70
3363,2011,9,70,3.8888888,15,1,18,0.91555554,48,8,0,54,35.666668,107
3363,2011,10,107,5.35,23,1,20,1.0076667,70,44,0,75,52.5,123
3363,2011,11,123,6.4736843,25,1,19,0.89410526,107,48,0,100,66.666664,41
3364,2011,1,29,2.0714285,4,1,14,3.3639286,11,0,0,20,20,95
3364,2011,2,95,5.5882354,15,1,17,2.8164706,29,0,0,45,45,163
3364,2011,3,163,7.7619047,58,1,21,2.4479365,95,11,0,95.666664,74.5,73
3364,2011,4,73,7.3,18,1,10,2.5398333,163,29,0,110.333336,74.2,112
3364,2011,5,112,8.615385,19,1,13,2.4903846,73,95,0,116,80.5,103
3364,2011,6,103,7.357143,31,1,14,2.2933333,112,163,0,96,95.833336,107
3364,2011,7,107,7.642857,48,1,14,2.6939285,103,73,0,107.333336,108.833336,95
3364,2011,8,95,8.636364,18,1,11,2.5921211,107,112,0,101.666664,108.833336,254
3364,2011,9,254,12.095238,62,1,21,2.3817062,95,103,0,152,124,249
3364,2011,10,249,13.833333,66,1,18,2.4115741,254,107,0,199.33333,153.33333,256
3364,2011,11,256,11.636364,52,1,22,2.8473182,249,95,0,253,177.33333,154
3367,2011,1,193,12.0625,20,2,16,2.6330729,35,0,0,114,114,11
3367,2011,2,11,1.5714285,5,1,7,4.81,193,0,0,79.666664,79.666664,11
3367,2011,3,11,2.2,4,1,5,5.234,11,35,0,71.666664,62.5,21
3367,2011,4,21,3.5,9,1,6,4.9866667,11,193,0,14.333333,54.2,24
3367,2011,5,24,3,5,1,8,4.21375,21,11,0,18.666666,49.166668,14
3367,2011,6,14,1.75,4,1,8,5.14125,24,11,0,19.666666,45.666668,21
3367,2011,7,21,3,6,1,7,4.81,14,21,0,19.666666,17,21
3367,2011,8,21,2.625,5,1,8,4.6775,21,24,0,18.666666,18.666666,12
3367,2011,9,12,2.4,5,1,5,4.492,21,14,0,18,18.833334,16
3367,2011,10,16,2.2857144,4,1,7,5.34,12,21,0,16.333334,18,28
3367,2011,11,28,2.8,8,1,10,4.6775,16,21,0,18.666666,18.666666,4
3368,2011,1,171,13.153846,48,1,13,1.208077,151,0,0,161,161,182
3368,2011,2,182,18.2,73,1,10,1.149,171,0,0,168,168,186
3368,2011,3,186,14.307693,42,1,13,1.26,182,151,0,179.66667,172.5,191
3368,2011,4,191,21.222221,48,1,9,1.1416667,186,171,0,186.33333,176.2,48
3368,2011,5,48,9.6,24,1,5,1.162,191,182,0,141.66667,154.83333,23
3368,2011,6,23,3.2857144,6,1,7,1.2957143,48,186,0,87.333336,133.5,93
3368,2011,7,93,9.3,28,1,10,0.9955,23,191,0,54.666668,120.5,148
3368,2011,8,148,16.444445,24,1,9,0.93666667,93,48,0,88,114.833336,462
3368,2011,9,462,38.5,290,1,12,1.13375,148,23,0,234.33333,160.83333,219
3368,2011,10,219,19.90909,51,1,11,1.0177273,462,93,0,276.33334,165.5,213
3368,2011,11,213,15.214286,26,1,14,1.045,219,148,0,298,193,77
3369,2011,1,151,13.727273,51,2,11,1.7666667,126,0,0,138.5,138.5,154
3369,2011,2,154,12.833333,60,2,12,1.6416667,151,0,0,143.66667,143.66667,141
3369,2011,3,141,10.071428,28,1,14,1.7946428,154,126,0,148.66667,143,78
3369,2011,4,78,9.75,24,3,8,1.88625,141,151,0,124.333336,130,228
3369,2011,5,228,15.2,49,1,15,1.819,78,154,0,149,146.33333,114
3369,2011,6,114,10.363636,22,1,11,1.834091,228,141,0,140,144.33333,65
3369,2011,7,65,8.125,18,1,8,1.75125,114,78,0,135.66667,130,178
3369,2011,8,178,16.181818,60,6,11,1.7145455,65,228,0,119,134,30
3369,2011,9,30,6,6,6,5,1.65,178,114,0,91,115.5,76
3369,2011,10,76,9.5,25,1,8,1.903125,30,65,0,94.666664,115.166664,105
3369,2011,11,105,10.5,27,2,10,1.7715,76,178,0,70.333336,94.666664,28
3371,2011,1,161,7.6666665,31,1,21,13.855714,76,0,0,118.5,118.5,68
3371,2011,2,68,3.090909,8,1,22,15.155,161,0,0,101.666664,101.666664,260
3371,2011,3,260,12.380953,167,1,21,16.123777,68,76,0,163,141.25,106
3371,2011,4,106,5.3,18,1,20,13.4376,260,161,0,144.66667,134.2,115
3371,2011,5,115,5.75,18,2,20,13.264625,106,68,0,160.33333,131,77
3371,2011,6,77,4.529412,9,2,17,13.369265,115,260,0,99.333336,131.16667,92
3371,2011,7,92,5.75,12,1,16,14.01375,77,106,0,94.666664,119.666664,118
3371,2011,8,118,5.3636365,35,1,22,13.350682,92,115,0,95.666664,128,226
3371,2011,9,226,13.294118,62,1,17,14.256294,118,77,0,145.33333,122.333336,90
3371,2011,10,90,4.736842,18,1,19,13.666579,226,92,0,144.66667,119.666664,274
3371,2011,11,274,10.96,105,1,25,13.84066,90,118,0,196.66667,146.16667,130
3385,2011,1,59,4.214286,19,1,14,0.9945238,11,0,0,35,35,12
3385,2011,2,12,12,12,12,1,1.25,59,0,0,27.333334,27.333334,213
3385,2011,3,213,17.75,107,1,12,0.55,12,11,0,94.666664,73.75,102
3385,2011,4,102,11.333333,50,1,9,0.7131746,213,59,0,109,79.4,4
3385,2011,5,4,2,2,2,2,0.83,102,12,0,106.333336,66.833336,8
3385,2011,6,8,4,5,3,2,0.83,4,213,0,38,66.333336,6
3385,2011,7,6,3,4,2,2,0.51,8,102,0,6,57.5,38
3385,2011,8,38,19,36,2,2,0.51,6,4,0,17.333334,61.833332,1
3385,2011,9,1,1,1,1,1,0.83,38,8,0,15,26.5,71
3385,2011,10,71,14.2,48,1,5,0.318,1,6,0,36.666668,21.333334,105
3385,2011,11,105,11.666667,50,1,9,0.33222222,71,38,0,59,38.166668,11
3388,2011,1,2747,119.434784,514,1,23,2.755102,2151,0,0,2449,2449,3080
3388,2011,2,3080,133.91304,426,6,23,2.3695307,2747,0,0,2659.3333,2659.3333,5280
3388,2011,3,5280,211.2,1246,10,25,2.456842,3080,2151,0,3702.3333,3314.5,2456
3388,2011,4,2456,116.95238,333,10,21,2.3343682,5280,2747,0,3605.3333,3142.8,3621
3388,2011,5,3621,144.84,396,3,25,2.360202,2456,3080,0,3785.6667,3222.5,3681
3388,2011,6,3681,141.57692,356,21,26,2.5093174,3621,5280,0,3252.6667,3477.5,3129
3388,2011,7,3129,120.34615,434,4,26,2.5020907,3681,2456,0,3477,3541.1667,5502
3388,2011,8,5502,211.61539,1068,11,26,2.2921722,3129,3621,0,4104,3944.8333,4401
3388,2011,9,4401,169.26923,493,3,26,2.3843336,5502,3681,0,4344,3798.3333,5412
3388,2011,10,5412,208.15384,1583,6,26,2.300817,4401,3129,0,5105,4291,5909
3388,2011,11,5909,227.26923,1074,28,26,2.364971,5412,5502,0,5240.6665,4672.3335,1105
3389,2011,1,880,40,200,1,22,2.7208939,917,0,0,898.5,898.5,829
3389,2011,2,829,39.47619,216,3,21,2.651135,880,0,0,875.3333,875.3333,1867
3389,2011,3,1867,71.80769,541,1,26,2.495847,829,917,0,1192,1123.25,698
3389,2011,4,698,36.736843,201,1,19,2.6309323,1867,880,0,1131.3334,1038.2,1215
3389,2011,5,1215,55.227272,140,2,22,2.3742309,698,829,0,1260,1067.6666,1088
3389,2011,6,1088,41.846153,219,2,26,2.3242245,1215,1867,0,1000.3333,1096.1666,831
3389,2011,7,831,33.24,150,2,25,2.5115,1088,698,0,1044.6666,1088,1059
3389,2011,8,1059,46.04348,222,3,23,2.4275,831,1215,0,992.6667,1126.3334,1581
3389,2011,9,1581,63.24,250,2,25,2.43141,1059,1088,0,1157,1078.6666,1117
3389,2011,10,1117,42.96154,210,1,26,2.5056539,1581,831,0,1252.3334,1148.5,1575
3389,2011,11,1575,60.576923,223,1,26,2.45695,1117,1059,0,1424.3334,1208.5,265
3391,2011,1,1407,63.954544,311,2,22,2.317212,454,0,0,930.5,930.5,1021
3391,2011,2,1021,53.736843,210,3,19,2.5184796,1407,0,0,960.6667,960.6667,3040
3391,2011,3,3040,121.6,936,2,25,2.1776867,1021,454,0,1822.6666,1480.5,548
3391,2011,4,548,45.666668,136,4,12,2.0390832,3040,1407,0,1536.3334,1294,1010
3391,2011,5,1010,59.411766,230,10,17,2.2309964,548,1021,0,1532.6666,1246.6666,2009
3391,2011,6,2009,80.36,412,3,25,2.3994467,1010,3040,0,1189,1505.8334,1120
3391,2011,7,1120,48.695652,336,1,23,2.4324856,2009,548,0,1379.6666,1458,2186
3391,2011,8,2186,87.44,720,2,25,2.3079276,1120,1010,0,1771.6666,1652.1666,1430
3391,2011,9,1430,59.583332,250,1,24,2.4793441,2186,2009,0,1578.6666,1383.8334,1836
3391,2011,10,1836,83.454544,831,1,22,2.5576363,1430,1120,0,1817.3334,1598.5,908
3391,2011,11,908,36.32,246,1,25,2.36678,1836,2186,0,1391.3334,1581.5,304
3399,2011,1,24,8,16,4,3,2.1966667,156,0,0,90,90,72
3399,2011,2,72,12,30,3,6,1.9233333,24,0,0,84,84,87
3399,2011,3,87,17.4,60,2,5,1.774,72,156,0,61,84.75,6
3399,2011,4,6,6,6,6,1,1.65,87,24,0,55,69,31
3399,2011,5,31,6.2,10,1,5,1.978,6,72,0,41.333332,62.666668,7
3399,2011,6,7,2.3333333,4,1,3,2.1966667,31,87,0,14.666667,37.833332,12
3399,2011,7,12,6,8,4,2,2.47,7,6,0,16.666666,35.833332,78
3399,2011,8,78,13,60,1,6,1.89,12,31,0,32.333332,36.833332,140
3399,2011,9,140,28,120,2,5,2.266,78,7,0,76.666664,45.666668,12
3399,2011,10,12,3,6,1,4,2.06,140,12,0,76.666664,46.666668,16
3399,2011,11,16,4,6,2,4,1.855,12,78,0,56,44.166668,8
3401,2011,1,3,1.5,2,1,2,3.325,81,0,0,42,42,39
3401,2011,2,39,5.571429,14,1,7,2.9385715,3,0,0,41,41,23
3401,2011,3,23,5.75,10,4,4,2.06,39,81,0,21.666666,36.5,88
3401,2011,4,88,17.6,60,6,5,1.61,23,3,0,50,46.8,23
3401,2011,5,23,4.6,8,1,5,1.978,88,39,0,44.666668,42.833332,8
3401,2011,6,8,2.6666667,5,1,3,2.7433333,23,23,0,39.666668,30.666666,23
3401,2011,7,23,4.6,8,1,5,2.142,8,88,0,18,34,17
3401,2011,8,17,4.25,6,3,4,1.65,23,23,0,16,30.333334,94
3401,2011,9,94,13.428572,60,2,7,1.6214286,17,8,0,44.666668,42.166668,33
3401,2011,10,33,4.714286,10,1,7,2.1185715,94,23,0,48,33,31
3401,2011,11,31,3.875,8,1,8,2.265,33,17,0,52.666668,34.333332,15
3402,2011,1,16,8,10,6,2,3.29,24,0,0,20,20,6
3402,2011,2,6,3,5,1,2,3.29,16,0,0,15.333333,15.333333,8
3402,2011,3,8,8,8,8,1,3.29,6,24,0,10,13.5,10
3402,2011,4,10,10,10,10,1,3.29,8,16,0,8,12.8,4
3402,2011,5,4,2,2,2,2,3.29,10,6,0,7.3333335,11.333333,2
3402,2011,6,2,2,2,2,1,3.29,4,8,0,5.3333335,7.6666665,15
3402,2011,7,15,5,8,1,3,3.29,2,10,0,7,7.5,24
3402,2011,8,24,6,17,1,4,3.29,15,4,0,13.666667,10.5,8
3402,2011,9,8,8,8,8,1,3.29,24,2,0,15.666667,10.5,12
3402,2011,10,12,4,6,2,3,3.29,8,15,0,14.666667,10.833333,26
3402,2011,11,26,5.2,8,2,5,3.29,12,24,0,15.333333,14.5,7
3409,2011,1,5533,230.54167,3114,8,24,3.1150835,3752,0,0,4642.5,4642.5,1877
3409,2011,2,1877,78.208336,222,6,24,3.1503808,5533,0,0,3720.6667,3720.6667,1998
3409,2011,3,1998,74,185,3,27,3.0878942,1877,3752,0,3136,3290,3843
3409,2011,4,3843,183,2102,8,21,3.0600765,1998,5533,0,2572.6667,3400.6,4006
3409,2011,5,4006,160.24,653,12,25,2.9709232,3843,1877,0,3282.3333,3501.5,1675
3409,2011,6,1675,64.42308,353,12,26,3.1572785,4006,1998,0,3174.6667,3155.3333,3009
3409,2011,7,3009,115.73077,786,5,26,3.2473145,1675,3843,0,2896.6667,2734.6667,2075
3409,2011,8,2075,79.80769,420,6,26,2.9712052,3009,4006,0,2253,2767.6667,2478
3409,2011,9,2478,95.30769,398,11,26,3.1778688,2075,1675,0,2520.6667,2847.6667,1689
3409,2011,10,1689,64.96154,243,13,26,3.2573278,2478,3009,0,2080.6667,2488.6667,4910
3409,2011,11,4910,188.84616,1265,8,26,3.15044,1689,2075,0,3025.6667,2639.3333,815
3414,2011,1,54,6.75,34,2,8,4.15875,15,0,0,34.5,34.5,16
3414,2011,2,16,2.6666667,6,1,6,6.62,54,0,0,28.333334,28.333334,18
3414,2011,3,18,4.5,6,2,4,7.455,16,15,0,29.333334,25.75,4
3414,2011,4,4,4,4,4,1,9.96,18,54,0,12.666667,21.4,4
3414,2011,5,4,4,4,4,1,9.96,4,16,0,8.666667,18.5,4
3414,2011,6,4,4,4,4,1,4.95,4,18,0,4,16.666666,10
3414,2011,7,10,5,8,2,2,6.82875,4,4,0,6,9.333333,4
3414,2011,8,4,4,4,4,1,9.96,10,4,0,6,7.3333335,23
3414,2011,9,23,7.6666665,20,1,3,6.62,4,4,0,12.333333,8.166667,8
3414,2011,10,8,4,6,2,2,7.455,23,10,0,11.666667,8.833333,25
3414,2011,11,25,3.125,6,2,8,8.08125,8,4,0,18.666666,12.333333,2
3421,2011,1,35,7,12,2,5,1.992,6,0,0,20.5,20.5,25
3421,2011,2,25,8.333333,12,1,3,1.65,35,0,0,22,22,20
3421,2011,3,20,2.857143,12,1,7,2.587143,25,6,0,26.666666,21.5,6
3421,2011,4,6,2,2,2,3,1.65,20,35,0,17,18.4,5
3421,2011,5,5,1.6666666,2,1,3,2.1966667,6,25,0,10.333333,16.166666,17
3421,2011,6,17,5.6666665,12,1,3,2.1966667,5,20,0,9.333333,18,283
3421,2011,7,283,28.3,168,1,10,1.04,17,6,0,101.666664,59.333332,125
3421,2011,8,125,17.857143,26,1,7,1.3257142,283,5,0,141.66667,76,10
3421,2011,9,10,3.3333333,6,2,3,0.79,125,17,0,139.33333,74.333336,22
3421,2011,10,22,5.5,9,3,4,0.79,10,283,0,52.333332,77,3
3421,2011,11,3,1.5,2,1,2,0.79,22,125,0,11.666667,76.666664,8
3423,2011,1,116,6.4444447,43,1,18,0.8611111,47,0,0,81.5,81.5,33
3423,2011,2,33,2.75,11,1,12,0.83,116,0,0,65.333336,65.333336,35
3423,2011,3,35,4.375,14,1,8,0.83,33,47,0,61.333332,57.75,22
3423,2011,4,22,3.6666667,14,1,6,0.83,35,116,0,30,50.6,19
3423,2011,5,19,2.375,9,1,8,0.83,22,33,0,25.333334,45.333332,49
3423,2011,6,49,4.0833335,16,1,12,0.83,19,35,0,30,45.666668,46
3423,2011,7,46,3.8333333,9,1,12,0.83,49,22,0,38,34,47
3423,2011,8,47,5.875,21,1,8,0.8825,46,19,0,47.333332,36.333332,66
3423,2011,9,66,8.25,34,2,8,0.83,47,49,0,53,41.5,34
3423,2011,10,34,4.857143,16,1,7,0.83,66,46,0,49,43.5,94
3423,2011,11,94,8.545455,43,1,11,0.83,34,47,0,64.666664,56,15
3425,2011,1,163,8.15,32,1,20,0.858,47,0,0,105,105,57
3425,2011,2,57,5.181818,15,1,11,0.83,163,0,0,89,89,67
3425,2011,3,67,5.5833335,23,1,12,0.83,57,47,0,95.666664,83.5,35
3425,2011,4,35,5,11,1,7,0.83,67,163,0,53,73.8,78
3425,2011,5,78,7.8,27,1,10,0.83,35,57,0,60,74.5,54
3425,2011,6,54,4.909091,15,1,11,0.83,78,67,0,55.666668,75.666664,83
3425,2011,7,83,5.928571,16,1,14,0.86,54,35,0,71.666664,62.333332,104
3425,2011,8,104,13,48,2,8,0.8825,83,78,0,80.333336,70.166664,72
3425,2011,9,72,10.285714,27,2,7,0.89,104,54,0,86.333336,71,41
3425,2011,10,41,5.125,12,1,8,0.83,72,83,0,72.333336,72,31
3425,2011,11,31,3.1,11,1,10,0.83,41,104,0,48,64.166664,18
3434,2011,1,4,1.3333334,2,1,3,7.95,42,0,0,23,23,1
3434,2011,2,1,1,1,1,1,7.95,4,0,0,15.666667,15.666667,1
3434,2011,3,1,1,1,1,1,7.95,1,42,0,2,12,4
3434,2011,4,4,1.3333334,2,1,3,7.95,1,4,0,2,10.4,5
3434,2011,5,5,1.25,2,1,4,8.035,4,1,0,3.3333333,9.5,4
3434,2011,6,4,1,1,1,4,7.95,5,1,0,4.3333335,3.1666667,5
3434,2011,7,5,1.6666666,2,1,3,7.95,4,4,0,4.6666665,3.3333333,2
3434,2011,8,2,2,2,2,1,7.95,5,5,0,3.6666667,3.5,13
3434,2011,9,13,3.25,4,1,4,7.95,2,4,0,6.6666665,5.5,10
3434,2011,10,10,2,4,1,5,7.95,13,5,0,8.333333,6.5,3
3434,2011,11,3,1.5,2,1,2,7.95,10,2,0,8.666667,6.1666665,12
3443,2011,1,209,11,52,1,19,2.2536843,719,0,0,464,464,532
3443,2011,2,532,26.6,120,1,20,2.3989084,209,0,0,486.66666,486.66666,619
3443,2011,3,619,25.791666,149,1,24,2.3915675,532,719,0,453.33334,519.75,406
3443,2011,4,406,27.066668,108,4,15,2.2611222,619,209,0,519,497,612
3443,2011,5,612,27.818182,144,1,22,2.1897802,406,532,0,545.6667,516.1667,691
3443,2011,6,691,27.64,291,1,25,2.3993733,612,619,0,569.6667,511.5,627
3443,2011,7,627,27.26087,99,2,23,2.4025073,691,406,0,643.3333,581.1667,234
3443,2011,8,234,46.8,157,1,5,2.621,627,612,0,517.3333,531.5,838
3443,2011,9,838,38.090908,158,2,22,2.2210605,234,691,0,566.3333,568,1317
3443,2011,10,1317,50.653847,385,1,26,2.3160896,838,627,0,796.3333,719.8333,574
3443,2011,11,574,33.764706,194,1,17,2.3413088,1317,234,0,909.6667,713.5,894
3444,2011,1,98,19.6,36,12,5,1.76,26,0,0,62,62,48
3444,2011,2,48,24,24,24,2,1.25,98,0,0,57.333332,57.333332,68
3444,2011,3,68,8.5,24,1,8,1.95,48,26,0,71.333336,60,37
3444,2011,4,37,12.333333,24,1,3,1.95,68,98,0,51,55.4,12
3444,2011,5,12,12,12,12,1,1.95,37,48,0,39,48.166668,59
3444,2011,6,59,9.833333,24,1,6,1.95,12,68,0,36,53.666668,32
3444,2011,7,32,10.666667,12,8,3,1.95,59,37,0,34.333332,42.666668,25
3444,2011,8,25,8.333333,12,1,3,1.95,32,12,0,38.666668,38.833332,5
3444,2011,9,5,5,5,5,1,1.95,25,59,0,20.666666,28.333334,12
3444,2011,10,12,12,12,12,1,1.95,5,32,0,14,24.166666,30
3444,2011,11,30,7.5,13,1,4,1.95,12,25,0,15.666667,27.166666,1
3454,2011,1,373,26.642857,130,1,14,0.8732143,190,0,0,281.5,281.5,30
3454,2011,2,30,7.5,12,1,4,1.25,373,0,0,197.66667,197.66667,34
3454,2011,3,34,8.5,12,4,4,1.25,30,190,0,145.66667,156.75,14
3454,2011,4,14,7,12,2,2,1.25,34,373,0,26,128.2,3
3454,2011,5,3,1,1,1,3,1.6533333,14,30,0,17,107.333336,3
3454,2011,6,3,3,3,3,1,1.25,3,34,0,6.6666665,76.166664,37
3454,2011,7,37,6.1666665,12,2,6,1.6533333,3,14,0,14.333333,20.166666,27
3454,2011,8,27,4.5,12,1,6,1.855,37,3,0,22.333334,19.666666,49
3454,2011,9,49,12.25,13,12,4,1.40125,27,3,0,37.666668,22.166666,11
3454,2011,10,11,2.75,4,2,4,1.5525,49,37,0,29,21.666666,36
3454,2011,11,36,6,13,1,6,1.6533333,11,27,0,32,27.166666,5
3460,2011,1,53,4.4166665,16,1,12,2.4388888,50,0,0,51.5,51.5,41
3460,2011,2,41,5.125,12,1,8,2.45125,53,0,0,48,48,8
3460,2011,3,8,2.6666667,6,1,3,3.4533334,41,50,0,34,38,11
3460,2011,4,11,5.5,10,1,2,2.1,8,53,0,20,32.6,85
3460,2011,5,85,28.333334,72,1,3,1.6833333,11,41,0,34.666668,41.333332,6
3460,2011,6,6,3,3,3,2,2.46,85,8,0,34,34,19
3460,2011,7,19,2.375,6,1,8,2.57875,6,11,0,36.666668,28.333334,26
3460,2011,8,26,5.2,12,1,5,2.912,19,85,0,17,25.833334,13
3460,2011,9,13,3.25,6,1,4,2.6075,26,6,0,19.333334,26.666666,9
3460,2011,10,9,4.5,6,3,2,3.115,13,19,0,16,26.333334,12
3460,2011,11,12,3,7,1,4,2.86125,9,26,0,11.333333,14.166667,2
3461,2011,1,92,6.571429,29,1,14,2.3940477,93,0,0,92.5,92.5,42
3461,2011,2,42,8.4,24,1,5,2.256,92,0,0,75.666664,75.666664,17
3461,2011,3,17,2.8333333,12,1,6,2.7766666,42,93,0,50.333332,61,35
3461,2011,4,35,8.75,24,1,4,2.505,17,92,0,31.333334,55.8,83
3461,2011,5,83,13.833333,72,1,6,2.5683334,35,42,0,45,60.333332,9
3461,2011,6,9,9,9,9,1,2.46,83,17,0,42.333332,46.333332,16
3461,2011,7,16,2,6,1,8,2.57875,9,35,0,36,33.666668,13
3461,2011,8,13,4.3333335,6,1,3,2.7766666,16,83,0,12.666667,28.833334,13
3461,2011,9,13,2.1666667,6,1,6,3.4533334,13,9,0,14,28.166666,12
3461,2011,10,12,2,6,1,6,3.115,13,16,0,12.666667,24.333334,17
3461,2011,11,17,1.7,4,1,10,3.115,12,13,0,14,13.333333,9
3462,2011,1,48,24,32,16,2,0.42,176,0,0,112,112,66
3462,2011,2,66,11,16,1,6,2.4266667,48,0,0,96.666664,96.666664,192
3462,2011,3,192,27.428572,48,16,7,0.42,66,176,0,102,120.5,16
3462,2011,4,16,16,16,16,1,0.42,192,48,0,91.333336,99.6,32
3462,2011,5,32,32,32,32,1,0.42,16,66,0,80,88.333336,96
3462,2011,6,96,24,32,16,4,0.42,32,192,0,48,75,32
3462,2011,7,32,16,16,16,2,0.42,96,16,0,53.333332,72.333336,48
3462,2011,8,48,24,32,16,2,0.42,32,32,0,58.666668,69.333336,16
3462,2011,9,16,16,16,16,1,0.42,48,96,0,32,40,112
3462,2011,10,112,22.4,32,16,5,0.42,16,32,0,58.666668,56,464
3462,2011,11,464,92.8,256,16,5,0.42,112,48,0,197.33333,128,48
3463,2011,1,119,9.153846,48,1,13,2.388077,83,0,0,101,101,23
3463,2011,2,23,5.75,8,1,4,2.55,119,0,0,75,75,19
3463,2011,3,19,19,19,19,1,3.755,23,83,0,53.666668,61,15
3463,2011,4,15,5,12,1,3,2.9516666,19,119,0,19,51.8,50
3463,2011,5,50,25,49,1,2,2.125,15,23,0,28,51.5,9
3463,2011,6,9,2.25,6,1,4,3.755,50,19,0,24.666666,39.166668,5
3463,2011,7,5,2.5,4,1,2,3.755,9,15,0,21.333334,20.166666,8
3463,2011,8,8,4,6,2,2,2.55,5,50,0,7.3333335,17.666666,29
3463,2011,9,29,4.142857,6,1,7,2.55,8,9,0,14,19.333334,58
3463,2011,10,58,8.285714,48,1,7,3.46,29,5,0,31.666666,26.5,17
3463,2011,11,17,1.5454545,6,1,11,3.8645453,58,8,0,34.666668,21,44
3464,2011,1,106,6.2352943,21,1,17,4.5270586,163,0,0,134.5,134.5,40
3464,2011,2,40,4.4444447,16,1,9,7.1433334,106,0,0,103,103,16
3464,2011,3,16,3.2,6,1,5,6.702,40,163,0,54,81.25,48
3464,2011,4,48,6,16,1,8,6.6875,16,106,0,34.666668,74.6,38
3464,2011,5,38,5.428571,17,1,7,5.734286,48,40,0,34,68.5,35
3464,2011,6,35,4.375,17,1,8,7.82625,38,16,0,40.333332,47.166668,3
3464,2011,7,3,1.5,2,1,2,7.87,35,48,0,25.333334,30,6
3464,2011,8,6,3,4,2,2,7.87,3,38,0,14.666667,24.333334,7
3464,2011,9,7,1.75,3,1,4,9.33,6,35,0,5.3333335,22.833334,10
3464,2011,10,10,1.4285715,3,1,7,9.1214285,7,3,0,7.6666665,16.5,133
3464,2011,11,133,6.65,38,1,20,8.3159,10,6,0,50,32.333332,12
3466,2011,1,30,3.75,12,1,8,1.29625,45,0,0,37.5,37.5,48
3466,2011,2,48,6,14,1,8,1.15875,30,0,0,41,41,88
3466,2011,3,88,12.571428,70,1,7,1.2957143,48,45,0,55.333332,52.75,61
3466,2011,4,61,7.625,14,1,8,1.045,88,30,0,65.666664,54.4,52
3466,2011,5,52,13,24,4,4,0.85,61,48,0,67,54,65
3466,2011,6,65,10.833333,18,1,6,0.885,52,88,0,59.333332,57.333332,88
3466,2011,7,88,6.285714,17,1,14,0.8575,65,61,0,68.333336,67,46
3466,2011,8,46,5.111111,13,1,9,1.1966667,88,52,0,66.333336,66.666664,154
3466,2011,9,154,15.4,52,1,10,1.149,46,65,0,96,77.666664,120
3466,2011,10,120,8,25,1,15,1.266,154,88,0,106.666664,87.5,76
3466,2011,11,76,5.428571,17,1,14,1.3885714,120,46,0,116.666664,91.5,45
3467,2011,1,16,8,10,6,2,0.85,125,0,0,70.5,70.5,325
3467,2011,2,325,65,288,1,5,0.808,16,0,0,155.33333,155.33333,56
3467,2011,3,56,14,24,8,4,0.85,325,125,0,132.33333,130.5,18
3467,2011,4,18,9,12,6,2,0.85,56,16,0,133,108,27
3467,2011,5,27,13.5,24,3,2,0.85,18,325,0,33.666668,94.5,43
3467,2011,6,43,7.1666665,13,1,6,1.025,27,56,0,29.333334,80.833336,16
3467,2011,7,16,3.2,6,1,5,0.79,43,18,0,28.666666,80.833336,19
3467,2011,8,19,6.3333335,12,1,3,1.11,16,27,0,26,29.833334,25
3467,2011,9,25,12.5,24,1,2,1.24,19,43,0,20,24.666666,101
3467,2011,10,101,14.428572,24,1,7,0.9614286,25,16,0,48.333332,38.5,34
3467,2011,11,34,3.4,12,1,10,1.045,101,19,0,53.333332,39.666668,8
3468,2011,1,294,32.666668,144,1,9,1.5244445,363,0,0,328.5,328.5,73
3468,2011,2,73,24.333334,60,1,3,1.25,294,0,0,243.33333,243.33333,224
3468,2011,3,224,20.363636,144,1,11,1.635,73,363,0,197,238.5,138
3468,2011,4,138,34.5,108,6,4,1.2,224,294,0,145,218.4,20
3468,2011,5,20,5,12,1,4,1.70375,138,73,0,127.333336,185.33333,328
3468,2011,6,328,65.6,288,1,5,0.986,20,224,0,162,179.5,107
3468,2011,7,107,9.727273,16,3,11,0.89454544,328,138,0,151.66667,148.33333,76
3468,2011,8,76,15.2,36,8,5,1.25,107,20,0,170.33333,148.83333,199
3468,2011,9,199,18.09091,48,1,11,1.4333333,76,328,0,127.333336,144.66667,267
3468,2011,10,267,26.7,144,1,10,1.5125,199,107,0,180.66667,166.16667,385
3468,2011,11,385,35,301,1,11,1.3845454,267,76,0,283.66666,227,45
3475,2011,1,62,12.4,48,1,5,4.798,57,0,0,59.5,59.5,48
3475,2011,2,48,48,48,48,1,1.25,62,0,0,55.666668,55.666668,3
3475,2011,3,3,1,1,1,3,6.2233334,48,57,0,37.666668,42.5,98
3475,2011,4,98,32.666668,49,1,3,2.8683333,3,62,0,49.666668,53.6,90
3475,2011,5,90,10,26,2,9,1.595,98,48,0,63.666668,59.666668,131
3475,2011,6,131,10.916667,36,1,12,1.3541666,90,3,0,106.333336,72,116
3475,2011,7,116,10.545455,28,1,11,1.25,131,98,0,112.333336,81,57
3475,2011,8,57,7.125,12,1,8,1.25,116,90,0,101.333336,82.5,91
3475,2011,9,91,13,48,1,7,1.25,57,131,0,88,97.166664,103
3475,2011,10,103,8.583333,24,1,12,1.7675,91,116,0,83.666664,98,128
3475,2011,11,128,8.533334,18,1,15,1.664,103,57,0,107.333336,104.333336,12
3477,2011,1,999,49.95,270,1,20,2.5542667,333,0,0,666,666,104
3477,2011,2,104,9.454545,48,1,11,3.81,999,0,0,478.66666,478.66666,10
3477,2011,3,10,2,5,1,5,3.518,104,333,0,371,361.5,22
3477,2011,4,22,3.6666667,12,1,6,3.66,10,999,0,45.333332,293.6,17
3477,2011,5,17,2.4285715,6,1,7,3.9642856,22,104,0,16.333334,247.5,6
3477,2011,6,6,1.2,2,1,5,4.086,17,10,0,15,193,54
3477,2011,7,54,6,24,1,9,4.483333,6,22,0,25.666666,35.5,17
3477,2011,8,17,2.4285715,6,1,7,3.5585713,54,17,0,25.666666,21,23
3477,2011,9,23,3.2857144,6,1,7,4.5728574,17,6,0,31.333334,23.166666,21
3477,2011,10,21,2.625,9,1,8,3.4825,23,54,0,20.333334,23,34
3477,2011,11,34,3.090909,7,1,11,3.0790908,21,17,0,26,25.833334,16
3491,2011,1,70,10,36,1,7,0.99285716,103,0,0,86.5,86.5,30
3491,2011,2,30,5,12,1,6,0.95,70,0,0,67.666664,67.666664,31
3491,2011,3,31,5.1666665,12,1,6,0.95,30,103,0,43.666668,58.5,86
3491,2011,4,86,10.75,38,1,8,0.895,31,70,0,49,64,23
3491,2011,5,23,3.8333333,12,1,6,0.85,86,30,0,46.666668,57.166668,26
3491,2011,6,26,5.2,14,1,5,0.89,23,31,0,45,44.333332,17
3491,2011,7,17,5.6666665,12,1,3,0.95,26,86,0,22,35.5,25
3491,2011,8,25,6.25,12,1,4,0.8,17,23,0,22.666666,34.666668,182
3491,2011,9,182,14,48,1,13,0.74230766,25,26,0,74.666664,59.833332,167
3491,2011,10,167,20.875,60,1,8,0.7625,182,17,0,124.666664,73.333336,157
3491,2011,11,157,17.444445,48,1,9,0.65,167,25,0,168.66667,95.666664,60
3492,2011,1,89,5.9333334,30,1,15,0.7416667,303,0,0,196,196,95
3492,2011,2,95,13.571428,50,2,7,0.6542857,89,0,0,162.33333,162.33333,114
3492,2011,3,114,8.769231,48,1,13,0.625,95,303,0,99.333336,150.25,44
3492,2011,4,44,4.4,10,1,10,0.5771667,114,89,0,84.333336,129,23
3492,2011,5,23,4.6,9,2,5,0.543,44,95,0,60.333332,111.333336,115
3492,2011,6,115,19.166666,72,2,6,0.5566667,23,114,0,60.666668,80,49
3492,2011,7,49,5.4444447,24,1,9,0.625,115,44,0,62.333332,73.333336,55
3492,2011,8,55,7.857143,24,2,7,0.49321428,49,23,0,73,66.666664,221
3492,2011,9,221,14.733334,35,1,15,0.52477777,55,115,0,108.333336,84.5,381
3492,2011,10,381,23.8125,72,1,16,0.5203646,221,49,0,219,140.66667,922
3492,2011,11,922,36.88,185,1,25,0.55408955,381,55,0,508,290.5,256
3495,2011,1,267,15.705882,49,1,17,0.445,18,0,0,142.5,142.5,120
3495,2011,2,120,12,50,2,10,0.568,267,0,0,135,135,91
3495,2011,3,91,7.5833335,24,1,12,0.55875,120,18,0,159.33333,124,192
3495,2011,4,192,16,96,1,12,0.6,91,267,0,134.33333,137.6,16
3495,2011,5,16,3.2,5,1,5,0.716,192,120,0,99.666664,117.333336,8
3495,2011,6,8,2,5,1,4,0.79,16,91,0,72,115.666664,23
3495,2011,7,23,5.75,14,1,4,0.46625,8,192,0,15.666667,75,9
3495,2011,8,9,4.5,5,4,2,0.605,23,16,0,13.333333,56.5,46
3495,2011,9,46,6.571429,24,1,7,0.57857144,9,8,0,26,49,30
3495,2011,10,30,7.5,25,1,4,0.74375,46,23,0,28.333334,22,52
3495,2011,11,52,7.428571,15,2,7,0.55214286,30,9,0,42.666668,28,24
3496,2011,1,88,9.777778,43,1,9,0.42222223,5,0,0,46.5,46.5,32
3496,2011,2,32,4.571429,10,2,7,0.42,88,0,0,41.666668,41.666668,29
3496,2011,3,29,2.9,7,1,10,0.42,32,5,0,49.666668,38.5,59
3496,2011,4,59,6.5555553,24,1,9,0.41333333,29,88,0,40,42.6,12
3496,2011,5,12,2.4,4,1,5,0.42,59,32,0,33.333332,37.5,605
3496,2011,6,605,100.833336,480,4,6,0.22,12,29,0,225.33333,137.5,36
3496,2011,7,36,6,10,1,6,0.17,605,59,0,217.66667,128.83333,128
3496,2011,8,128,18.285715,96,1,7,0.16285715,36,12,0,256.33334,144.83333,299
3496,2011,9,299,37.375,96,1,8,0.27,128,605,0,154.33333,189.83333,500
3496,2011,10,500,71.42857,193,1,7,0.26285714,299,36,0,309,263.33334,254
3496,2011,11,254,31.75,96,3,8,0.17625,500,128,0,351,303.66666,8
3502,2011,1,240,60,72,24,4,0.37,292,0,0,266,266,108
3502,2011,2,108,27,72,12,4,0.69,240,0,0,213.33333,213.33333,68
3502,2011,3,68,9.714286,24,2,7,1.0728571,108,292,0,138.66667,177,177
3502,2011,4,177,29.5,144,1,6,1.0033333,68,240,0,117.666664,177,144
3502,2011,5,144,144,144,144,1,0.21,177,108,0,129.66667,171.5,805
3502,2011,6,805,67.083336,504,1,12,0.29,144,68,0,375.33334,257,144
3502,2011,7,144,28.8,48,12,5,0.29,805,177,0,364.33334,241,159
3502,2011,8,159,17.666666,48,1,9,0.43888888,144,144,0,369.33334,249.5,181
3502,2011,9,181,25.857143,48,13,7,0.29,159,805,0,161.33333,268.33334,62
3502,2011,10,62,31,48,14,2,0.29,181,144,0,134,249.16667,72
3502,2011,11,72,12,12,12,6,0.40166667,62,159,0,105,237.16667,24
3509,2011,1,26,3.25,8,1,8,1.24375,126,0,0,76,76,152
3509,2011,2,152,16.88889,100,1,9,0.98,26,0,0,101.333336,101.333336,68
3509,2011,3,68,9.714286,14,3,7,0.85,152,126,0,82,93,49
3509,2011,4,49,12.25,13,12,4,0.9475,68,26,0,89.666664,84.2,153
3509,2011,5,153,19.125,120,1,8,1.045,49,152,0,90,95.666664,171
3509,2011,6,171,19,120,1,9,1.0866667,153,68,0,124.333336,103.166664,106
3509,2011,7,106,11.777778,24,1,9,1.0233333,171,49,0,143.33333,116.5,94
3509,2011,8,94,10.444445,24,2,9,1.0666667,106,153,0,123.666664,106.833336,76
3509,2011,9,76,7.6,18,1,10,1.006,94,171,0,92,108.166664,169
3509,2011,10,169,9.941176,39,1,17,1.0564706,76,106,0,113,128.16667,231
3509,2011,11,231,11,39,1,21,1.2022381,169,94,0,158.66667,141.16667,67
3516,2011,1,25,4.1666665,12,1,6,1.115,213,0,0,119,119,17
3516,2011,2,17,5.6666665,12,2,3,0.85,25,0,0,85,85,18
3516,2011,3,18,2.5714285,5,1,7,0.9614286,17,213,0,20,68.25,105
3516,2011,4,105,15,90,1,7,0.94285715,18,25,0,46.666668,75.6,4
3516,2011,5,4,1.3333334,2,1,3,1.37,105,17,0,42.333332,63.666668,37
3516,2011,6,37,9.25,12,1,4,1.045,4,18,0,48.666668,34.333332,22
3516,2011,7,22,4.4,12,1,5,1.006,37,105,0,21,33.833332,41
3516,2011,8,41,5.857143,12,2,7,0.85,22,4,0,33.333332,37.833332,138
3516,2011,9,138,11.5,36,1,12,1.0016667,41,37,0,67,57.833332,96
3516,2011,10,96,6.4,16,1,15,1.136,138,22,0,91.666664,56.333332,123
3516,2011,11,123,8.2,27,1,15,1.2053334,96,41,0,119,76.166664,29
3685,2011,1,24,2.6666667,6,1,9,2.4977777,10,0,0,17,17,3
3685,2011,2,3,1,1,1,3,2.46,24,0,0,12.333333,12.333333,11
3685,2011,3,11,1.8333334,4,1,6,2.46,3,10,0,12.666667,12,4
3685,2011,4,4,1,1,1,4,2.46,11,24,0,6,10.4,2
3685,2011,5,2,1,1,1,2,2.46,4,3,0,5.6666665,9,23
3685,2011,6,23,2.5555556,6,1,9,2.48,2,11,0,9.666667,11.166667,17
3685,2011,7,17,1.7,3,1,10,2.46,23,4,0,14,10,8
3685,2011,8,8,2,4,1,4,2.46,17,2,0,16,10.833333,4
3685,2011,9,4,1.3333334,2,1,3,2.46,8,23,0,9.666667,9.666667,2
3685,2011,10,2,1,1,1,2,2.46,4,17,0,4.6666665,9.333333,54
3685,2011,11,54,6.75,44,1,8,2.510625,2,8,0,20,18,5
3847,2011,1,2,1,1,1,2,4.195,14,0,0,8,8,6
3847,2011,2,6,2,3,1,3,4.1666665,2,0,0,7.3333335,7.3333335,1
3847,2011,3,1,1,1,1,1,4.15,6,14,0,3,5.75,1
3847,2011,4,1,1,1,1,1,4.15,1,2,0,2.6666667,4.8,8
3847,2011,5,8,2,3,1,4,4.2,1,6,0,3.3333333,5.3333335,5
3847,2011,6,5,1.6666666,3,1,3,4.1833334,8,1,0,4.6666665,3.8333333,2
3847,2011,7,2,1,1,1,2,4.15,5,1,0,5,3.8333333,5
3847,2011,8,5,2.5,3,2,2,4.25,2,8,0,4,3.6666667,2
3847,2011,9,2,1,1,1,2,4.2,5,5,0,3,3.8333333,3
3847,2011,10,3,1,1,1,3,4.2166667,2,2,0,3.3333333,4.1666665,7
3847,2011,11,7,1.1666666,2,1,6,4.1666665,3,5,0,4,4,22
3848,2011,1,1,1,1,1,1,4.24,16,0,0,8.5,8.5,7
3848,2011,2,7,1.75,3,1,4,4.2,1,0,0,8,8,4
3848,2011,3,4,2,3,1,2,4.2,7,16,0,4,7,3
3848,2011,4,3,3,3,3,1,4.25,4,1,0,4.6666665,6.2,14
3848,2011,5,14,2.8,6,1,5,4.21,3,7,0,7,7.5,6
3848,2011,6,6,6,6,6,1,4.25,14,4,0,7.6666665,5.8333335,9
3848,2011,7,9,2.25,6,1,4,4.175,6,3,0,9.666667,7.1666665,6
3848,2011,8,6,2,3,1,3,4.25,9,14,0,7,7,6
3848,2011,9,6,1,1,1,6,4.15,6,6,0,7,7.3333335,5
3848,2011,10,5,1.25,2,1,4,4.225,6,9,0,5.6666665,7.6666665,5
3848,2011,11,5,1,1,1,5,4.17,5,6,0,5.3333335,6.1666665,11
3850,2011,1,11,1.5714285,3,1,7,4.2014284,29,0,0,20,20,17
3850,2011,2,17,3.4,6,1,5,4.18,11,0,0,19,19,7
3850,2011,3,7,1.75,3,1,4,4.15,17,29,0,11.666667,16,4
3850,2011,4,4,2,2,2,2,4.2,7,11,0,9.333333,13.6,9
3850,2011,5,9,2.25,3,1,4,4.2,4,17,0,6.6666665,12.833333,10
3850,2011,6,10,3.3333333,6,1,3,4.2166667,9,7,0,7.6666665,9.666667,9
3850,2011,7,9,3,6,1,3,4.1833334,10,4,0,9.333333,9.333333,6
3850,2011,8,6,2,3,1,3,4.2166667,9,9,0,8.333333,7.5,5
3850,2011,9,5,1.25,2,1,4,4.175,6,10,0,6.6666665,7.1666665,34
3850,2011,10,34,4.857143,24,1,7,4.15,5,9,0,15,12.166667,14
3850,2011,11,14,1.5555556,4,1,9,4.15,34,6,0,17.666666,13,21
3855,2011,1,5,1.6666666,2,1,3,2.92,2,0,0,3.5,3.5,3
3855,2011,2,3,1,1,1,3,2.9,5,0,0,3.3333333,3.3333333,3
3855,2011,3,3,3,3,3,1,2.9,3,2,0,3.6666667,3.25,5
3855,2011,4,5,1.6666666,3,1,3,2.9166667,3,5,0,3.6666667,3.6,7
3855,2011,5,7,3.5,6,1,2,2.95,5,3,0,5,4.1666665,10
3855,2011,6,10,3.3333333,6,1,3,2.9333334,7,3,0,7.3333335,5.5,7
3855,2011,7,7,7,7,7,1,2.9,10,5,0,8,5.8333335,1
3855,2011,8,1,1,1,1,1,2.9,7,7,0,6,5.5,27
3855,2011,9,27,6.75,18,1,4,2.9375,1,10,0,11.666667,9.5,1
3855,2011,10,1,1,1,1,1,2.95,27,7,0,9.666667,8.833333,5
3855,2011,11,5,1,1,1,5,2.9,1,1,0,11,8.5,1
3877,2011,1,16,2.2857144,3,1,7,0.8385714,11,0,0,13.5,13.5,4
3877,2011,2,4,1,1,1,4,0.935,16,0,0,10.333333,10.333333,6
3877,2011,3,6,6,6,6,1,0.83,4,11,0,8.666667,9.25,3
3877,2011,4,3,1,1,1,3,0.97,6,16,0,4.3333335,8,5
3877,2011,5,5,1.6666666,3,1,3,0.97,3,4,0,4.6666665,7.5,11
3877,2011,6,11,2.75,8,1,4,0.9,5,6,0,6.3333335,7.5,19
3877,2011,7,19,3.1666667,6,1,6,0.97,11,3,0,11.666667,8,3
3877,2011,8,3,1.5,2,1,2,0.83,19,5,0,11,7.8333335,6
3877,2011,9,6,2,3,1,3,0.83,3,11,0,9.333333,7.8333335,5
3877,2011,10,5,1.25,2,1,4,0.935,6,19,0,4.6666665,8.166667,16
3877,2011,11,16,4,13,1,4,1.145,5,3,0,9,10,25
3880,2011,1,6,1.2,2,1,5,0.838,5,0,0,5.5,5.5,7
3880,2011,2,7,1.75,4,1,4,0.83,6,0,0,6,6,2
3880,2011,3,2,1,1,1,2,0.83,7,5,0,5,5,1
3880,2011,4,1,1,1,1,1,0.83,2,6,0,3.3333333,4.2,2
3880,2011,5,2,1,1,1,2,0.83,1,7,0,1.6666666,3.8333333,2
3880,2011,6,2,1,1,1,2,1.04,2,2,0,1.6666666,3.3333333,9
3880,2011,7,9,2.25,6,1,4,0.935,2,1,0,4.3333335,3.8333333,1
3880,2011,8,1,1,1,1,1,0.83,9,2,0,4,2.8333333,1
3880,2011,9,1,1,1,1,1,0.83,1,2,0,3.6666667,2.6666667,2
3880,2011,10,2,1,1,1,2,1.04,1,9,0,1.3333334,2.8333333,6
3880,2011,11,6,6,6,6,1,1.25,2,1,0,3,3.5,24
3883,2011,1,7,1.4,3,1,5,0.918,5,0,0,6,6,1
3883,2011,2,1,1,1,1,1,0.83,7,0,0,4.3333335,4.3333335,2
3883,2011,3,2,1,1,1,2,0.83,1,5,0,3.3333333,3.75,3
3883,2011,4,3,1.5,2,1,2,1.04,2,7,0,2,3.6,1
3883,2011,5,1,1,1,1,1,0.83,3,1,0,2,3.1666667,2
3883,2011,6,2,1,1,1,2,0.83,1,2,0,2,2.6666667,3
3883,2011,7,3,1,1,1,3,0.97,2,3,0,2,2,2
3883,2011,8,2,2,2,2,1,0.83,3,1,0,2.3333333,2.1666667,2
3883,2011,9,2,2,2,2,1,0.83,2,2,0,2.3333333,2.1666667,1
3883,2011,10,1,1,1,1,1,0.83,2,3,0,1.6666666,1.8333334,6
3883,2011,11,6,6,6,6,1,1.25,1,2,0,3,2.6666667,25
3887,2011,1,15,1.6666666,2,1,9,0.88555557,6,0,0,10.5,10.5,3
3887,2011,2,3,1,1,1,3,1.25,15,0,0,8,8,2
3887,2011,3,2,1,1,1,2,0.83,3,6,0,6.6666665,6.5,1
3887,2011,4,1,1,1,1,1,0.83,2,15,0,2,5.4,2
3887,2011,5,2,1,1,1,2,0.83,1,3,0,1.6666666,4.8333335,3
3887,2011,6,3,3,3,3,1,1.25,2,2,0,2,4.3333335,9
3887,2011,7,9,3,6,1,3,0.97,3,1,0,4.6666665,3.3333333,1
3887,2011,8,1,1,1,1,1,0.83,9,2,0,4.3333335,3,3
3887,2011,9,3,1,1,1,3,0.83,1,3,0,4.3333335,3.1666667,1
3887,2011,10,1,1,1,1,1,0.83,3,9,0,1.6666666,3.1666667,6
3887,2011,11,6,6,6,6,1,1.25,1,1,0,3.3333333,3.8333333,26
3904,2011,1,4,1,1,1,4,50,10,0,0,7,7,5
3904,2011,2,5,1,1,1,5,43,4,0,0,6.3333335,6.3333335,15
3904,2011,3,15,1.25,2,1,12,50,5,10,0,8,8.5,8
3904,2011,4,8,1.1428572,2,1,7,50,15,4,0,9.333333,8.4,10
3904,2011,5,10,1.4285715,3,1,7,47.714287,8,5,0,11,8.666667,12
3904,2011,6,12,1.2,2,1,10,45,10,15,0,10,9,11
3904,2011,7,11,1.5714285,2,1,7,50,12,8,0,11,10.166667,8
3904,2011,8,8,1.1428572,2,1,7,50,11,10,0,10.333333,10.666667,18
3904,2011,9,18,1.6363636,3,1,11,50,8,12,0,12.333333,11.166667,14
3904,2011,10,14,1.0769231,2,1,13,50,18,11,0,13.333333,12.166667,23
3904,2011,11,23,1.9166666,3,1,12,50,14,8,0,18.333334,14.333333,4
3912,2011,1,61,3.05,8,1,20,273.31036,54,0,0,57.5,57.5,59
3912,2011,2,59,2.95,8,1,20,169.65724,61,0,0,58,58,66
3912,2011,3,66,3.4736843,9,1,19,191.74403,59,54,0,62,60,47
3912,2011,4,47,3.6153846,13,1,13,185.76425,66,61,0,57.333332,57.4,66
3912,2011,5,66,3.4736843,21,1,19,157.28162,47,59,0,59.666668,58.833332,84
3912,2011,6,84,4.2,15,1,20,194.7747,66,66,0,65.666664,63.833332,80
3912,2011,7,80,4,14,1,20,196.87381,84,47,0,76.666664,67,36
3912,2011,8,36,2.4,15,1,15,486.11157,80,66,0,66.666664,63.166668,47
3912,2011,9,47,2.4736843,7,1,19,352.58743,36,84,0,54.333332,60,43
3912,2011,10,43,2.2631578,6,1,19,373.45596,47,80,0,42,59.333332,47
3912,2011,11,47,2.0434783,4,1,23,784.7316,43,36,0,45.666668,56.166668,16
3919,2011,1,41,2.9285715,12,1,14,5.7378573,201,0,0,121,121,86
3919,2011,2,86,8.6,25,1,10,64.639336,41,0,0,109.333336,109.333336,94
3919,2011,3,94,5.2222223,25,1,18,251.86157,86,201,0,73.666664,105.5,105
3919,2011,4,105,7.5,50,1,14,343.17487,94,41,0,95,105.4,24
3919,2011,5,24,2.1818182,4,1,11,180.64243,105,86,0,74.333336,91.833336,44
3919,2011,6,44,3.6666667,12,1,12,232.85208,24,94,0,57.666668,65.666664,104
3919,2011,7,104,8,40,1,13,147.93858,44,105,0,57.333332,76.166664,31
3919,2011,8,31,2.8181818,13,1,11,299.31046,104,24,0,59.666668,67,522
3919,2011,9,522,43.5,183,1,12,462.60208,31,44,0,219,138.33333,1262
3919,2011,10,1262,66.42105,745,1,19,361.01868,522,104,0,605,331.16666,3891
3919,2011,11,3891,243.1875,1686,1,16,51.465313,1262,31,0,1891.6666,975.6667,819
3921,2011,1,251,11.409091,27,4,22,21.869177,220,0,0,235.5,235.5,154
3921,2011,2,154,8.105263,18,1,19,21.593483,251,0,0,208.33333,208.33333,240
3921,2011,3,240,10,39,1,24,20.929678,154,220,0,215,216.25,135
3921,2011,4,135,7.5,19,1,18,34.142426,240,251,0,176.33333,200,243
3921,2011,5,243,9.72,20,1,25,87.176094,135,154,0,206,207.16667,242
3921,2011,6,242,10.083333,33,1,24,25.313938,243,240,0,206.66667,210.83333,206
3921,2011,7,206,8.583333,22,1,24,29.01,242,135,0,230.33333,203.33333,243
3921,2011,8,243,10.565217,22,2,23,22.307076,206,243,0,230.33333,218.16667,281
3921,2011,9,281,11.708333,30,2,24,22.108992,243,242,0,243.33333,225,349
3921,2011,10,349,15.863636,40,2,22,23.072376,281,206,0,291,260.66666,462
3921,2011,11,462,19.25,52,4,24,23.710423,349,243,0,364,297.16666,124
